excel_row,no_sap,vendor,status,proposed_final,match_vendor_id,match_method
2,2020010174,A. H. AL HADHY,PROPOSED,ELEKTRIKAL,2020010174,NO_SAP
3,2020008523,ABAD JAYA ABADI SENTOSA,PROPOSED,SAFETY / K3,2020008523,NO_SAP
4,2020000000,ABADI JAYA,PROPOSED,"BEKISTING / FORMWORK, BORED PILE / PONDASI, STRUKTUR BETON / CONCRETE, PEKERJAAN SIPIL STRUCTURE",2020000000,NO_SAP
5,2020000002,ABADI PERSADA,PROPOSED,"AGREGAT / BAHAN URUG, STRUKTUR BETON / CONCRETE, BAHAN BANGUNAN",2020000002,NO_SAP
6,2020004027,ABB SAKTI INDUSTRI,PROPOSED,ELEKTRIKAL,2020004027,NO_SAP
7,2020015046,"ABBEY INDRAJAYA SETIAWAN, S.E.",PROPOSED,"FAÇADE / ARSITEKTUR, FURNITURE PERMANEN ADM BLDG",2020015046,NO_SAP
8,2020015057,ABD.JALIL HI. MUMANG,PROPOSED,"SAFETY / K3, EQUIPMENT / RENTAL, BAHAN BANGUNAN",2020015057,NO_SAP
9,2020012932,ABDILLAH S.H.,PROPOSED,LEGAL / CORPORATE,2020012932,NO_SAP
10,2020011783,ABDUL KAHAR,PROPOSED,"STRUKTUR BETON / CONCRETE, FAÇADE / ARSITEKTUR, PEKERJAAN SIPIL STRUCTURE",2020011783,NO_SAP
11,2020014003,ABDUL KARIM,PROPOSED,"EQUIPMENT / RENTAL, LANDSCAPING",2020014003,NO_SAP
12,2020004037,"ABDUL LATIF,MANDOR",PROPOSED,"STRUKTUR BETON / CONCRETE, MEKANIKAL, FAÇADE / ARSITEKTUR, BORED PILE / PONDASI, STEEL / FABRIKASI, ELEKTRIKAL, EQUIPMENT / RENTAL, JALAN / PERKERASAN, PEKERJAAN TANAH / EARTHWORKS, AGREGAT / BAHAN URUG, LOGISTICS / TRANSPORT, BAHAN BANGUNAN, PEKERJAAN SIPIL STRUCTURE",2020004037,NO_SAP
13,2020013847,ABDUL RACHMAN PRATAMA,PROPOSED,"BEKISTING / FORMWORK, STRUKTUR BETON / CONCRETE, PEKERJAAN SIPIL STRUCTURE",2020013847,NO_SAP
14,2020014045,ABDUL RAHMAN,PROPOSED,EQUIPMENT / RENTAL,2020014045,NO_SAP
15,2020009818,ABDUL ROZAQ,PROPOSED,"MEKANIKAL, EQUIPMENT / RENTAL, SAFETY / K3, LOGISTICS / TRANSPORT",2020009818,NO_SAP
16,2020012462,ABDULLAH RACHMAN,PROPOSED,EQUIPMENT / RENTAL,2020012462,NO_SAP
17,2020012635,ABHICADRA GEMILANG,PROPOSED,LANDSCAPING,2020012635,NO_SAP
18,2020012258,ABI COMPOSITECH,PROPOSED,"STEEL / FABRIKASI, FAÇADE / ARSITEKTUR",2020012258,NO_SAP
19,2020015608,ABIT MUHAMMAD AKBAR,PROPOSED,BAHAN BANGUNAN,2020015608,NO_SAP
20,2020013592,ABRINA KARYA SEJAHTERA,PROPOSED,JALAN / PERKERASAN,2020013592,NO_SAP
21,2020011835,ABS GADING,PROPOSED,"PEKERJAAN TANAH / EARTHWORKS, BEKISTING / FORMWORK, STRUKTUR BETON / CONCRETE, PRECAST / BETON PRACETAK, AGREGAT / BAHAN URUG, PEKERJAAN SIPIL STRUCTURE",2020011835,NO_SAP
22,2020013840,ABU BAKAR WAILUSSY,PROPOSED,EQUIPMENT / RENTAL,2020013840,NO_SAP
23,2020010148,ABUDIYONO,PROPOSED,"EQUIPMENT / RENTAL, LOGISTICS / TRANSPORT",2020010148,NO_SAP
24,2020014578,ACENG KURNIA,PROPOSED,"BAHAN BANGUNAN, STRUKTUR BETON / CONCRETE, PEKERJAAN TANAH / EARTHWORKS, BEKISTING / FORMWORK, FAÇADE / ARSITEKTUR, PLUMBING / PIPA, AGREGAT / BAHAN URUG, PEKERJAAN SIPIL STRUCTURE",2020014578,NO_SAP
25,2020012661,ACEP AHMAD S,PROPOSED,"PLUMBING / PIPA, FAÇADE / ARSITEKTUR",2020012661,NO_SAP
26,2020004049,ACEP DIMYATI,PROPOSED,LOGISTICS / TRANSPORT,2020004049,NO_SAP
27,2020011893,ACHADI NURHARIYANTO,PROPOSED,"EQUIPMENT / RENTAL, MEKANIKAL, STRUKTUR BETON / CONCRETE",2020011893,NO_SAP
28,2020008747,ACHMAD DJAYADI,PROPOSED,"BORED PILE / PONDASI, ELEKTRIKAL, LANDSCAPING",2020008747,NO_SAP
29,2020013340,ACHMAD ROFII,PROPOSED,"FAÇADE / ARSITEKTUR, STRUKTUR BETON / CONCRETE, MEKANIKAL, LOGISTICS / TRANSPORT, BAHAN BANGUNAN, PEKERJAAN SIPIL STRUCTURE",2020013340,NO_SAP
30,2020012121,ACSET PONDASI INDONUSA,EXISTING_PRESERVED,"BORED PILE / PONDASI, Kesamaan lingkup, PEKERJAAN TANAH / EARTHWORKS, STRUKTUR BETON / CONCRETE
Upah Bore Pile dengan Ultrasonik D150 (A
Upah Bore Pile Ultrasonik D180 Acset
Upah Pengecoran D150 (Acset)
Upah Buang Tanah D150
Uji PDA Tiang Bore Pile
PIT Test
Uji Crosshole Sonic Logging
Pembesian Bored Pile + Lansir by Subkon
Pengecoran Beton Bored Pile by Subkon
Pengeboran bored pile Dia 80 cm
Test Tekan Aksial + PDA (200% x 360 ton)
Pengeboran Soldier pile Dia 80 cm
Test PDA
Pekerjaan Buangan tanah ke dumpsite (bor
Mobilisasi dan Demobilisasi Bored Pile M
Hasil Uji PDA Tiang Bore Pile",2020012121,
31,2020015049,ADE ARIF TRI HAMDANI,PROPOSED,"FAÇADE / ARSITEKTUR, PEKERJAAN TANAH / EARTHWORKS",2020015049,NO_SAP
32,2020004054,ADE KURNIA PUTRA,PROPOSED,"EQUIPMENT / RENTAL, PLUMBING / PIPA, ELEKTRIKAL, MEKANIKAL, SAFETY / K3, LOGISTICS / TRANSPORT",2020004054,NO_SAP
33,2020000048,AGUNG,PROPOSED,"FAÇADE / ARSITEKTUR, EQUIPMENT / RENTAL",2020000048,NO_SAP
34,2020003828,ADENAN,PROPOSED,SAFETY / K3,2020003828,NO_SAP
35,2020015953,ADHI FORTUNA DIVINA,EXISTING_PRESERVED,PEKERJAAN SIPIL STRUCTURE,2020015953,
36,2020008444,ADHI HUTAMA LOGISTIK,PROPOSED,"LOGISTICS / TRANSPORT, PLUMBING / PIPA, MEKANIKAL, EQUIPMENT / RENTAL, STRUKTUR BETON / CONCRETE, CARGO / LOGISTICS TRANSPORT (DARAT, LAUT, UDARA)",2020008444,NO_SAP
37,2020003244,ADHI KARYA,PROPOSED,"FAÇADE / ARSITEKTUR, PLUMBING / PIPA, ELEKTRIKAL, MEKANIKAL, STRUKTUR BETON / CONCRETE, PEKERJAAN SIPIL STRUCTURE",2020003244,NO_SAP
38,2020016084,ADHI LIMA PERKASA,EXISTING_PRESERVED,"AGREGAT / BAHAN URUG
Agregat Klas A",2020016084,
39,2020015202,ADHI PERSADA GEDUNG,EXISTING_PRESERVED,"BAHAN BANGUNAN, STEEL / FABRIKASI
Mobox dan Hollow",2020015202,
40,2020008631,ADHIMIX PCI INDONESIA,EXISTING_PRESERVED,"BEKISTING / FORMWORK, JALAN / PERKERASAN
Pembersihan Jalan Akses
Cetakan Beton Precast",2020008631,
41,2020003350,ADHIMIX RMC INDONESIA,EXISTING_PRESERVED,"STRUKTUR BETON / CONCRETE
Beton Readymix BO 12±2 FA 10%
Beton Readymix Fc 30 18±2 FA 10%
Beton Readymix Fc 35 12±2 FA 10%
Beton Readymix Fc 40 12±2 FA 10%
Beton Readymix Fc 40 18±2 FA 10%
Readymix FC 40 12±2 FA 10%, Screening
Beton Readymix Fc 30 16±2 NFA
Beton Readymix Fc 30 12±2 NFA
Beton Readymix Fc 10 10±2 NFA
Beton Readymix Fs 45 5±2,5 NFA
Beton Readymix Fc 30
Beton Readymix Fc 10 12±2 NFA
Beton Readymix Fc 40
Beton Readymix Fc 35 12±2 NFA
Beton Readymix Fs 45 6±2 NFA
Beton Readymix Fc 25 18±2 NFA
Beton Readymix K125 12±2 NFA
Beton Readymix Fs 45
Beton Readymix Fc 25 12±2 NFA
Beton Readymix Fc 30 12±2 FA 10%
Beton Readymix Fc 30 16±2 FA 10%
Beton Readymix BO 12±2 NFA
Beton Readymix Fc 15
Beton Readymix BO 10±2 FA 10%
Beton Readymix type 1 Fc 30 12±2 FA 10%
Beton Readymix Fc 25 12±2 FA 15%
Beton Readymix Fc 30 12±2 FA 15%
Beton Readymix Fc 10 12±2 FA 15%
Beton Readymix K475 12±2 FA 10%
Beton Readymix K350 12±2 FA 10%
Beton Readymix K125 10±2 FA 10%
Filling Concrete Class B of PC-Void
Beton Struktur Kelas B-1-7
Beton Struktur KelasB-1-4f (Kolom Pier)
Beton Struktur Kelas C-2 (Gorong-gorong
Beton Struktur Kelas E (Lantai Kerja)
Beton Struktur Kelas B-1-3b (Kepala Pier
Beton Str A2 (Toping Diatas Half Slab)
Beton Readymix Fc 10
Beton Readymix Fc 30 10±2 FA 10%
Beton Readymix Fc 20 10±2 FA 10%
Bekisting Pier Head (Pile Slab)
Beton Readymix Fc 20
Beton Readymix Fc 30 18±2 NFA
Beton Struktur Kelas B-1-6 (Beton Parape
Beton fc' 30 Mpa - SCC
Beton Readymix Fc 35 12±2 FA 15% SF+32",2020003350,
42,2020009114,ADHIMIX RMC INDONESIA,PROPOSED,"STRUKTUR BETON / CONCRETE, BAHAN BANGUNAN",2020009114,NO_SAP
43,2020009414,ADHIMIX RMC INDONESIA,PROPOSED,"STRUKTUR BETON / CONCRETE, BAHAN BANGUNAN",2020009414,NO_SAP
44,2020012383,ADHYAKSA D.PUTRA,PROPOSED,"JALAN / PERKERASAN, FAÇADE / ARSITEKTUR, FURNITURE PERMANEN ADM BLDG, SAFETY / K3, LOGISTICS / TRANSPORT",2020012383,NO_SAP
45,2020011511,ADI GEOTAMA KONSTRUKSINDO,EXISTING_PRESERVED,Tidak ditemukan kesamaan lingkup pekerjaan,2020011511,
46,2020011527,ADI GEOTAMA KONSTRUKSINDO,PROPOSED,"FAÇADE / ARSITEKTUR, GEOTEXTILE / GEOGRID / VERTICAL DRAIN, SAFETY / K3",2020011527,NO_SAP
47,2020009113,ADI JAGADHITA SENTOSA,EXISTING_PRESERVED,Tidak ditemukan kesamaan lingkup pekerjaan,2020009113,
48,2020004067,ADI JAYA TEHNIK,PROPOSED,PLUMBING / PIPA,2020004067,NO_SAP
49,2020014166,ADI PUTRA BUANA LAW FIRM,EXISTING_PRESERVED,Tidak ditemukan kesamaan lingkup pekerjaan,2020014166,
50,2020015294,ADI ROSADI,PROPOSED,"FAÇADE / ARSITEKTUR, PLUMBING / PIPA, ELEKTRIKAL, MEKANIKAL, STRUKTUR BETON / CONCRETE, LOGISTICS / TRANSPORT, PEKERJAAN SIPIL STRUCTURE",2020015294,NO_SAP
51,2020014666,ADIGUNA CIPTA KONSTRUKSI,EXISTING_PRESERVED,Tidak ditemukan kesamaan lingkup pekerjaan,2020014666,
52,2020007786,ADIGUNA MAKMUR,EXISTING_PRESERVED,Tidak ditemukan kesamaan lingkup pekerjaan,2020007786,
53,2020004075,ADIGUNA MASONRY INDONESIA,EXISTING_PRESERVED,Tidak ditemukan kesamaan lingkup pekerjaan,2020004075,
54,2020004076,ADIGUNA METALINDO ABADI,EXISTING_PRESERVED,"PINTU BESI, PINTU TAHAN API, PINTU OTOMATIS",2020004076,
55,2020004134,AHMAD SAJIDIN,PROPOSED,"MEKANIKAL, EQUIPMENT / RENTAL, STRUKTUR BETON / CONCRETE, FAÇADE / ARSITEKTUR, BAHAN BANGUNAN, PEKERJAAN SIPIL STRUCTURE",2020004134,NO_SAP
56,2020015789,ADINDA AYU KARLINA,PROPOSED,AGREGAT / BAHAN URUG,2020015789,NO_SAP
57,2020012776,ADIONO,PROPOSED,"JALAN / PERKERASAN, LOGISTICS / TRANSPORT",2020012776,NO_SAP
58,2020003409,ADIPRANA DAYA TRAKTOR,UNRESOLVED,,2020003409,NO_SAP
59,2020015151,ADITAMA BANGUN PERKASA,EXISTING_PRESERVED,Tidak ditemukan kesamaan lingkup pekerjaan,2020015151,
60,2020004080,ADITYA,UNRESOLVED,,2020004080,NO_SAP
61,2020015120,ADWIN HONGADI,PROPOSED,"PLUMBING / PIPA, STP (SEWAGE, TREATMENT PLANT) & WTP (WATER TREATMENT PLANT)",2020015120,NO_SAP
62,2020013134,AFIF ABDUL BASITH,PROPOSED,"ELEKTRIKAL, FAÇADE / ARSITEKTUR, FURNITURE PERMANEN ADM BLDG",2020013134,NO_SAP
63,2020012508,AGAVE YONATHAN MANULLANG,PROPOSED,"STP (SEWAGE, TREATMENT PLANT) & WTP (WATER TREATMENT PLANT)",2020012508,NO_SAP
64,2020003439,AGRINAS JALDRI NUSANTARA ( PER,UNRESOLVED,,2020003439,NO_SAP
65,2020000047,AGRO YASA LESTARI,PROPOSED,"FAÇADE / ARSITEKTUR, GEOTEXTILE / GEOGRID / VERTICAL DRAIN",2020000047,NO_SAP
66,2020010446,AGRO YASA MANDIRI,EXISTING_PRESERVED,GEOTEXTILE / GEOGRID / VERTICAL DRAIN,2020010446,
67,2020015811,AGUNG AMANAH ISLAMI PENTURY,PROPOSED,"EQUIPMENT / RENTAL, STRUKTUR BETON / CONCRETE, JALAN / PERKERASAN, PEKERJAAN TANAH / EARTHWORKS, LOGISTICS / TRANSPORT, BAHAN BANGUNAN, PEKERJAAN SIPIL STRUCTURE",2020015811,NO_SAP
68,2020008664,AGUNG AUTOMALL,PROPOSED,"EQUIPMENT / RENTAL, LOGISTICS / TRANSPORT",2020008664,NO_SAP
69,2020000049,AGUNG BETON PERSADA UTAMA,EXISTING_PRESERVED,"STRUKTUR BETON / CONCRETE
Beton Readymix Fc 20
Beton Readymix Fc 10
Beton Readymix Fc 30
Beton Readymix Fc 43 12±2 NFA
Beton Readymix Fc 41 12±2 NFA
Beton Readymix Fs 45
Sewa Concrete Pump
Beton Readymix Fc 35 12±2 FA 15% SF+32
Beton fc' 30 Mpa - SCC
Beton Readymix Fc 45",2020000049,
70,2020008987,AGUNG PAMUNGKAS,PROPOSED,"BEKISTING / FORMWORK, PLUMBING / PIPA, EQUIPMENT / RENTAL, STRUKTUR BETON / CONCRETE, FAÇADE / ARSITEKTUR, PEKERJAAN SIPIL STRUCTURE",2020008987,NO_SAP
71,2020015810,AGUNG PRAMU AJI,UNRESOLVED,,2020015810,NO_SAP
72,2020015138,AGUNG SUKSES LANCAR,EXISTING_PRESERVED,PENYEDIA JASA,2020015138,
73,2020013728,AGUNG WISNU GROHO,PROPOSED,"FAÇADE / ARSITEKTUR, PLUMBING / PIPA, ELEKTRIKAL, MEKANIKAL",2020013728,NO_SAP
74,2020004171,ALI KURNIAWAN,PROPOSED,FAÇADE / ARSITEKTUR,2020004171,NO_SAP
75,2020011570,AGUS,PROPOSED,"FAÇADE / ARSITEKTUR, LANDSCAPING",2020011570,NO_SAP
76,2020004115,AGUS BUDI SETIADI,PROPOSED,"MEKANIKAL, EQUIPMENT / RENTAL",2020004115,NO_SAP
77,2020015667,AGUS DUWI CANDRA,PROPOSED,FAÇADE / ARSITEKTUR,2020015667,NO_SAP
78,2020009908,AGUS IMAM PURNAMA,PROPOSED,"PEKERJAAN TANAH / EARTHWORKS, STP (SEWAGE, TREATMENT PLANT) & WTP (WATER TREATMENT PLANT)",2020009908,NO_SAP
79,2020004121,AGUS PRIHATIN,PROPOSED,"SAFETY / K3, FAÇADE / ARSITEKTUR, STRUKTUR BETON / CONCRETE, PEKERJAAN SIPIL STRUCTURE",2020004121,NO_SAP
80,2020012416,AGUS SANTOSO,PROPOSED,"EQUIPMENT / RENTAL, FAÇADE / ARSITEKTUR",2020012416,NO_SAP
81,2020015296,AGUS SANTOSO,PROPOSED,"FAÇADE / ARSITEKTUR, PEKERJAAN TANAH / EARTHWORKS",2020015296,NO_SAP
82,2020012644,AGUS SANUSI,PROPOSED,JALAN / PERKERASAN,2020012644,NO_SAP
83,2020013084,AGUS SAPUTRA,PROPOSED,"BEKISTING / FORMWORK, FAÇADE / ARSITEKTUR, MEKANIKAL, STRUKTUR BETON / CONCRETE, PEKERJAAN SIPIL STRUCTURE",2020013084,NO_SAP
84,2020010125,AGUS SISWANTO,PROPOSED,"FAÇADE / ARSITEKTUR, STRUKTUR BETON / CONCRETE, PLUMBING / PIPA, MEKANIKAL, BAHAN BANGUNAN, PEKERJAAN TANAH / EARTHWORKS, EQUIPMENT / RENTAL, BEKISTING / FORMWORK, JALAN / PERKERASAN, ELEKTRIKAL, LANDSCAPING, SAFETY / K3, LOGISTICS / TRANSPORT, PEKERJAAN SIPIL STRUCTURE",2020010125,NO_SAP
85,2020010746,AGUS SUHENDAR,PROPOSED,"FAÇADE / ARSITEKTUR, STRUKTUR BETON / CONCRETE, MEKANIKAL, EQUIPMENT / RENTAL, BORED PILE / PONDASI, PEKERJAAN TANAH / EARTHWORKS, PLUMBING / PIPA, PRECAST / BETON PRACETAK, ELEKTRIKAL, JALAN / PERKERASAN, SAFETY / K3, LOGISTICS / TRANSPORT, BAHAN BANGUNAN, PEKERJAAN SIPIL STRUCTURE",2020010746,NO_SAP
86,2020013837,AGUS SUNARYO,PROPOSED,GEOTEXTILE / GEOGRID / VERTICAL DRAIN,2020013837,NO_SAP
87,2020004124,AGUS SUPRIYADI,PROPOSED,"FAÇADE / ARSITEKTUR, BAHAN BANGUNAN, BEKISTING / FORMWORK, PLUMBING / PIPA, STRUKTUR BETON / CONCRETE, BORED PILE / PONDASI, ELEKTRIKAL, MEKANIKAL, STP (SEWAGE, TREATMENT PLANT) & WTP (WATER TREATMENT PLANT), PEKERJAAN SIPIL STRUCTURE",2020004124,NO_SAP
88,2020011724,AGUSTAMIN,PROPOSED,"EQUIPMENT / RENTAL, LOGISTICS / TRANSPORT",2020011724,NO_SAP
89,2020015431,AGUSTAMIN,PROPOSED,"EQUIPMENT / RENTAL, LOGISTICS / TRANSPORT",2020015431,NO_SAP
90,2020000059,AGUSTIAN,PROPOSED,EQUIPMENT / RENTAL,2020000059,NO_SAP
91,2020013330,AHLI BANGUN INDOTEKNIK,EXISTING_PRESERVED,MECHANICAL DAN ELECTRICAL,2020013330,
92,2020013345,AHLI BANGUN INDOTEKNIK,PROPOSED,ELEKTRIKAL,2020013345,NO_SAP
93,2020000062,AHMAD,PROPOSED,"EQUIPMENT / RENTAL, BEKISTING / FORMWORK, STRUKTUR BETON / CONCRETE, PRECAST / BETON PRACETAK, SAFETY / K3, LOGISTICS / TRANSPORT, PEKERJAAN SIPIL STRUCTURE",2020000062,NO_SAP
94,2020000063,AHMAD CASMITO,PROPOSED,"STEEL / FABRIKASI, FAÇADE / ARSITEKTUR, MEKANIKAL, STRUKTUR BETON / CONCRETE, LANDSCAPING, JALAN / PERKERASAN, STP (SEWAGE, TREATMENT PLANT) & WTP (WATER TREATMENT PLANT), TESTING / LABORATORY",2020000063,NO_SAP
95,2020013489,AHMAD KHOTIB SYARONI,UNRESOLVED,,2020013489,NO_SAP
96,2020013633,AHMAD MAULID AFFANDI,PROPOSED,"FURNITURE PERMANEN ADM BLDG, STRUKTUR BETON / CONCRETE, FAÇADE / ARSITEKTUR",2020013633,NO_SAP
97,2020012079,AHMAD RIZAL,UNRESOLVED,,2020012079,NO_SAP
98,2020012611,AHMAD ROFIQ,UNRESOLVED,,2020012611,NO_SAP
99,2020004314,ARIF,PROPOSED,"STEEL / FABRIKASI, STRUKTUR BETON / CONCRETE, PEKERJAAN SIPIL STRUCTURE",2020004314,NO_SAP
100,2020013960,AHMAD SHOBIRIN,PROPOSED,"MEKANIKAL, STRUKTUR BETON / CONCRETE, ELEKTRIKAL, EQUIPMENT / RENTAL, PRECAST / BETON PRACETAK, FAÇADE / ARSITEKTUR, LOGISTICS / TRANSPORT, PEKERJAAN SIPIL STRUCTURE",2020013960,NO_SAP
101,2020014628,AHMAD SONI,PROPOSED,"PRECAST / BETON PRACETAK, LANDSCAPING",2020014628,NO_SAP
102,2020011775,AHMAD ZIANI,PROPOSED,"BORED PILE / PONDASI, PLUMBING / PIPA, ELEKTRIKAL, MEKANIKAL, STRUKTUR BETON / CONCRETE, FAÇADE / ARSITEKTUR, JALAN / PERKERASAN, PEKERJAAN SIPIL STRUCTURE",2020011775,NO_SAP
103,2020015834,AHMADI,PROPOSED,"BEKISTING / FORMWORK, EQUIPMENT / RENTAL, STRUKTUR BETON / CONCRETE, AGREGAT / BAHAN URUG, PEKERJAAN SIPIL STRUCTURE",2020015834,NO_SAP
104,2020004145,AIRSINDO MULTI SELARAS,PROPOSED,"PLUMBING / PIPA, ELEKTRIKAL, MEKANIKAL",2020004145,NO_SAP
105,2020014610,AJI SAKA GROUP,EXISTING_PRESERVED,Tidak ditemukan kesamaan lingkup pekerjaan,2020014610,
106,2020010200,AKBAR FAJRIN,PROPOSED,"MEKANIKAL, STRUKTUR BETON / CONCRETE, FAÇADE / ARSITEKTUR, PEKERJAAN SIPIL STRUCTURE",2020010200,NO_SAP
107,2020011008,AKHMAD MAKHFUDIN,PROPOSED,"FAÇADE / ARSITEKTUR, BEKISTING / FORMWORK, MEKANIKAL, STRUKTUR BETON / CONCRETE, BAHAN BANGUNAN, PLUMBING / PIPA, ELEKTRIKAL, EQUIPMENT / RENTAL, PEKERJAAN TANAH / EARTHWORKS, LOGISTICS / TRANSPORT, PEKERJAAN SIPIL STRUCTURE",2020011008,NO_SAP
108,2020000078,AKHMAD SAIRI,PROPOSED,EQUIPMENT / RENTAL,2020000078,NO_SAP
109,2020004012,AKHMAD TAUFIQ,PROPOSED,"BAHAN BANGUNAN, FAÇADE / ARSITEKTUR, GEOTEXTILE / GEOGRID / VERTICAL DRAIN, BEKISTING / FORMWORK, STRUKTUR BETON / CONCRETE, PEKERJAAN SIPIL STRUCTURE",2020004012,NO_SAP
110,2020015319,AKSA CAKRA NUSANTARA,EXISTING_PRESERVED,General contractor,2020015319,
111,2020010766,AKSA MUDA PRIMA,PROPOSED,FAÇADE / ARSITEKTUR,2020010766,NO_SAP
112,2020012227,AKTIVITAS INSANI MADANI,PROPOSED,"KONSULTAN PERENCANA, FURNITURE PERMANEN ADM BLDG",2020012227,NO_SAP
113,2020004151,AL HAFNI RAHIM SIAGIAN,PROPOSED,"MEKANIKAL, EQUIPMENT / RENTAL",2020004151,NO_SAP
114,2020008923,ALAM ARTA WIJAYA,EXISTING_PRESERVED,"ELEKTRIKAL, FAÇADE / ARSITEKTUR
Pek. Pengecatan Plafon(JK)
Pek. Cat Texture
Cat dinding eksterior
Cat dinding & kolom Interior
Cat interior Elastomeric
Cat dinding dalam Emultion
Cat dinding enamel
Cat Tekstur
Operator Genset
Cat dinding eksterior (Weathershield)
Cat Weathershiled Texture
Cat dinding interior (emultion paint)
Cat plafond interior (emultion paint)
Cat dinding interior (minyak doff)
Cat plafond interior (dust proof)",2020008923,
115,2020002712,ALAM CAHYA ENERGI,PROPOSED,EQUIPMENT / RENTAL,2020002712,NO_SAP
116,2020001187,ALAM LOKA BERSAMA,PROPOSED,"BORED PILE / PONDASI, SAFETY / K3, LOGISTICS / TRANSPORT",2020001187,NO_SAP
117,2020000083,ALAN,PROPOSED,"STRUKTUR BETON / CONCRETE, FAÇADE / ARSITEKTUR, PRECAST / BETON PRACETAK, PEKERJAAN SIPIL STRUCTURE",2020000083,NO_SAP
118,2020015190,ALAN DARMA SAPUTRA,PROPOSED,"PLUMBING / PIPA, STP (SEWAGE, TREATMENT PLANT) & WTP (WATER TREATMENT PLANT)",2020015190,NO_SAP
119,2020013930,ALAT PRO INDONESIA,EXISTING_PRESERVED,PENYEDIA JASA,2020013930,
120,2020009463,ALBERA PROSPERINDO,PROPOSED,EQUIPMENT / RENTAL,2020009463,NO_SAP
121,2020015822,ALBERT,PROPOSED,EQUIPMENT / RENTAL,2020015822,NO_SAP
122,2020009124,ALESHA MULTI TEKNIK,EXISTING_PRESERVED,"EQUIPMENT / RENTAL, FAÇADE / ARSITEKTUR, MEKANIKAL, STRUKTUR BETON / CONCRETE
Upah cor readymix tanpa concrete pump
Upah cor readymix dg concrete pump
Upah pasang stepnosing keramik/HT
Upah pembesian + langsir
Upah cor beton site mix (mixing + pourin
Upah aci pada dinding beton External
Bekisting beton praktis (papan)
Bekisting Tie Beam
Upah lantai kerja dg readymix tebal 50mm",2020009124,
123,2020012235,ALFAN ADITYA PERKASA,PROPOSED,"EQUIPMENT / RENTAL, LOGISTICS / TRANSPORT",2020012235,NO_SAP
124,2020014635,ALFI FAHCRUL,UNRESOLVED,,2020014635,NO_SAP
125,2020010833,ALFIKO PUTRI,EXISTING_PRESERVED,"Kesamaan lingkup
Agregat Klas B",2020010833,
126,2020015015,ALFONS ELIEZER PATTIPEME,PROPOSED,EQUIPMENT / RENTAL,2020015015,NO_SAP
127,2020015999,ALFONSUS SUTEDJA,PROPOSED,FURNITURE PERMANEN ADM BLDG,2020015999,NO_SAP
128,2020013538,ALFRED MANUEL S ONGGE,PROPOSED,"EQUIPMENT / RENTAL, STRUKTUR BETON / CONCRETE, PEKERJAAN SIPIL STRUCTURE",2020013538,NO_SAP
129,2020002364,ALI,PROPOSED,"BEKISTING / FORMWORK, STRUKTUR BETON / CONCRETE, PRECAST / BETON PRACETAK, FAÇADE / ARSITEKTUR, SAFETY / K3, PEKERJAAN SIPIL STRUCTURE",2020002364,NO_SAP
130,2020012476,ALI MURTADHO,UNRESOLVED,,2020012476,NO_SAP
131,2020012522,ALI MURTADHO,PROPOSED,"STEEL / FABRIKASI, PLUMBING / PIPA, ELEKTRIKAL, MEKANIKAL, EQUIPMENT / RENTAL, CARGO / LOGISTICS TRANSPORT (DARAT, LAUT, UDARA)",2020012522,NO_SAP
132,2020012030,ALI SHOFIQ,PROPOSED,"BEKISTING / FORMWORK, STRUKTUR BETON / CONCRETE, FAÇADE / ARSITEKTUR, LOGISTICS / TRANSPORT, PEKERJAAN SIPIL STRUCTURE",2020012030,NO_SAP
133,2020003306,ALIA AL-FAIZAH,PROPOSED,"AGREGAT / BAHAN URUG, BAHAN BANGUNAN, JALAN / PERKERASAN, STRUKTUR BETON / CONCRETE, FAÇADE / ARSITEKTUR, SAFETY / K3, PEKERJAAN SIPIL STRUCTURE",2020003306,NO_SAP
134,2020011079,ALIEN DESAIN NUSANTARA,PROPOSED,KONSULTAN PERENCANA,2020011079,NO_SAP
135,2020016120,ALIHSAN,EXISTING_PRESERVED,"CARGO / LOGISTICS TRANSPORT (DARAT, LAUT, UDARA)",2020016120,
136,2020014534,AL-INSYIRAH,EXISTING_PRESERVED,Tidak ditemukan kesamaan lingkup pekerjaan,2020014534,
137,2020009759,ALKAJAYA SATRIA PERKASA,UNRESOLVED,,2020009759,NO_SAP
138,2020004181,ALKON INDO SEJAHTERA,PROPOSED,SAFETY / K3,2020004181,NO_SAP
139,2020012648,ALOY WELAKEKA KONTRAKTOR,PROPOSED,FAÇADE / ARSITEKTUR,2020012648,NO_SAP
140,2020012649,ALOY WELAKEKA KONTRAKTOR,EXISTING_PRESERVED,Tidak ditemukan kesamaan lingkup pekerjaan,2020012649,
141,2020012559,ALPHA FOCUS INDONESIA,EXISTING_PRESERVED,"BORED PILE / PONDASI, 
Pengeboran Bored Pile Ø 800mm L effektif
Pek. pembesian bored pile + langsir
Pek. Pengecoran bore pile
Jasa Mob & Demob Bored Pile_JK_LS",2020012559,
142,2020008319,ALPHA MULTITRANS EKSPRES,PROPOSED,LOGISTICS / TRANSPORT,2020008319,NO_SAP
143,2020013157,ALTERA CIPTA TEKNOLOGI,EXISTING_PRESERVED,"ELEKTRIKAL
Kabel 20 KV",2020013157,
144,2020003747,ALTRAK 1978,EXISTING_PRESERVED,"ELEKTRIKAL
Generator Set (Genset)",2020003747,
145,2020004193,ALUMINDO KARYA SUKSES,PROPOSED,FAÇADE / ARSITEKTUR,2020004193,NO_SAP
146,2020003286,ALVARO UTAMA JAYA,EXISTING_PRESERVED,Tidak ditemukan kesamaan lingkup pekerjaan,2020003286,
147,2020012656,ALVORECE UNIPESSOAL LDA,PROPOSED,FAÇADE / ARSITEKTUR,2020012656,NO_SAP
148,2020013962,AMANAH ANUGERAH MANDIRI,EXISTING_PRESERVED,Tidak ditemukan kesamaan lingkup pekerjaan,2020013962,
149,2020015709,AMERTHA CIVIL ENGINEERING,EXISTING_PRESERVED,KONSULTAN PERENCANA,2020015709,
150,2020010880,AMICO ELANG PERKASA,EXISTING_PRESERVED,"ELEKTRIKAL
Instrument & Telecomunication Cable",2020010880,
151,2020012234,AMINAH MADE AMIN,PROPOSED,"FAÇADE / ARSITEKTUR, AGREGAT / BAHAN URUG, SAFETY / K3, BAHAN BANGUNAN",2020012234,NO_SAP
152,2020011475,AMRIZAL,UNRESOLVED,,2020011475,NO_SAP
153,2020007862,AMSALINDO MAHA KARYA,EXISTING_PRESERVED,"BAHAN BANGUNAN, FAÇADE / ARSITEKTUR, STEEL / FABRIKASI
Plafond gypsum board tebal 9mm
Plafond Gypsum WR
Plafond PVC (Click on Hollow)",2020007862,
154,2020010533,ANAGATA DHIA KARYA MANDIRI,UNRESOLVED,,2020010533,NO_SAP
155,2020015374,ANARGHYA ENGINEERING,EXISTING_PRESERVED,Tidak ditemukan kesamaan lingkup pekerjaan,2020015374,
156,2020004215,ANAS MUSTAQIM SUSANTO,PROPOSED,"EQUIPMENT / RENTAL, SAFETY / K3",2020004215,NO_SAP
157,2020002660,ANDAL TUNAS MANDIRI,EXISTING_PRESERVED,Tidak ditemukan kesamaan lingkup pekerjaan,2020002660,
158,2020000111,ANDALAN DINAMIKA KONSTRUKSINDO,PROPOSED,"EQUIPMENT / RENTAL, MEKANIKAL, SAFETY / K3",2020000111,NO_SAP
159,2020014082,ANDALAN UTAMA SEJAHETRA,EXISTING_PRESERVED,Furniture,2020014082,
160,2020013245,ANDALAN WAHANA SEJAHTERA,EXISTING_PRESERVED,Tidak ditemukan kesamaan lingkup pekerjaan,2020013245,
161,2020015754,ANDI AMILUDDIN SYAH,UNRESOLVED,,2020015754,NO_SAP
162,2020013536,ANDI GUNAWAN,PROPOSED,"BEKISTING / FORMWORK, STRUKTUR BETON / CONCRETE, FAÇADE / ARSITEKTUR, PEKERJAAN SIPIL STRUCTURE",2020013536,NO_SAP
163,2020000119,ANDIK,PROPOSED,"MEKANIKAL, EQUIPMENT / RENTAL",2020000119,NO_SAP
164,2020004229,ANDILO NAJOGI,EXISTING_PRESERVED,"LOGISTICS / TRANSPORT
Pek. Mobilisasi Alat
Angkutan material Direksi keet
Beban Peralatan Mobilisasi
mobilisasi barang dan peralatan bekistin
Jasa Angkutan Material (JK)
Angkutan material tiang pancang
Angkutan material Sanitair",2020004229,
165,2020011010,ANDILO SEMESTA AGUNG,EXISTING_PRESERVED,"AGREGAT / BAHAN URUG, BAHAN BANGUNAN
Sirtu
Biaya Material Bantu",2020011010,
166,2020015622,ANDIUS DASA PUTRA,UNRESOLVED,,2020015622,NO_SAP
167,2020013850,ANDREW JAVET KARUNDENG,PROPOSED,"EQUIPMENT / RENTAL, PEKERJAAN TANAH / EARTHWORKS",2020013850,NO_SAP
168,2020012875,ANDRIANTO,PROPOSED,"AGREGAT / BAHAN URUG, PRECAST / BETON PRACETAK, BAHAN BANGUNAN, STRUKTUR BETON / CONCRETE",2020012875,NO_SAP
169,2020011534,ANDRIAS KRISTANTO,PROPOSED,"FAÇADE / ARSITEKTUR, STRUKTUR BETON / CONCRETE, STEEL / FABRIKASI, BAHAN BANGUNAN, LANDSCAPING, BORED PILE / PONDASI, BEKISTING / FORMWORK, PEKERJAAN TANAH / EARTHWORKS, PLUMBING / PIPA, ELEKTRIKAL, MEKANIKAL, EQUIPMENT / RENTAL, JALAN / PERKERASAN, LOGISTICS / TRANSPORT, PEKERJAAN SIPIL STRUCTURE",2020011534,NO_SAP
170,2020015766,ANDROMEDA EKA PUTRI,UNRESOLVED,,2020015766,NO_SAP
171,2020004243,ANEKA DIESEL,PROPOSED,EQUIPMENT / RENTAL,2020004243,NO_SAP
172,2020012222,ANEKA JAYA LANGGENG SENTOSA,EXISTING_PRESERVED,"ELEKTRIKAL
Generator Set (Genset)",2020012222,
173,2020003859,ANEKA NIAGA INSTRACON,EXISTING_PRESERVED,"AGREGAT / BAHAN URUG, BAHAN BANGUNAN, STRUKTUR BETON / CONCRETE
Besi Beton
Upah Cor Beton Barrier Superelevasi MR
Sewa Concrete Pump_JK_MON
Batu Pecah / Split (KG)
Pasir Beton
Pasir Pasang
Pasir Urug
Material bantu",2020003859,
174,2020009956,ANEKA RAYA KONSTRUKSI MESINDO,PROPOSED,EQUIPMENT / RENTAL,2020009956,NO_SAP
175,2020014395,ANEKA REKAKOMINDO KENCANA,EXISTING_PRESERVED,"ELEKTRIKAL
Genset",2020014395,
176,2020011767,ANEKA SEARCH INDONESIA,PROPOSED,KONSULTAN PERENCANA,2020011767,NO_SAP
177,2020015820,ANGGA DWI YULIANTO,UNRESOLVED,,2020015820,NO_SAP
178,2020000227,BAMBANG,PROPOSED,"FAÇADE / ARSITEKTUR, PLUMBING / PIPA, ELEKTRIKAL, MEKANIKAL, STRUKTUR BETON / CONCRETE, PEKERJAAN SIPIL STRUCTURE",2020000227,NO_SAP
179,2010000014,ANGKASA PURA KARGO,PROPOSED,"MEKANIKAL, LOGISTICS / TRANSPORT",2010000014,NO_SAP
180,2010000085,ANGKASA PURA SUPPORTS,UNRESOLVED,,2010000085,NO_SAP
181,2020012297,ANIGOS JAYA PERKASA,UNRESOLVED,,2020012297,NO_SAP
182,2020012363,ANIGOS JAYA PERKASA,EXISTING_PRESERVED,Solar industri,2020012363,
183,2020015304,ANJAR LUMAKSO,PROPOSED,"STRUKTUR BETON / CONCRETE, PEKERJAAN SIPIL STRUCTURE",2020015304,NO_SAP
184,2020004439,BAMBANG S,UNRESOLVED,,2020004439,NO_SAP
185,2020013926,ANNISA KRISMARTNA WAHIDAH,UNRESOLVED,,2020013926,NO_SAP
186,2020015733,ANTASENA MITRA SEJATI,EXISTING_PRESERVED,Tidak ditemukan kesamaan lingkup pekerjaan,2020015733,
187,2020013748,ANTASENA TECH KARYA,EXISTING_PRESERVED,Tidak ditemukan kesamaan lingkup pekerjaan,2020013748,
188,2020012000,ANTUNG DEVI RAHMAN,PROPOSED,"EQUIPMENT / RENTAL, SAFETY / K3",2020012000,NO_SAP
189,2020013775,ANUGERAH BATU PENJURU,EXISTING_PRESERVED,Tidak ditemukan kesamaan lingkup pekerjaan,2020013775,
190,2020000150,ANUGERAH JAYA ABADI,PROPOSED,"FAÇADE / ARSITEKTUR, PLUMBING / PIPA, STRUKTUR BETON / CONCRETE, KONSULTAN PERENCANA, BAHAN BANGUNAN",2020000150,NO_SAP
191,2020013628,ANUGERAH JAYA ABADI,EXISTING_PRESERVED,"Waterproofing coating toilet
Waterproofing membrane
Waterproofing Integral
Waterproofing Coating
Waterproofing Coating & Membrane",2020013628,
192,2020012014,ANUGERAH KARYA KREATIF SUKSES,PROPOSED,"BAHAN BANGUNAN, JALAN / PERKERASAN, KONSULTAN PERENCANA",2020012014,NO_SAP
193,2020002745,ANUGERAH KARYA SEMESTA,PROPOSED,SAFETY / K3,2020002745,NO_SAP
194,2020011523,ANUGERAH KRESNA UTAMA,UNRESOLVED,,2020011523,NO_SAP
195,2020004276,ANUGERAH KRIDAPRADANA,EXISTING_PRESERVED,Tidak ditemukan kesamaan lingkup pekerjaan,2020004276,
196,2020010885,ANUGERAH MITRA ANANTA,EXISTING_PRESERVED,"BAHAN BANGUNAN, FAÇADE / ARSITEKTUR
Thin Bed / Perekat Bata TB100
Perekat Keramik Standard T100
Perekat Keramik T99",2020010885,
197,2020004278,ANUGERAH MUJI JAYA,EXISTING_PRESERVED,"FAÇADE / ARSITEKTUR
Pek. Penutup Atap_JK_M2
Plafond gypsum board tebal 9mm
Plafond gypsum board WR tebal 9mm
Plafond akustik 600 x 1200 mm
Recessed + Cove ceiling gypsum 9 mm
List plafond profil gypsum 10 cm
Pek. Plafon Gypsum Tile (JK)
Pek. Drop Ceiling_JK_M
Cat dinding interior (Anti bakteri)
Cat texture
Pek. Plafon Akustik Tile (JK)",2020004278,
198,2020011879,ANUGERAH PUTRAJAYA,EXISTING_PRESERVED,Tidak ditemukan kesamaan lingkup pekerjaan,2020011879,
199,2020012817,ANUGERAH TUNAS MULIA,PROPOSED,"ELEKTRIKAL, FAÇADE / ARSITEKTUR",2020012817,NO_SAP
200,2020004279,ANUGERAH WIJAYATRISNA,EXISTING_PRESERVED,"BAHAN BANGUNAN, FAÇADE / ARSITEKTUR, STRUKTUR BETON / CONCRETE
Kolom Praktis
Besi Beton Polos Dia. 8
Pek. Insulasi atap glasswoll + alm foil
Jasa Pasang Atap Bitumen
Penutup Atap Bitumen + Reng
Kolom Praktis 80.80 6/4x3M
Pekerjaan Conwood Cover Struktur
Pekerjaan Plafond Conwood
Pemasangan cover atap metal
Atap polycarbonate ex solarflat (transpa
Waterproofing anti akar area dinding
Waterproofing anti akar area lantai
Material Bantu
Plint Hg Tile 100x600 mm Polish
Pemasangan Atap UPVC Semi Tranparan
Pemasangan 1 m2 Atap Jurai/Limasan Rangk
Pek. Pasang Atap Onduline (JK)",2020004279,
201,2020002330,ANUGRAH,PROPOSED,SAFETY / K3,2020002330,NO_SAP
202,2020011322,ANUGRAH,PROPOSED,SAFETY / K3,2020011322,NO_SAP
203,2020004281,ANUGRAH ARTHA,PROPOSED,EQUIPMENT / RENTAL,2020004281,NO_SAP
204,2020010725,ANUGRAH MANDIRI SEJAHTERA,PROPOSED,"BORED PILE / PONDASI, LOGISTICS / TRANSPORT",2020010725,NO_SAP
205,2020016025,ANWAR,PROPOSED,LOGISTICS / TRANSPORT,2020016025,NO_SAP
206,2020009222,APLUGADA MANDIRI PERKASA,EXISTING_PRESERVED,"AGREGAT / BAHAN URUG, BAHAN BANGUNAN
Agregat Klas A
Pasir Urug
Batu Pecah / Split (M3)
Material Bantu
Gravel dia 2 - 5cm (rounded)",2020009222,
207,2020010274,APLUGADA MANDIRI PERKASA,PROPOSED,"AGREGAT / BAHAN URUG, SAFETY / K3",2020010274,NO_SAP
208,2020010032,APTELLA SOLUSI TEKNOLOGI,EXISTING_PRESERVED,Tidak ditemukan kesamaan lingkup pekerjaan,2020010032,
209,2020012862,AQILLA,PROPOSED,FAÇADE / ARSITEKTUR,2020012862,NO_SAP
210,2020013252,ARA TRIJAYA SUPPORT,EXISTING_PRESERVED,Tidak ditemukan kesamaan lingkup pekerjaan,2020013252,
211,2020009690,ARBILA PROPERTI DAN INVESTASI,EXISTING_PRESERVED,"BORED PILE / PONDASI
Sloof Pondasi",2020009690,
212,2020016117,ARDI MULYA PRATAMA,PROPOSED,EQUIPMENT / RENTAL,2020016117,NO_SAP
213,2020000168,ARDIANSYAH,PROPOSED,JALAN / PERKERASAN,2020000168,NO_SAP
214,2020013849,ARDIANSYAH,PROPOSED,"STRUKTUR BETON / CONCRETE, BORED PILE / PONDASI, ELEKTRIKAL, MEKANIKAL, FAÇADE / ARSITEKTUR, LANDSCAPING, JALAN / PERKERASAN, PEKERJAAN TANAH / EARTHWORKS, AGREGAT / BAHAN URUG, LOGISTICS / TRANSPORT, BAHAN BANGUNAN, PEKERJAAN SIPIL STRUCTURE, FURNITURE PERMANEN ADM BLDG",2020013849,NO_SAP
215,2020013495,ARDIKA PUTRA PERSADA,EXISTING_PRESERVED,"JALAN / PERKERASAN
Timbunan Jalan Akses
Perbaikan jalan existing
Galian Jalan Akses",2020013495,
216,2020013503,ARDIKA PUTRA PERSADA,PROPOSED,"JALAN / PERKERASAN, PEKERJAAN TANAH / EARTHWORKS",2020013503,NO_SAP
217,2020004298,ARDIN MITRA ABADI,EXISTING_PRESERVED,Tidak ditemukan kesamaan lingkup pekerjaan,2020004298,
218,2020003262,ARDIWAN,UNRESOLVED,,2020003262,NO_SAP
219,2020015212,ARENA PRIMA DAMAI,EXISTING_PRESERVED,Tidak ditemukan kesamaan lingkup pekerjaan,2020015212,
220,2020009699,AREPA NASTAKOM MADANI,EXISTING_PRESERVED,Tidak ditemukan kesamaan lingkup pekerjaan,2020009699,
221,2020009018,ARGA BANGUN BANGSA,EXISTING_PRESERVED,Tidak ditemukan kesamaan lingkup pekerjaan,2020009018,
222,2020004446,BANGKIT,PROPOSED,"STRUKTUR BETON / CONCRETE, PEKERJAAN SIPIL STRUCTURE",2020004446,NO_SAP
223,2020009576,ARGA NUSA PERSADA,UNRESOLVED,,2020009576,NO_SAP
224,2020012997,ARGA REKSA HUIS,EXISTING_PRESERVED,Tidak ditemukan kesamaan lingkup pekerjaan,2020012997,
225,2020004305,ARGAMANIK DUTA ANTARI,EXISTING_PRESERVED,"ELEKTRIKAL, , PLUMBING / PIPA
Pek. Elektrikal_JK_LS
Pek. Plumbing_JK_LS
Pek. Instal Pipa, AC, Drain & Kabel (JK)
Lampu
Pekerjaan Plumbing
Pek. Panel System Catu Daya (JK)",2020004305,
226,2020012073,ARGHANIAGA PANCATUNGGAL,UNRESOLVED,,2020012073,NO_SAP
227,2020007788,ARGO PITU ISHANA,PROPOSED,JALAN / PERKERASAN,2020007788,NO_SAP
228,2020012837,ARGYA ENERGY SUMATERA,EXISTING_PRESERVED,konstruksi jalan dan tol,2020012837,
229,2020014556,ARI KUSBANDONO,PROPOSED,"EQUIPMENT / RENTAL, LOGISTICS / TRANSPORT",2020014556,NO_SAP
230,2020015752,ARI UTOYO,UNRESOLVED,,2020015752,NO_SAP
231,2020004310,ARI WAHYU KHATULISTIWA,PROPOSED,SAFETY / K3,2020004310,NO_SAP
232,2020011998,ARI WAHYUNINGTYAS,PROPOSED,"FAÇADE / ARSITEKTUR, BEKISTING / FORMWORK, PRECAST / BETON PRACETAK, EQUIPMENT / RENTAL, STRUKTUR BETON / CONCRETE, BAHAN BANGUNAN, PLUMBING / PIPA, ELEKTRIKAL, MEKANIKAL, JALAN / PERKERASAN, STP (SEWAGE, TREATMENT PLANT) & WTP (WATER TREATMENT PLANT), LOGISTICS / TRANSPORT, PEKERJAAN SIPIL STRUCTURE, FURNITURE PERMANEN ADM BLDG",2020011998,NO_SAP
233,2020004311,ARIA JASA REKSATAMA,PROPOSED,JALAN / PERKERASAN,2020004311,NO_SAP
234,2020012440,ARIEF EFENDI S,PROPOSED,"EQUIPMENT / RENTAL, SAFETY / K3, LOGISTICS / TRANSPORT",2020012440,NO_SAP
235,2020004600,BUDI,PROPOSED,"STRUKTUR BETON / CONCRETE, MEKANIKAL, BEKISTING / FORMWORK, PLUMBING / PIPA, ELEKTRIKAL, EQUIPMENT / RENTAL, FAÇADE / ARSITEKTUR, PEKERJAAN TANAH / EARTHWORKS, PEKERJAAN SIPIL STRUCTURE",2020004600,NO_SAP
236,2020012688,ARIF HERU NUGROHO,PROPOSED,"STEEL / FABRIKASI, PLUMBING / PIPA, STRUKTUR BETON / CONCRETE, FAÇADE / ARSITEKTUR, PEKERJAAN SIPIL STRUCTURE",2020012688,NO_SAP
237,2020015051,ARIFIN,PROPOSED,"STEEL / FABRIKASI, MEKANIKAL, EQUIPMENT / RENTAL, STRUKTUR BETON / CONCRETE, FAÇADE / ARSITEKTUR, AGREGAT / BAHAN URUG, SAFETY / K3, BAHAN BANGUNAN",2020015051,NO_SAP
238,2020010248,ARINDO PRATAMA,PROPOSED,"PEKERJAAN TANAH / EARTHWORKS, STP (SEWAGE, TREATMENT PLANT) & WTP (WATER TREATMENT PLANT)",2020010248,NO_SAP
239,2020015023,ARIS ADI SAPUTRA,PROPOSED,EQUIPMENT / RENTAL,2020015023,NO_SAP
240,2020013211,ARKANA SUMBER BERKAH,EXISTING_PRESERVED,Tidak ditemukan kesamaan lingkup pekerjaan,2020013211,
241,2020002576,ARMADA TRANS SURABAYA,EXISTING_PRESERVED,Tidak ditemukan kesamaan lingkup pekerjaan,2020002576,
242,2020011770,ARMAN MAULANA,PROPOSED,"FAÇADE / ARSITEKTUR, GEOTEXTILE / GEOGRID / VERTICAL DRAIN, PEKERJAAN TANAH / EARTHWORKS",2020011770,NO_SAP
243,2020013440,ARSHAKA RANTAU PERSADA,EXISTING_PRESERVED,Tidak ditemukan kesamaan lingkup pekerjaan,2020013440,
244,2020004018,ARTA MAKMUR ABADI,PROPOSED,"FAÇADE / ARSITEKTUR, SAFETY / K3",2020004018,NO_SAP
245,2020015931,ARTA NUSA GEMILANG,EXISTING_PRESERVED,Tidak ditemukan kesamaan lingkup pekerjaan,2020015931,
246,2020002573,ARTHA MAS GRAHA ANDALAN,PROPOSED,"STEEL / FABRIKASI, FAÇADE / ARSITEKTUR",2020002573,NO_SAP
247,2020007790,"ARTHA MEGA SERINDO KONSTRUKSI,",PROPOSED,"BORED PILE / PONDASI, STEEL / FABRIKASI, STRUKTUR BETON / CONCRETE, LOGISTICS / TRANSPORT, PEKERJAAN SIPIL STRUCTURE",2020007790,NO_SAP
248,2020015947,ARTHA MULIA BETON,EXISTING_PRESERVED,"SAFETY / K3
Bendera Merah Putih, K3, Jamsostek, HK",2020015947,
249,2020002426,ARTHA NUSANTARA ABADI,PROPOSED,JALAN / PERKERASAN,2020002426,NO_SAP
250,2020000190,ARTHA VEDA,EXISTING_PRESERVED,"EQUIPMENT / RENTAL
sewa alat berat",2020000190,
251,2020001198,ARTHALAUT BUMIJASA,PROPOSED,"AGREGAT / BAHAN URUG, PEKERJAAN TANAH / EARTHWORKS",2020001198,NO_SAP
252,2020013776,ARTHALAUT BUMIJASA,EXISTING_PRESERVED,"PEKERJAAN TANAH / EARTHWORKS
Galian Batu
Galian Batu Lunak
Galian Biasa
Timbunan Biasa dari Hasil Galian",2020013776,
253,2020010936,ARTOLITE INDAH MEDIATAMA,EXISTING_PRESERVED,"ELEKTRIKAL, 
Pek. Elektrikal_JK_LS
Lampu",2020010936,
254,2020008974,ARTOZ INDO UTAMA,EXISTING_PRESERVED,"FAÇADE / ARSITEKTUR
Atap Gerbang Tol untuk 5 Pulau Tol",2020008974,
255,2020014300,ARUM TRI LESTARI,PROPOSED,"BEKISTING / FORMWORK, STRUKTUR BETON / CONCRETE, PEKERJAAN SIPIL STRUCTURE",2020014300,NO_SAP
256,2020004355,ARY BANGUN PERKASA,PROPOSED,"BEKISTING / FORMWORK, EQUIPMENT / RENTAL, STRUKTUR BETON / CONCRETE, PRECAST / BETON PRACETAK, FAÇADE / ARSITEKTUR, PEKERJAAN TANAH / EARTHWORKS, LOGISTICS / TRANSPORT, PEKERJAAN SIPIL STRUCTURE",2020004355,NO_SAP
257,2020013305,ARYA SATYA SEJAHTERA,EXISTING_PRESERVED,"BANGUNAN PENGAIRAN ( BENDUNG, IRIGASI, SUNGAI, PINTU AIR )
KONTRAKTOR UMUM",2020013305,
258,2020008185,ARYOS BERKAT SUKSES,UNRESOLVED,,2020008185,NO_SAP
259,2020010635,ASA MAJU PERSADA,EXISTING_PRESERVED,Arsitektur,2020010635,
260,2020004361,ASA MITRA ENJINIRING,PROPOSED,EQUIPMENT / RENTAL,2020004361,NO_SAP
261,2020013964,ASAHI FIBREGLASS,PROPOSED,"FAÇADE / ARSITEKTUR, STP (SEWAGE, TREATMENT PLANT) & WTP (WATER TREATMENT PLANT), LOGISTICS / TRANSPORT",2020013964,NO_SAP
262,2020013966,ASAHI FIBREGLASS,EXISTING_PRESERVED,"STP (SEWAGE, TREATMENT PLANT) & WTP (WATER TREATMENT PLANT)",2020013966,
263,2020011114,ASEP DIANA,PROPOSED,"PLUMBING / PIPA, ELEKTRIKAL, MEKANIKAL",2020011114,NO_SAP
264,2020004832,DEDIT PRASETYO,PROPOSED,"LOGISTICS / TRANSPORT, EQUIPMENT / RENTAL, FAÇADE / ARSITEKTUR, BAHAN BANGUNAN",2020004832,NO_SAP
265,2020009112,ASERA GEMILANG LESTARI,PROPOSED,FURNITURE PERMANEN ADM BLDG,2020009112,NO_SAP
266,2020009653,ASHOK KUMAR,PROPOSED,FURNITURE PERMANEN ADM BLDG,2020009653,NO_SAP
267,2020000199,ASPHALT BANGUN SARANA,PROPOSED,JALAN / PERKERASAN,2020000199,NO_SAP
268,2020000202,ASRI KARYA LESTARI,PROPOSED,"BEKISTING / FORMWORK, BORED PILE / PONDASI, STRUKTUR BETON / CONCRETE, FAÇADE / ARSITEKTUR, PEKERJAAN TANAH / EARTHWORKS, PEKERJAAN SIPIL STRUCTURE",2020000202,NO_SAP
269,2020000203,ASRI KARYA LESTARI,PROPOSED,"BEKISTING / FORMWORK, BORED PILE / PONDASI, STRUKTUR BETON / CONCRETE, PEKERJAAN SIPIL STRUCTURE",2020000203,NO_SAP
270,2020013448,ASRIL,PROPOSED,"STRUKTUR BETON / CONCRETE, BEKISTING / FORMWORK, STEEL / FABRIKASI, ELEKTRIKAL, EQUIPMENT / RENTAL, FAÇADE / ARSITEKTUR, IT / TELECOM, PEKERJAAN SIPIL STRUCTURE, FURNITURE PERMANEN ADM BLDG",2020013448,NO_SAP
271,2020004839,DEKY HARJOKO,PROPOSED,"PEKERJAAN TANAH / EARTHWORKS, JALAN / PERKERASAN, EQUIPMENT / RENTAL",2020004839,NO_SAP
272,2020004384,ASSEGAF HAMZAH & PARTNERS,PROPOSED,LEGAL / CORPORATE,2020004384,NO_SAP
273,2020013231,ASTA KALIBRASI SINERGI,EXISTING_PRESERVED,Tidak ditemukan kesamaan lingkup pekerjaan,2020013231,
274,2020004385,ASTINAPUTERA EKAPERKASA,PROPOSED,"EQUIPMENT / RENTAL, CARGO / LOGISTICS TRANSPORT (DARAT, LAUT, UDARA)",2020004385,NO_SAP
275,2020009242,ASTON PRIMA RAYA,PROPOSED,"MEKANIKAL, JALAN / PERKERASAN",2020009242,NO_SAP
276,2020001201,ASTRA GRAPHIA,PROPOSED,"EQUIPMENT / RENTAL, FAÇADE / ARSITEKTUR, FURNITURE PERMANEN ADM BLDG",2020001201,NO_SAP
277,2020015605,ASVAR SAID,PROPOSED,"BEKISTING / FORMWORK, MEKANIKAL, EQUIPMENT / RENTAL, STRUKTUR BETON / CONCRETE, FAÇADE / ARSITEKTUR, AGREGAT / BAHAN URUG, BAHAN BANGUNAN, PEKERJAAN SIPIL STRUCTURE",2020015605,NO_SAP
278,2020014010,ASWARI,PROPOSED,"LANDSCAPING, BAHAN BANGUNAN",2020014010,NO_SAP
279,2020012496,ASWINDRA SARANA NUSANTARA,EXISTING_PRESERVED,Tidak ditemukan kesamaan lingkup pekerjaan,2020012496,
280,2020008563,ATAP TEDUH LESTARI,PROPOSED,"FAÇADE / ARSITEKTUR, PLUMBING / PIPA, FURNITURE PERMANEN ADM BLDG",2020008563,NO_SAP
281,2020010994,ATHAR JAYA KONSTRUKSI,EXISTING_PRESERVED,"EQUIPMENT / RENTAL
Beban Sewa Alat External
Beban Sewa Alat External 2
Jasa Sewa Equipment (JK)",2020010994,
282,2020009398,ATIQAH BERDIKARI MANDIRI,EXISTING_PRESERVED,"ELEKTRIKAL, Kesamaan lingkup
Agregat Klas A
Pasir Beton
Pasir Pasang
Pulling Cable Consumable
Mob & Demob Genset",2020009398,
283,2020013033,ATLAS COPCO INDONESIA,EXISTING_PRESERVED,"MEKANIKAL
Air Compressor di Jetty Area
Air Compressor di Cement Silo Area
Air Compressor di Blending Silo Area",2020013033,
284,2020013077,ATLAS COPCO INDONESIA,PROPOSED,"CARGO / LOGISTICS TRANSPORT (DARAT, LAUT, UDARA)",2020013077,NO_SAP
285,2020004395,ATRYA SWASCIPTA REKAYASA,EXISTING_PRESERVED,Tidak ditemukan kesamaan lingkup pekerjaan,2020004395,
286,2020004397,ATTARAYA MITRA KONSTRUKSI,EXISTING_PRESERVED,"BEKISTING / FORMWORK
Bekisting podium
Pek. Bekisting_JK_M2
Bekisting tangga
Bekisting shear wall , core wall, rw
Bekisting balok
Bekisting pelat
Bekisting kolom square
Bekisting kolom
Bekisting Shearwall, core wall, Rw
Bekisting meja beton (multiplex)",2020004397,
287,2020000211,AULIA,PROPOSED,SAFETY / K3,2020000211,NO_SAP
288,2020016047,AULIYANA SELFAS,PROPOSED,"FAÇADE / ARSITEKTUR, BAHAN BANGUNAN",2020016047,NO_SAP
289,2020009351,AUMUND ASIA (H.K) LIMITED,PROPOSED,JALAN / PERKERASAN,2020009351,NO_SAP
290,2020004398,AUSTRALINDO GRAHA NUSA,EXISTING_PRESERVED,Tidak ditemukan kesamaan lingkup pekerjaan,2020004398,
291,2020008931,AVENEW INDONESIA,EXISTING_PRESERVED,Tidak ditemukan kesamaan lingkup pekerjaan,2020008931,
292,2020014506,AWAN SEBAYU,EXISTING_PRESERVED,"PEKERJAAN TANAH / EARTHWORKS
Tanah Hasil Galian di Buang dengan Jarak
Tanah Hasil Galian Dihampar, Diratakan,",2020014506,
293,2020012966,AXELLA ADHI PRATAMA,EXISTING_PRESERVED,Tidak ditemukan kesamaan lingkup pekerjaan,2020012966,
294,2020011538,AYANG ALVATIH,PROPOSED,TESTING / LABORATORY,2020011538,NO_SAP
295,2020012196,AYARI PERSADA,PROPOSED,"PLUMBING / PIPA, ELEKTRIKAL, MEKANIKAL",2020012196,NO_SAP
296,2020001203,AYU KEMBANG KARYA,PROPOSED,"EQUIPMENT / RENTAL, LOGISTICS / TRANSPORT",2020001203,NO_SAP
297,2020009944,AZARINDO NUSANTARA ADITYA TRIP,PROPOSED,"FAÇADE / ARSITEKTUR, FURNITURE PERMANEN ADM BLDG",2020009944,NO_SAP
298,2020008913,AZKA PUTRA MANDIRI,EXISTING_PRESERVED,"EQUIPMENT / RENTAL
Sewa Alat
Sewa Alat Excavator SK-50
Sewa Alat Excavator SK-75",2020008913,
299,2020012033,AZKATEL GLOBAL TEKNOLOGI,PROPOSED,FURNITURE PERMANEN ADM BLDG,2020012033,NO_SAP
300,2020013594,AZURA AMCTAN ENGINEERING,EXISTING_PRESERVED,Tidak ditemukan kesamaan lingkup pekerjaan,2020013594,
301,2020008372,BADAR MULYA PERSADA,PROPOSED,"BEKISTING / FORMWORK, STEEL / FABRIKASI, STRUKTUR BETON / CONCRETE, FAÇADE / ARSITEKTUR, BAHAN BANGUNAN, PEKERJAAN SIPIL STRUCTURE",2020008372,NO_SAP
302,2020014609,BAGAS RAHARJA,EXISTING_PRESERVED,Tidak ditemukan kesamaan lingkup pekerjaan,2020014609,
303,2020009727,BAHANA TEHNIK RAYA,UNRESOLVED,,2020009727,NO_SAP
304,2020000224,BAHARUDIN,PROPOSED,"STRUKTUR BETON / CONCRETE, MEKANIKAL, PRECAST / BETON PRACETAK, FAÇADE / ARSITEKTUR, BEKISTING / FORMWORK, SAFETY / K3, LANDSCAPING, JALAN / PERKERASAN, STP (SEWAGE, TREATMENT PLANT) & WTP (WATER TREATMENT PLANT), LOGISTICS / TRANSPORT, PEKERJAAN SIPIL STRUCTURE, FURNITURE PERMANEN ADM BLDG",2020000224,NO_SAP
305,2020013393,BAJA PRIMA LESTARI,EXISTING_PRESERVED,Tidak ditemukan kesamaan lingkup pekerjaan,2020013393,
306,2020010633,BAJASAKTI TRANS PERKASA,PROPOSED,LOGISTICS / TRANSPORT,2020010633,NO_SAP
307,2020016085,BAKRI WAHID,PROPOSED,FAÇADE / ARSITEKTUR,2020016085,NO_SAP
308,2020003270,BAKRIE METAL INDUSTRIES,UNRESOLVED,,2020003270,NO_SAP
309,2020011097,BAKRIE METAL INDUSTRIES,PROPOSED,BAHAN BANGUNAN,2020011097,NO_SAP
310,2020014472,BALE DHANA,EXISTING_PRESERVED,", STRUKTUR BETON / CONCRETE
Beton Readymix K125 10±2 FA 10%
Beton Readymix K100 10±2 FA 10%
Beton Ready Mix K-350",2020014472,
311,2020014218,BALIKPAPAN READY MIX,EXISTING_PRESERVED,"STRUKTUR BETON / CONCRETE
Beton Readymix Fc 50 12±2 NFA
Beton fc' 35 Mpa - SCC
Beton fc' 35",2020014218,
312,2020004433,BALIKPAPAN READY MIX PILE,PROPOSED,"PRECAST / BETON PRACETAK, STRUKTUR BETON / CONCRETE",2020004433,NO_SAP
313,2020012021,BALIKPAPAN READY MIX PILE,PROPOSED,"PRECAST / BETON PRACETAK, BORED PILE / PONDASI, STRUKTUR BETON / CONCRETE",2020012021,NO_SAP
314,2020009307,BALISTHA GAPALA NANDYA,EXISTING_PRESERVED,Tidak ditemukan kesamaan lingkup pekerjaan,2020009307,
315,2020004436,BAMBANG DJAJA,PROPOSED,ELEKTRIKAL,2020004436,NO_SAP
316,2020015019,BAMBANG IRAWAN,UNRESOLVED,,2020015019,NO_SAP
317,2020013862,BAMBANG ISWAHYUDI,PROPOSED,"BEKISTING / FORMWORK, STRUKTUR BETON / CONCRETE, FAÇADE / ARSITEKTUR, PEKERJAAN TANAH / EARTHWORKS, LOGISTICS / TRANSPORT, PEKERJAAN SIPIL STRUCTURE, FURNITURE PERMANEN ADM BLDG",2020013862,NO_SAP
318,2020013010,BAMBANGSUPRIADI,PROPOSED,"BEKISTING / FORMWORK, PLUMBING / PIPA, STRUKTUR BETON / CONCRETE, PEKERJAAN TANAH / EARTHWORKS, AGREGAT / BAHAN URUG, PEKERJAAN SIPIL STRUCTURE",2020013010,NO_SAP
319,2020008881,BANGKIT ADIO SAKATO,EXISTING_PRESERVED,"EQUIPMENT / RENTAL
Sewa Excavator
Excavator Long Arm
Sewa Bulldozer
Mob Demob Excavator
Excavator
Bulldozer
Excavator Breaker
Sewa Excavator Breaker
Excavator Bucket
Sewa Alat Vibro Roller
Sewa Excavator PC-75
Sewa Excavator PC-75_JK_MON
Beban Sewa Alat External
Sewa Alat Berat",2020008881,
320,2020010372,BANGKIT ADIO SAKATO,PROPOSED,EQUIPMENT / RENTAL,2020010372,NO_SAP
321,2020001205,BANGKIT MITRA PERKASA,PROPOSED,"ELEKTRIKAL, PLUMBING / PIPA, MEKANIKAL",2020001205,NO_SAP
322,2020014354,BANGUN BERSAMA MAKMUR,EXISTING_PRESERVED,Tidak ditemukan kesamaan lingkup pekerjaan,2020014354,
323,2020014393,BANGUN CIPTA KONTRAKTOR,EXISTING_PRESERVED,Tidak ditemukan kesamaan lingkup pekerjaan,2020014393,
324,2020004450,BANGUN KARYA BERSAMA,EXISTING_PRESERVED,"JALAN / PERKERASAN
Sub.Marka Jalan, Tipe A (Penerapan Umum)
Subkon Marka Jalan, Tipe A ADD
Subkon Solar Road Stud
Subkon Marka Jalan, Tipe A (Penerapan Um
Marka Jalan Termoplastik",2020004450,
325,2020009832,BANGUN KUALITAS UTAMA,EXISTING_PRESERVED,Tidak ditemukan kesamaan lingkup pekerjaan,2020009832,
326,2020004452,BANGUN MAJU BERKARYA,EXISTING_PRESERVED,Tidak ditemukan kesamaan lingkup pekerjaan,2020004452,
327,2020009820,BANGUN RESTU BERSAMA DIONO,EXISTING_PRESERVED,Tidak ditemukan kesamaan lingkup pekerjaan,2020009820,
328,2020009549,BANGUN SEJAHTERA,PROPOSED,LOGISTICS / TRANSPORT,2020009549,NO_SAP
329,2020016058,BANNY APRIANSYAH,UNRESOLVED,,2020016058,NO_SAP
330,2020013220,BANUA GEMILANG,EXISTING_PRESERVED,Tidak ditemukan kesamaan lingkup pekerjaan,2020013220,
331,2020010949,BANYU MAS LIMA PERKASA,EXISTING_PRESERVED,"MEKANIKAL, PLUMBING / PIPA
Material RTW - MWT & ECP Chlorin Piping
HVAC Main Equipment",2020010949,
332,2010000020,BARATA INDONESIA (PERSERO),PROPOSED,"FAÇADE / ARSITEKTUR, JALAN / PERKERASAN",2010000020,NO_SAP
333,2020016083,BAROKAH MULTI PRIMA,EXISTING_PRESERVED,Tidak ditemukan kesamaan lingkup pekerjaan,2020016083,
334,2020011077,BARRUMI MEDIA CIPTA,UNRESOLVED,,2020011077,NO_SAP
335,2020014630,BASIRON,PROPOSED,"BORED PILE / PONDASI, MEKANIKAL, STRUKTUR BETON / CONCRETE, FAÇADE / ARSITEKTUR, JALAN / PERKERASAN, PEKERJAAN TANAH / EARTHWORKS, LOGISTICS / TRANSPORT, BAHAN BANGUNAN, PEKERJAAN SIPIL STRUCTURE",2020014630,NO_SAP
336,2020004464,BASKARA PRIMA SARANA,PROPOSED,MEKANIKAL,2020004464,NO_SAP
337,2020011155,BASKARA PRIMA SARANA,PROPOSED,MEKANIKAL,2020011155,NO_SAP
338,2020014095,BASKARA PRIMA SARANA,PROPOSED,MEKANIKAL,2020014095,NO_SAP
339,2020014342,BASUKI RAHMAT,PROPOSED,LOGISTICS / TRANSPORT,2020014342,NO_SAP
340,2020013146,BATUGANA JAYA MANDIRI,PROPOSED,"PRECAST / BETON PRACETAK, STRUKTUR BETON / CONCRETE, STP (SEWAGE, TREATMENT PLANT) & WTP (WATER TREATMENT PLANT)",2020013146,NO_SAP
341,2020013147,BATUGANA JAYA MANDIRI,EXISTING_PRESERVED,"PRECAST / BETON PRACETAK, STRUKTUR BETON / CONCRETE
Pekerjaan Precast Saluran Tahap 7
Pekerjaan Precast Saluran Tahap 8
Pekerjaan Precast Saluran Tahap 9
Pekerjaan Precast Saluran Tahap 10
Pekerjaan Precast Saluran Tahap 11
Pekerjaan Precast Saluran Tahap 12
Pekerjaan precast saluran tahap 13
Pekerjaan precast saluran tahap 14
Precast Concrete Pipe Dia.1,00 m
Pekerjaan Precast Saluran Tahap 15
Pekerjaan Precast Saluran Tahap 16",2020013147,
342,2020014397,BATULICIN BETON ASPHALT,EXISTING_PRESERVED,"STRUKTUR BETON / CONCRETE
Beton Readymix Fc 35 10±2 FA 10%",2020014397,
343,2020003412,BAUER PRATAMA INDONESIA,EXISTING_PRESERVED,"BORED PILE / PONDASI, Kesamaan lingkup, PEKERJAAN TANAH / EARTHWORKS
Upah Bore Pile dengan Ultrasonik D150 (B
Uji PDA Tiang Bore Pile
PIT Test
Upah Buang Tanah D150",2020003412,
344,2020012090,BAYU BUANA PRIMA TEKNIK,PROPOSED,"STP (SEWAGE, TREATMENT PLANT) & WTP (WATER TREATMENT PLANT)",2020012090,NO_SAP
345,2020012775,BAYU KESUMA WIJAYA,PROPOSED,"FAÇADE / ARSITEKTUR, SAFETY / K3, STRUKTUR BETON / CONCRETE, BEKISTING / FORMWORK, JALAN / PERKERASAN, LOGISTICS / TRANSPORT, PEKERJAAN SIPIL STRUCTURE",2020012775,NO_SAP
346,2020012020,BAYU MAJU JAYA,EXISTING_PRESERVED,Tidak ditemukan kesamaan lingkup pekerjaan,2020012020,
347,2020010798,BBM - WKI KSO,PROPOSED,"STRUKTUR BETON / CONCRETE, PEKERJAAN SIPIL STRUCTURE",2020010798,NO_SAP
348,2020012288,BENGALON JAYA LESTARI,PROPOSED,BORED PILE / PONDASI,2020012288,NO_SAP
349,2020014032,BENI ISKANDAR,PROPOSED,EQUIPMENT / RENTAL,2020014032,NO_SAP
350,2020001207,BENTENG TIMUR PERKASA,PROPOSED,"STRUKTUR BETON / CONCRETE, AGREGAT / BAHAN URUG, SAFETY / K3, BAHAN BANGUNAN",2020001207,NO_SAP
351,2020004491,BERCA SCHINDLER LIFTS,PROPOSED,"PLUMBING / PIPA, ELEKTRIKAL, MEKANIKAL",2020004491,NO_SAP
352,2020000255,BERDIKARI PONDASI PERKASA,EXISTING_PRESERVED,"BORED PILE / PONDASI, Kesamaan lingkup
Upah pembesian bored pile + langsir Flee
Upah Pengecoran bore pile Fleet 1
Mob Demob & Persiapan Bore Pile Fleet 1
PDA Test Fleet 1
Upah Pengecoran Bore Pile
Mob & Demob Alt Pancang + persiapan (JK)
Handling Tiang Pancang uk. 50 cm Spun Pi
Pemancangan tiang pancang Uk. 50 cm Spun
Loading Test tekan tiang pancang kapasit
PDA Test
Mobilisasi dan Demobilisasi Alat Pancang
Upah Dolly pancang
Joint Tiang Pancang
Pekerjaan penetrasi tiang pancang 30x30
Pekerjaan Handling Tiang Pancang
Mob Demob Alat Pancang
Persiapan Pancang
Mob/demob.Alat Bore Pile+HSE,APD, MESS
Pancang casing dia.1600
Pekerjaan Bore Pile dia.1500 mm",2020000255,
353,2020012289,BERKAH BERMITRA SENTOSA,PROPOSED,"EQUIPMENT / RENTAL, AGREGAT / BAHAN URUG",2020012289,NO_SAP
354,2020014392,BERKAH JAYA PUTERA,EXISTING_PRESERVED,Tidak ditemukan kesamaan lingkup pekerjaan,2020014392,
355,2020000257,BERKAH MANDIRI,PROPOSED,JALAN / PERKERASAN,2020000257,NO_SAP
356,2020002766,BERKAH MULIA MANDIRI,PROPOSED,JALAN / PERKERASAN,2020002766,NO_SAP
357,2020009515,BERKAH SUMBER LANGGENG,PROPOSED,"PLUMBING / PIPA, EQUIPMENT / RENTAL",2020009515,NO_SAP
358,2020011856,BERKAH TIRTA SOLUSINDO,PROPOSED,"PRECAST / BETON PRACETAK, STRUKTUR BETON / CONCRETE, BEKISTING / FORMWORK, FAÇADE / ARSITEKTUR, BAHAN BANGUNAN, PEKERJAAN SIPIL STRUCTURE",2020011856,NO_SAP
359,2020001209,BERKAT JAYA BETON,PROPOSED,"MEKANIKAL, EQUIPMENT / RENTAL, STRUKTUR BETON / CONCRETE",2020001209,NO_SAP
360,2020013940,BERKAT JAYA BETON,EXISTING_PRESERVED,Tidak ditemukan kesamaan lingkup pekerjaan,2020013940,
361,2020002260,BERKAT KARUNIA PHALA,EXISTING_PRESERVED,Tidak ditemukan kesamaan lingkup pekerjaan,2020002260,
362,2020012029,BERKAT MANUNGGAL ENERGI,EXISTING_PRESERVED,"ELEKTRIKAL
Generator Set Open Type 2000 Kva
Generator Set (Genset)",2020012029,
363,2020015350,BERKAT SAHABAT,EXISTING_PRESERVED,Tidak ditemukan kesamaan lingkup pekerjaan,2020015350,
364,2020010951,BERLI IKHSAN SYAEFULLAH,PROPOSED,"BEKISTING / FORMWORK, JALAN / PERKERASAN, STRUKTUR BETON / CONCRETE, FAÇADE / ARSITEKTUR, LOGISTICS / TRANSPORT, BAHAN BANGUNAN, PEKERJAAN SIPIL STRUCTURE",2020010951,NO_SAP
365,2020013526,BERLIAN DJAYA NUSANTARA,EXISTING_PRESERVED,Tidak ditemukan kesamaan lingkup pekerjaan,2020013526,
366,2020009008,BERLIAN PALUGADA PERKASA,EXISTING_PRESERVED,"BAHAN BANGUNAN, EQUIPMENT / RENTAL, FAÇADE / ARSITEKTUR, LANDSCAPING, PLUMBING / PIPA, STEEL / FABRIKASI, STRUKTUR BETON / CONCRETE
Install Pipa Upvc Dia.150
Install Pipa Upvc Dia.200
Chequered Plate 6T
Steel Grating 45 T
Steel Grating 32 T
Embedded Steel
COR BETON CP UPPER GROUND
Stainless Pipe Handrail
(Gri) Lintel Beam Ccb
Ceiling Prfrat Mineral Acoustik Tile,T15
Pasang Keramik Lantai Unglazed15X15
(Fg) Chequered Plate 6T
(Cf) Steel Pipe Handrail
(Sms) Pipa Pvc Aw Dia.200 Mm
Fire Steel Door (Single Leaf Door)
(Gri)  Steel Door
Rollling Steel Door + Mortirized Roller
Sgl Steel Window W/ Glass
Pasang Paving Con Slab Thk.10Cm
Concrete Tile
Ceiling, Emulsion Paint Dft 80 Um
Floor Epoxy Lining On Monolithic Steel
Skirting, Chemical Resistant Tile Base
Pasang Keramik Lantai Pvc50X50
Fire Rated Steel Door, 120Menit Fr
Window Sill Concrete 100X300Mm
Pasang Dinding Hollow Block T200mm
Pasang Keramik Dinding Glazed30X30
Steel Double Leaf Fire Door
Steel Door, Single Door (1.00 X 2.10M)
Pasang Dinding Hollow Block T160Mm
(Prk) Hollow Block T = 160 Mm
Concr. for Ground Slab FC 25 Type II
Lean Concrete FC 15 Type I
Liquid Waterproofing
Skirting, Homogenous Cera Tile Base
[120 Fr]Steel Dbl Leaf Flush Door(1X2.1
Kolom/Balok Praktis(Lintel)100X100Mm
Insulation F/ Block/Brick,Therm.Cndctiv
Ceiling Moistur Proof Accs Fibertile,T15
Ceiling Moisture Resistant Suspended
Fire Rated Steel Door, 30Menit Fr
Dbl Steel Window W/ 2 Glass
(Fg)Str. Steel, Paint Rm(Hw < 150 Kg/M)
Str. Steel, Paint Rm(Lw<150Kg/M), Incl.
(Ctm) Str. Steel, Paint Bm (Hw<150 Kg/M)
(Ctm) Str. Steel, Paint Bm (Hw>300 Kg/M)
(Fg)Str. Steel,Painted Rm (Mw 300-150 Kg
Str. Steel, Paint Rm(Hw < 150 Kg/M)
Pek. Deck Plate Fly Ash Silo Unit 3
Pek. Deck Plate Fly Ash Silo Unit 2
Pek. Deck Plate Fly Ash Silo Unit 1
Str. Steel, Paint  Fly Ash Lot 6
Pendukung Steel Structure Assesories
Str. Steel, Paint Bm (Hw>300 Kg/M) Conve
Mobile Equipment Garage  Building, Excav
Steel Structure ( LW < 150 kg ) - Mobile
Add. Reinforce Plate Fly Ash Silo
Add. Steel Structure srea STG-ACW Platfo
Finishing Work FGd&ESP Control
Boiler Paving dan Misc. FDn Finishing
Pek. Finishing Struktur FGD&ESP Bldg
Pek. Finishing Struktur Turbine Building
Pek. Finishing Struktur TT-03
Pek. Finishing Struktur TT-04
Pek. Finishing Struktur Hazardous Bldg
Pek. Finishing Struktur Fire Station Bld
Pek. Finishing Struktur Workshop Buildin
Finishing Boiler Paving&Misc. FDN
Finishing Workshop Building
Finishing Fire Station
Finishing FGD & ESP Control & Electrical
Finishing Fire Station Tahap 2
Finishing Stormwater - Settlement Basin
Finishing Area Gate House
Finishing Coal Shed Incl. Stock Yard
Finishing Turbine Building
Finishing TT 03 dan TT-04
Pek. Drainage NTP Work
Pek. Finishing Worshop Building
Pek. Finishing STG Building
Pek. Finishing Turbine Building
Pek. Finishing CCB Building
Pek. Finishing TT-07 & TT-08
Pek. Finishing TT-07 & TT-08 Tahap 2
Pek. Finishing Gallery
Pek. Finishing Storm water Sett. Basin T
Pek. Finishing Mobile Equip. Garage
Pekerjaan Pengecatan, Arsitektur, dan ME
Pekerjaan Arsitektur dan Landscape All A
Pekerjaan Pipa Sanitary ECP, Pasang Scaf
Pekerjaan Sipil dan Pipa All Area
Pekerjaan Sipil dan Finishing All Area
Pekerjaan Sipil dan Drainage All Area
Pekerjaan Sipil, Drainage dan Downspout
Structural Steel, PRM (Light Weight ≤ 15
Steel Grating 25T
Steel Pipe Handrail
Beksting Dia 900 ID 900, Plate 5mm
Pekerjaan support shoring balok Atap
Pekerjaan Kolom Fasad
Pekerjaan balok lantai atas
Instalasi Electrical Equipment Tahap 7
Instalasi Electrical Equipment Tahap 6
Instalasi Electrical Equipment Tahap 5
Pekerjaan Instalasi Equipment Electrical
Pekerjaan Instalasi Equipment Instrument
Angkutan Pipa dia.6 inc
Sewa Crane 50 Ton
Base Plate 12mm
Sewa Mobile Crane",2020009008,
367,2020004514,BERNARD MR,PROPOSED,"EQUIPMENT / RENTAL, JALAN / PERKERASAN, SAFETY / K3",2020004514,NO_SAP
368,2020012682,BERRY ERKON PRATAMA,PROPOSED,"ELEKTRIKAL, PLUMBING / PIPA, MEKANIKAL",2020012682,NO_SAP
369,2020008861,BEST ENERGY SYSTEM,PROPOSED,ELEKTRIKAL,2020008861,NO_SAP
370,2020013773,BEST ENGINEER PERSADA,EXISTING_PRESERVED,"EQUIPMENT / RENTAL
Pengadaan Material Tambahan Shiploader (",2020013773,
371,2020015862,BESUS MUHAMAD,PROPOSED,FAÇADE / ARSITEKTUR,2020015862,NO_SAP
372,2020013772,BETON ELEMENINDO PERKASA,EXISTING_PRESERVED,"PRECAST / BETON PRACETAK, STRUKTUR BETON / CONCRETE
Cover U-Ditch 1000
Buis Beton 100x100x10 (D 10mm)
U-Ditch 600x800x1200
Cover U-Ditch 400x600x1200
U-Ditch 400x400x1200
Tiang Beton 160x18013200mm",2020013772,
373,2020000264,BETON PERKASA WIJAKSANA,EXISTING_PRESERVED,"BEKISTING / FORMWORK
Sewa Bekisting CWPH Tahap II
Bekisting Plat
Bekisting balok ( Ex Bpw )
Sewa bekisting kolom
Sewa bekisting shearwall
Sewa bekisting balok
Bekisting kolom ( Ex Bpw )
Bekisting lantai ( Ex BPW )
Risiko hilang alat perancah bekisting",2020000264,
374,2020014494,BETTY AROFAH,PROPOSED,"FAÇADE / ARSITEKTUR, PEKERJAAN TANAH / EARTHWORKS",2020014494,NO_SAP
375,2020009171,BEUMER GROUP (THAILAND) CO. LT,PROPOSED,"JALAN / PERKERASAN, FURNITURE PERMANEN ADM BLDG",2020009171,NO_SAP
376,2020002077,BHIRAWA STEEL,EXISTING_PRESERVED,", STRUKTUR BETON / CONCRETE
Besi Beton Ulir Dia. 13
Besi Beton Ulir Dia. 10
Besi Beton Ulir Dia. 16
Besi Beton Ulir Dia. 25
Besi Beton Ulir Dia. 32
Besi Beton Ulir Dia. 19
Besi Beton Ulir Dia. 22
Besi Beton Polos Dia. 32
Besi Beton
Besi Beton Ulir Dia. 8
Besi Beton Ulir
Besi Beton Polos Dia. 8
Besi Beton Polos Dia. 10
Besi Beton Dowel Dia. 32
Besi Beton Ulir Dia. 29
Besi beton BJTP.420A
Angkutan besi beton (Sby-Papua)
Besi Beton Polos Dia. 12
Besi beton BJTP.280
Baja Profil (Steel Structure)
Wiremesh
Besi Beton Transport
Besi Beton Polos Dia. 19",2020002077,
377,2020014433,BIAN NIAGA BATUAN,EXISTING_PRESERVED,Tidak ditemukan kesamaan lingkup pekerjaan,2020014433,
378,2020005112,FAUZI,PROPOSED,"JALAN / PERKERASAN, STEEL / FABRIKASI",2020005112,NO_SAP
379,2020011759,BIGDATA MEDIA TEKNOLOGI,EXISTING_PRESERVED,"IT / TELECOM
Pengadaan Mini PC dengan Software AI HSS",2020011759,
380,2020012089,BIMA JAYA NUGRAHA,PROPOSED,"EQUIPMENT / RENTAL, LANDSCAPING",2020012089,NO_SAP
381,2020010573,BIMA WIJAYA,PROPOSED,SAFETY / K3,2020010573,NO_SAP
382,2020012510,BIMARUNA JAYA,EXISTING_PRESERVED,Tidak ditemukan kesamaan lingkup pekerjaan,2020012510,
383,2020012568,BINA AUDITA INDONESIA,UNRESOLVED,,2020012568,NO_SAP
384,2020010541,BINA GUNA LESTARI,PROPOSED,SAFETY / K3,2020010541,NO_SAP
385,2020015944,BINA HARAPAN,EXISTING_PRESERVED,Tidak ditemukan kesamaan lingkup pekerjaan,2020015944,
386,2020004537,BINA INDEX CONSULT,EXISTING_PRESERVED,Tidak ditemukan kesamaan lingkup pekerjaan,2020004537,
387,2020000277,BINA MITRA UTAMA,EXISTING_PRESERVED,Tidak ditemukan kesamaan lingkup pekerjaan,2020000277,
388,2020003554,BINA REKAYASA ANUGRAH,PROPOSED,LOGISTICS / TRANSPORT,2020003554,NO_SAP
389,2020014296,BINA SANTIKA MANDIRI,EXISTING_PRESERVED,Tidak ditemukan kesamaan lingkup pekerjaan,2020014296,
390,2020009448,BINA SELATAN INDAH,EXISTING_PRESERVED,Tidak ditemukan kesamaan lingkup pekerjaan,2020009448,
391,2020014036,BINA USAHA ENGINEERING,EXISTING_PRESERVED,Tidak ditemukan kesamaan lingkup pekerjaan,2020014036,
392,2020002440,BINASAHABAT JAYATAMA,EXISTING_PRESERVED,Tidak ditemukan kesamaan lingkup pekerjaan,2020002440,
393,2020004548,BINDER INDONESIA,PROPOSED,STEEL / FABRIKASI,2020004548,NO_SAP
394,2020013569,BINOKULAR MEDIA UTAMA,EXISTING_PRESERVED,Tidak ditemukan kesamaan lingkup pekerjaan,2020013569,
395,2020000281,BINTANG ANDARU MANDIRI,PROPOSED,"PEKERJAAN TANAH / EARTHWORKS, LOGISTICS / TRANSPORT, MEKANIKAL, EQUIPMENT / RENTAL",2020000281,NO_SAP
396,2020015907,BINTANG BORNEO MANDIRI,PROPOSED,PEKERJAAN TANAH / EARTHWORKS,2020015907,NO_SAP
397,2020010847,BINTANG INDONESIA GEMPITA KONS,PROPOSED,FAÇADE / ARSITEKTUR,2020010847,NO_SAP
398,2020014281,BINTANG JAYA ABADI,EXISTING_PRESERVED,Tidak ditemukan kesamaan lingkup pekerjaan,2020014281,
399,2020012619,BINTANG SEMBILAN KONSULTAN,PROPOSED,KONSULTAN PERENCANA,2020012619,NO_SAP
400,2020012044,BINTANG VIRGO UTAMA,PROPOSED,SAFETY / K3,2020012044,NO_SAP
401,2020014009,BINTER,EXISTING_PRESERVED,"FAÇADE / ARSITEKTUR
Pengecatan plafon",2020014009,
402,2020011467,BION SCE INDONESIA,PROPOSED,"PLUMBING / PIPA, ELEKTRIKAL, MEKANIKAL",2020011467,NO_SAP
403,2020008831,BIRO KLASIFIKASI INDONESIA (PE,PROPOSED,"FAÇADE / ARSITEKTUR, TESTING / LABORATORY",2020008831,NO_SAP
404,2020008868,BIRO KLASIFIKASI INDONESIA (PE,PROPOSED,"PLUMBING / PIPA, ELEKTRIKAL, MEKANIKAL",2020008868,NO_SAP
405,2020004561,BIRU INTERNATIONAL,EXISTING_PRESERVED,"FAÇADE / ARSITEKTUR
Lantai Vinyl Homogeneous tile (VN1)",2020004561,
406,2020010732,BIRUNI BIO ARSITEKTUR,UNRESOLVED,,2020010732,NO_SAP
407,2020011058,BLYTHE YOVELA,PROPOSED,"EQUIPMENT / RENTAL, BEKISTING / FORMWORK, STRUKTUR BETON / CONCRETE, JALAN / PERKERASAN, SAFETY / K3, LOGISTICS / TRANSPORT, PEKERJAAN SIPIL STRUCTURE",2020011058,NO_SAP
408,2020014645,BODEGA KREATIF NUSANTARA,EXISTING_PRESERVED,Tidak ditemukan kesamaan lingkup pekerjaan,2020014645,
409,2020014113,BONE MITRA ABADI,EXISTING_PRESERVED,"STRUKTUR BETON / CONCRETE
Beton Mutu, fc' = 15 Mpa (K175)
Bekisting fondasi dan sloof beton
Bekisting dinding beton biasa dengan mul
Pembesian Menggunakan Besi Beton BjTP di",2020014113,
410,2020009356,BORLAND NUSANTARA,PROPOSED,"EQUIPMENT / RENTAL, STRUKTUR BETON / CONCRETE, LOGISTICS / TRANSPORT, PEKERJAAN SIPIL STRUCTURE",2020009356,NO_SAP
411,2020012071,BORNEO JAYA ABADI,EXISTING_PRESERVED,"FAÇADE / ARSITEKTUR, PEKERJAAN TANAH / EARTHWORKS
LANTAI ATAP 1
Galian di belakang soldier pile
Buang Tanah Bekas Galian
Urug Kembali Tanah
pek. Buang tanah
Timbunan Tanah (hasil cut tanah)
Pekerjaan Pengecatan Plafond
Pekerjaan Pengecatan Interior Cat Minyak
Pekerjaan Pengecatan Dinding Wallpaper
Pekerjaan Finishing Lanjutan 2
Pekerjaan Finishing Lanjutan 1",2020012071,
412,2020012655,BORNEO POWER SERVICES,PROPOSED,EQUIPMENT / RENTAL,2020012655,NO_SAP
413,2020004580,BOSOWA BETON INDONESIA,PROPOSED,"STRUKTUR BETON / CONCRETE, BAHAN BANGUNAN",2020004580,NO_SAP
414,2010000001,BRANTAS ABIPRAYA (PERSERO),PROPOSED,"PRECAST / BETON PRACETAK, BORED PILE / PONDASI, PLUMBING / PIPA, ELEKTRIKAL, MEKANIKAL, STRUKTUR BETON / CONCRETE, FAÇADE / ARSITEKTUR, BAHAN BANGUNAN, PEKERJAAN SIPIL STRUCTURE",2010000001,NO_SAP
415,2020004590,BROTO SURYONO,PROPOSED,"PRECAST / BETON PRACETAK, STRUKTUR BETON / CONCRETE, BEKISTING / FORMWORK, FAÇADE / ARSITEKTUR, PEKERJAAN SIPIL STRUCTURE",2020004590,NO_SAP
416,2020009170,BRUKS-SIWERTELL AB,PROPOSED,"MEKANIKAL, JALAN / PERKERASAN",2020009170,NO_SAP
417,2020001219,BSI GROUP INDONESIA,PROPOSED,TESTING / LABORATORY,2020001219,NO_SAP
418,2020009706,BSI GROUP INDONESIA,EXISTING_PRESERVED,Tidak ditemukan kesamaan lingkup pekerjaan,2020009706,
419,2020004593,BUANA CAHAYATAMA,UNRESOLVED,,2020004593,NO_SAP
420,2020003803,BUANA TIRTA SEMESTA,PROPOSED,"BEKISTING / FORMWORK, EQUIPMENT / RENTAL",2020003803,NO_SAP
421,2020010133,BUANASTAR PRIMA ABADI,EXISTING_PRESERVED,"FAÇADE / ARSITEKTUR, STRUKTUR BETON / CONCRETE
Kawat Beton / Bendrat
Besi Beton Polos Dia. 6
Besi Beton Polos Dia. 12
Perekat Keramik Area Basah PRO-689",2020010133,
422,2020012719,BUDHI SUTOMO,PROPOSED,EQUIPMENT / RENTAL,2020012719,NO_SAP
423,2020015773,BUDI,PROPOSED,"MEKANIKAL, STRUKTUR BETON / CONCRETE, BAHAN BANGUNAN, FAÇADE / ARSITEKTUR, PEKERJAAN TANAH / EARTHWORKS, LOGISTICS / TRANSPORT, PEKERJAAN SIPIL STRUCTURE",2020015773,NO_SAP
424,2020015994,BUDI ASUHAN,PROPOSED,FAÇADE / ARSITEKTUR,2020015994,NO_SAP
425,2020015704,BUDI NUGRAHA,PROPOSED,TESTING / LABORATORY,2020015704,NO_SAP
426,2020004604,BUDI PERKASA ALAM,PROPOSED,BORED PILE / PONDASI,2020004604,NO_SAP
427,2020015623,BUDI SOEGIJANTO IKSAN,PROPOSED,FAÇADE / ARSITEKTUR,2020015623,NO_SAP
428,2020005333,HARI SISWANTO,UNRESOLVED,,2020005333,NO_SAP
429,2020013836,BUDI WIDODO,PROPOSED,"AGREGAT / BAHAN URUG, SAFETY / K3",2020013836,NO_SAP
430,2020014248,BUDIYANTO SETIAWAN,UNRESOLVED,,2020014248,NO_SAP
431,2020003790,BUKAKA TEKNIK UTAMA,UNRESOLVED,,2020003790,NO_SAP
432,2020009995,BUKIT SION ABADI,PROPOSED,"LANDSCAPING, AGREGAT / BAHAN URUG, STP (SEWAGE, TREATMENT PLANT) & WTP (WATER TREATMENT PLANT)",2020009995,NO_SAP
433,2020011933,BUMAN DELTA SWADAYA,EXISTING_PRESERVED,"BAHAN BANGUNAN, FAÇADE / ARSITEKTUR
Plafond Aluminium Linier Ceiling WT
Plafond Aluminium Bar Panel",2020011933,
434,2020008832,BUMI CAHAYA UNGGUL,EXISTING_PRESERVED,Tidak ditemukan kesamaan lingkup pekerjaan,2020008832,
435,2020014486,BUMI INDONESIA,EXISTING_PRESERVED,"PEKERJAAN TANAH / EARTHWORKS
Soil Invest
Soil Investigasi",2020014486,
436,2020009633,BUMI PRIMA KONSTRUKSI,PROPOSED,"EQUIPMENT / RENTAL, STRUKTUR BETON / CONCRETE",2020009633,NO_SAP
437,2020009743,BUMI PRIMA KONSTRUKSI,EXISTING_PRESERVED,"BORED PILE / PONDASI, JALAN / PERKERASAN
Pancang Sheet Pile Baja Type II W=40 cm
Bore Pile dia.600 mm
Bore Pile dia.800 mm dg Ultrasonic Monit
Buang tanah Bore Pile dia.100 mm
Subkon Pancang Spunpile dia.60 cm
Pembersihan Jalan Akses
Pancang casing dia.1500, t=14 mm, 206 ti
Pengeboran Bore Pile dia.1500 mm, tanah",2020009743,
438,2020004618,BUMI SARANA BETON,EXISTING_PRESERVED,"STRUKTUR BETON / CONCRETE
Pasir Beton",2020004618,
439,2020015492,BUMI SARI PERKASA,EXISTING_PRESERVED,Tidak ditemukan kesamaan lingkup pekerjaan,2020015492,
440,2020009004,BUMI SEKAR INDAH,EXISTING_PRESERVED,Tidak ditemukan kesamaan lingkup pekerjaan,2020009004,
441,2020000313,BUMI SENTOSA DWI AGUNG,PROPOSED,PEKERJAAN TANAH / EARTHWORKS,2020000313,NO_SAP
442,2020012716,BUMI TEMPOSOK,EXISTING_PRESERVED,"PEKERJAAN TANAH / EARTHWORKS
Pek. Galian Tanah_JK_M3 - (Temposok)
Pek. Galian Pasir
Jasa Urugan Tanah (JK) - (Temposok)",2020012716,
443,2020013928,BUNTARA ARYA INDONESIA,EXISTING_PRESERVED,Tidak ditemukan kesamaan lingkup pekerjaan,2020013928,
444,2020013101,CAHAYA ANUGERAH SANGSURYA,EXISTING_PRESERVED,Tidak ditemukan kesamaan lingkup pekerjaan,2020013101,
445,2020011678,CAHAYA ANUGRAH SEJAHTERA,PROPOSED,SAFETY / K3,2020011678,NO_SAP
446,2020013765,CAHAYA BARU STEEL,EXISTING_PRESERVED,", PLUMBING / PIPA, STEEL / FABRIKASI, STRUKTUR BETON / CONCRETE
Baja Profil (Steel Structure)
Besi Beton
Kawat Beton / Bendrat
Cast iron Pipe
Alat Bantu
Wiremesh",2020013765,
447,2020004635,CAHAYA BERKAH SENTOSA,EXISTING_PRESERVED,Tidak ditemukan kesamaan lingkup pekerjaan,2020004635,
448,2020009057,CAHAYA BUANA KONSTRUKSI,EXISTING_PRESERVED,Tidak ditemukan kesamaan lingkup pekerjaan,2020009057,
449,2020004637,CAHAYA BUMI INDAH PERKASA,EXISTING_PRESERVED,Tidak ditemukan kesamaan lingkup pekerjaan,2020004637,
450,2020008436,CAHAYA GEOSOLUSI INDONESIA,EXISTING_PRESERVED,Tidak ditemukan kesamaan lingkup pekerjaan,2020008436,
451,2020004641,CAHAYA INDOTAMA ENGINEERING,EXISTING_PRESERVED,"EQUIPMENT / RENTAL
Beban Sewa Alat External
Sewa Tower Crane",2020004641,
452,2020013747,CAHAYA JAYA JAKARTA,EXISTING_PRESERVED,Tidak ditemukan kesamaan lingkup pekerjaan,2020013747,
453,2020012783,CAHAYA LANGGENG MAKMUR,PROPOSED,FAÇADE / ARSITEKTUR,2020012783,NO_SAP
454,2020004648,CAHAYA METAL PERKASA,PROPOSED,"LOGISTICS / TRANSPORT, STRUKTUR BETON / CONCRETE, JALAN / PERKERASAN",2020004648,NO_SAP
455,2020004658,CAHAYA SAMPURNA,EXISTING_PRESERVED,"ELEKTRIKAL, FAÇADE / ARSITEKTUR, MEKANIKAL, STEEL / FABRIKASI, STRUKTUR BETON / CONCRETE
Subkon Kabel NYFGBY 4C - 16 mm2
Subkon Panel PJU (termasuk Box dan Ponda
Subkon Pipa Saluran Kabel Baja D = 100 m
Pasangan Beton mutu rendah fc' 20 Mpa (S
Bekisting biasa lantai beton dengan mult
Pembesian, Besi Polos (Saluran Primer)
Pas. Beton mutu rendah fc' 15 Mpa, (Salu
Pembesian, Besi Polos (Saluran Sekunder)
Pengoperasian 1 Buah pompa air per-Jam
Pengadaan dan Pemasangan Pompa
Pengadaan dan Pemasangan Panel Surya
Penulangan kolom, balok, ring balk dan s
Pekerjaan Beton Fc 15 Mpa
Finishing Plester Acian
Beton K 225 / Fc' 20 MPa
Pembesian (besi ulir)
Pasangan Beton mutu fc' 10 Mpa
Pasangan Beton mutu fc' 15 Mpa
Bongkar Beton
Pembesian
Pengadaan dan Pemasangan Panel Surya 550",2020004658,
456,2020008404,CAHAYA SAMPURNA TEKNOINDO,PROPOSED,"STRUKTUR BETON / CONCRETE, BAHAN BANGUNAN, BEKISTING / FORMWORK, FAÇADE / ARSITEKTUR, ELEKTRIKAL, PEKERJAAN TANAH / EARTHWORKS, BORED PILE / PONDASI, PLUMBING / PIPA, MEKANIKAL, JALAN / PERKERASAN, STP (SEWAGE, TREATMENT PLANT) & WTP (WATER TREATMENT PLANT), PEKERJAAN SIPIL STRUCTURE",2020008404,NO_SAP
457,2020013771,CAHAYA SOLUSI CERDAS,EXISTING_PRESERVED,CAR,2020013771,
458,2020003820,CAHYADI,PROPOSED,LOGISTICS / TRANSPORT,2020003820,NO_SAP
459,2020013034,CAKRA BINA UTAMA,EXISTING_PRESERVED,"PLUMBING / PIPA
Pekerjaan Sistem Plumbing
PERUBAHAN LANDING VALVE",2020013034,
460,2020014276,CAKRA BIWA CONSULTANT,EXISTING_PRESERVED,Tidak ditemukan kesamaan lingkup pekerjaan,2020014276,
461,2020009977,CAKRA BUANA TOTALMANDIRI KONSU,UNRESOLVED,,2020009977,NO_SAP
462,2020000340,CAKRA MULIA,PROPOSED,SAFETY / K3,2020000340,NO_SAP
463,2020009280,CAKRA RAYA TEKNOLOGI,PROPOSED,"PLUMBING / PIPA, ELEKTRIKAL, MEKANIKAL",2020009280,NO_SAP
464,2020010410,CAKRAWALA TRI INSANTAMA,PROPOSED,BAHAN BANGUNAN,2020010410,NO_SAP
465,2020004671,CALVARY ABADI,EXISTING_PRESERVED,Tidak ditemukan kesamaan lingkup pekerjaan,2020004671,
466,2020000659,HERMAN,PROPOSED,"MEKANIKAL, STRUKTUR BETON / CONCRETE, FAÇADE / ARSITEKTUR, BAHAN BANGUNAN, PEKERJAAN SIPIL STRUCTURE",2020000659,NO_SAP
467,2020014629,CASMITO,PROPOSED,"STEEL / FABRIKASI, ELEKTRIKAL, MEKANIKAL, STRUKTUR BETON / CONCRETE, FAÇADE / ARSITEKTUR, PEKERJAAN SIPIL STRUCTURE",2020014629,NO_SAP
468,2020009034,CATALIS ABIPRAYA HUMANI,EXISTING_PRESERVED,Tidak ditemukan kesamaan lingkup pekerjaan,2020009034,
469,2020012223,CATRABUANA GEOTEKNIK MANDIRI,EXISTING_PRESERVED,Tidak ditemukan kesamaan lingkup pekerjaan,2020012223,
470,2020012093,CATUR ANDALAN PERSADA,PROPOSED,FAÇADE / ARSITEKTUR,2020012093,NO_SAP
471,2020002470,CATUR PUTRA MANUNGGAL,PROPOSED,EQUIPMENT / RENTAL,2020002470,NO_SAP
472,2020013370,CBQA GLOBAL INDONESIA,EXISTING_PRESERVED,Tidak ditemukan kesamaan lingkup pekerjaan,2020013370,
473,2020002138,CELEBES KONSTRUKSINDO,EXISTING_PRESERVED,"BAHAN BANGUNAN, ELEKTRIKAL
Subkon Rumah Generator
Pek. Pembuatan dan Pemasangan Kusen Pint
Upah pasang dinding luar bata ringan 1/2",2020002138,
474,2020002810,CEMINDO GEMILANG,PROPOSED,"STRUKTUR BETON / CONCRETE, BAHAN BANGUNAN",2020002810,NO_SAP
475,2020012558,CEMINDO GEMILANG,PROPOSED,"STRUKTUR BETON / CONCRETE, BAHAN BANGUNAN",2020012558,NO_SAP
476,2020004695,CENDANA JAYA MANDIRI,PROPOSED,FAÇADE / ARSITEKTUR,2020004695,NO_SAP
477,2020010790,CENDANA SEMBILAN,EXISTING_PRESERVED,Tidak ditemukan kesamaan lingkup pekerjaan,2020010790,
478,2020011981,CENTRAL INOVASI DIGITAL,PROPOSED,FURNITURE PERMANEN ADM BLDG,2020011981,NO_SAP
479,2020012361,CENTRAL INOVASI DIGITAL,EXISTING_PRESERVED,Tidak ditemukan kesamaan lingkup pekerjaan,2020012361,
480,2020000350,CENTRAL PRATAMA KARYA,EXISTING_PRESERVED,"STRUKTUR BETON / CONCRETE
Upah Cor beton barier Type A/B(sisa div)
Upah Cor beton barier Type A / B",2020000350,
481,2020014141,CHAIDAR,PROPOSED,"STRUKTUR BETON / CONCRETE, PRECAST / BETON PRACETAK",2020014141,NO_SAP
482,2020010947,CHAIDIR,PROPOSED,"BEKISTING / FORMWORK, STRUKTUR BETON / CONCRETE, PEKERJAAN SIPIL STRUCTURE",2020010947,NO_SAP
483,2020012564,CHALYSINDO CHATRA UTAMA,UNRESOLVED,,2020012564,NO_SAP
484,2020015870,CHARLES,PROPOSED,FAÇADE / ARSITEKTUR,2020015870,NO_SAP
485,2020014308,CHELIN BERKAH MURNI,EXISTING_PRESERVED,Tidak ditemukan kesamaan lingkup pekerjaan,2020014308,
486,2020010313,CHEMINDO SUKSES MAKMUR,EXISTING_PRESERVED,"PEKERJAAN TANAH / EARTHWORKS
Soil Nailing",2020010313,
487,2020013145,CHINT INDONESIA,EXISTING_PRESERVED,Tidak ditemukan kesamaan lingkup pekerjaan,2020013145,
488,2020015816,CHRISMIRA UTAMA,EXISTING_PRESERVED,Tidak ditemukan kesamaan lingkup pekerjaan,2020015816,
489,2020010340,CINDARA PRATAMA LINES,EXISTING_PRESERVED,Tidak ditemukan kesamaan lingkup pekerjaan,2020010340,
490,2020010680,CIPTA ADHI POTENSIA,UNRESOLVED,,2020010680,NO_SAP
491,2020008580,CIPTA ANUGERAH SUKSES,EXISTING_PRESERVED,Tidak ditemukan kesamaan lingkup pekerjaan,2020008580,
492,2020013992,CIPTA BETON SINAR PERKASA,EXISTING_PRESERVED,Tidak ditemukan kesamaan lingkup pekerjaan,2020013992,
493,2020012536,CIPTA DUA BERSAUDARA,UNRESOLVED,,2020012536,NO_SAP
494,2020009758,CIPTA INDO PERKASA,EXISTING_PRESERVED,Tidak ditemukan kesamaan lingkup pekerjaan,2020009758,
495,2020009847,CIPTA KONSTRUKSI PERSADA,EXISTING_PRESERVED,"STRUKTUR BETON / CONCRETE
Beton Readymix fc' 35 (Semen Type V)",2020009847,
496,2020011989,CIPTA KREASI TALENTA,UNRESOLVED,,2020011989,NO_SAP
497,2020015946,CIPTA MAJU SUKSES,EXISTING_PRESERVED,"PEKERJAAN TANAH / EARTHWORKS
Galian untuk dibuang s/d 2 km
Galian Batu Lunak (dibuang s/d 2 km)
Timbunan Biasa dari Sumber Galian (5 km)",2020015946,
498,2020004734,CIPTA RAYA MEKAR SAHITYA,EXISTING_PRESERVED,Tidak ditemukan kesamaan lingkup pekerjaan,2020004734,
499,2020004736,CIPTA STRADA,UNRESOLVED,,2020004736,NO_SAP
500,2020004737,CIPTA SUKSES BERSAMA,PROPOSED,PEKERJAAN TANAH / EARTHWORKS,2020004737,NO_SAP
501,2020009396,CIPTA TEKNOLOGI INFORMATIKA,EXISTING_PRESERVED,Tidak ditemukan kesamaan lingkup pekerjaan,2020009396,
502,2020015511,CIPTA TRANS NIAGA,EXISTING_PRESERVED,Tidak ditemukan kesamaan lingkup pekerjaan,2020015511,
503,2020013894,CIRIAJASA CIPTA MANDIRI,EXISTING_PRESERVED,Tidak ditemukan kesamaan lingkup pekerjaan,2020013894,
504,2020001228,CIRIAJASA CIPTA MANDIRI ENJINE,UNRESOLVED,,2020001228,NO_SAP
505,2020009355,CISANGKAN,PROPOSED,"PEKERJAAN SIPIL STRUCTURE, STRUKTUR BETON / CONCRETE, PRECAST / BETON PRACETAK, SAFETY / K3",2020009355,NO_SAP
506,2020004750,CITA CITA ADITAMA,PROPOSED,"FAÇADE / ARSITEKTUR, BAHAN BANGUNAN",2020004750,NO_SAP
507,2020004751,CITAS OTIS ELEVATOR,PROPOSED,"PLUMBING / PIPA, ELEKTRIKAL, MEKANIKAL",2020004751,NO_SAP
508,2020014094,CITAS OTIS ELEVATOR,PROPOSED,"PLUMBING / PIPA, ELEKTRIKAL, MEKANIKAL",2020014094,NO_SAP
509,2020012642,CITATAH TBK,PROPOSED,"FAÇADE / ARSITEKTUR, FURNITURE PERMANEN ADM BLDG",2020012642,NO_SAP
510,2020009514,CITICON NUSANTARA INDUSTRIES,PROPOSED,BAHAN BANGUNAN,2020009514,NO_SAP
511,2020010046,CITRA AMIJAYA,EXISTING_PRESERVED,Tidak ditemukan kesamaan lingkup pekerjaan,2020010046,
512,2020001230,CITRA BARU STEEL,PROPOSED,"STRUKTUR BETON / CONCRETE, BAHAN BANGUNAN",2020001230,NO_SAP
513,2020010963,CITRA KARYA MANDIRI,PROPOSED,"JALAN / PERKERASAN, LANDSCAPING, AGREGAT / BAHAN URUG",2020010963,NO_SAP
514,2020011780,CITRA MANUNGGAL,EXISTING_PRESERVED,Tidak ditemukan kesamaan lingkup pekerjaan,2020011780,
515,2020008315,CITRA PANJI MANUNGGAL,PROPOSED,"STEEL / FABRIKASI, PLUMBING / PIPA",2020008315,NO_SAP
516,2020012942,CITRA PERDANA UTAMA,EXISTING_PRESERVED,Tidak ditemukan kesamaan lingkup pekerjaan,2020012942,
517,2020008080,CITRA PERSADA INFRASTRUKTUR,PROPOSED,"EQUIPMENT / RENTAL, LOGISTICS / TRANSPORT",2020008080,NO_SAP
518,2020013249,CITRA SOKRASANA INTI,PROPOSED,SAFETY / K3,2020013249,NO_SAP
519,2020013250,CITRA SOKRASANA INTI,EXISTING_PRESERVED,Tidak ditemukan kesamaan lingkup pekerjaan,2020013250,
520,2020014595,CITRA SWARNA SUKSES,EXISTING_PRESERVED,"LOGISTICS / TRANSPORT
Sewa LCT 500 dwt (angkutan rebar+mat.pla
Sewa LCT 500 dwt (angkutan skirting)",2020014595,
521,2020013327,CITRAS BANGUN WIRATAMA,EXISTING_PRESERVED,"FAÇADE / ARSITEKTUR
Plafond Gypsum tebal 9 mm Citras
Plafond WR Citras",2020013327,
522,2020015650,CLARUS TECHNOLOGY INDONESIA,EXISTING_PRESERVED,Lift Elevator,2020015650,
523,2020009169,CLAUDIUS PETERS PROJECTS GMBH,PROPOSED,TESTING / LABORATORY,2020009169,NO_SAP
524,2020001234,CONBLOC INTERNUSA,PROPOSED,"JALAN / PERKERASAN, PRECAST / BETON PRACETAK, STRUKTUR BETON / CONCRETE",2020001234,NO_SAP
525,2020012240,CONDUCTORJASA SURYAPERSADA,EXISTING_PRESERVED,"ELEKTRIKAL
Generator Set (Genset)
Generator Set/ Genset 500 kVA",2020012240,
526,2020008833,CONTROMATIC PRIMA MANDIRI,PROPOSED,"PLUMBING / PIPA, MEKANIKAL",2020008833,NO_SAP
527,2020011463,COVE INDUSTRI INDONESIA,EXISTING_PRESERVED,"EQUIPMENT / RENTAL
Sewa Alat",2020011463,
528,2020015720,CV AFIFAH JAYA PRATAMA,EXISTING_PRESERVED,Tidak ditemukan kesamaan lingkup pekerjaan,2020015720,
529,2020011345,CV AMELIA LANGGENG JAYA,PROPOSED,"STRUKTUR BETON / CONCRETE, PRECAST / BETON PRACETAK, BEKISTING / FORMWORK, FAÇADE / ARSITEKTUR, BAHAN BANGUNAN, PEKERJAAN SIPIL STRUCTURE",2020011345,NO_SAP
530,2020014214,CV ANUGERAH JIMBARAN,EXISTING_PRESERVED,"AGREGAT / BAHAN URUG
Gravel dia 2 - 5cm (rounded)",2020014214,
531,2020010467,CV CANDRA MAS,PROPOSED,"PLUMBING / PIPA, ELEKTRIKAL, MEKANIKAL, FAÇADE / ARSITEKTUR",2020010467,NO_SAP
532,2020004723,CV CIPTA KARSA DEWATA,PROPOSED,EQUIPMENT / RENTAL,2020004723,NO_SAP
533,2020004782,CV CORINDO,PROPOSED,"MEKANIKAL, EQUIPMENT / RENTAL, STRUKTUR BETON / CONCRETE, PRECAST / BETON PRACETAK, FAÇADE / ARSITEKTUR, PEKERJAAN TANAH / EARTHWORKS, AGREGAT / BAHAN URUG, STP (SEWAGE, TREATMENT PLANT) & WTP (WATER TREATMENT PLANT), LOGISTICS / TRANSPORT, PEKERJAAN SIPIL STRUCTURE",2020004782,NO_SAP
534,2020011792,CV DAYA MAHAKAM,PROPOSED,"EQUIPMENT / RENTAL, PEKERJAAN TANAH / EARTHWORKS, AGREGAT / BAHAN URUG",2020011792,NO_SAP
535,2020004904,CV DIPO BANGUNAN,PROPOSED,"PLUMBING / PIPA, STRUKTUR BETON / CONCRETE, FAÇADE / ARSITEKTUR, PEKERJAAN SIPIL STRUCTURE",2020004904,NO_SAP
536,2020011877,CV DIPO CREATIVINDO,PROPOSED,"JALAN / PERKERASAN, PEKERJAAN TANAH / EARTHWORKS, STP (SEWAGE, TREATMENT PLANT) & WTP (WATER TREATMENT PLANT), BAHAN BANGUNAN",2020011877,NO_SAP
537,2020011824,CV FAJAR MULIA UTAMA,EXISTING_PRESERVED,"FAÇADE / ARSITEKTUR, JALAN / PERKERASAN
Facade BUT 2
Facade BUT 4
Facade BUT 3
Facade BUT 5
Facade BUT 7
Facade BUT 8
Facade BUT 9
Facade BUT 10
Facade BUT 11
Facade BUT 12
Facade BUT 15
Facade BUT 15 Sindang
Facade BUT 18
Pembersihan Jalan Akses",2020011824,
538,2020010442,CV HEXA PRIMA INDUSTRI,PROPOSED,EQUIPMENT / RENTAL,2020010442,NO_SAP
539,2020005469,CV INDO TEKNIK BANGUNAN,EXISTING_PRESERVED,"BAHAN BANGUNAN, Kesamaan lingkup
Bata Ringan Uk. 600x200x100 mm
Pasir Urug
Pasir Beton
Thin Bed / Perekat Bata",2020005469,
540,2020005616,CV JAYA,PROPOSED,"AGREGAT / BAHAN URUG, FAÇADE / ARSITEKTUR, SAFETY / K3",2020005616,NO_SAP
541,2020011495,CV JUJUR BAROKAH LANCAR,PROPOSED,"BAHAN BANGUNAN, PEKERJAAN SIPIL STRUCTURE, STRUKTUR BETON / CONCRETE, STEEL / FABRIKASI, ELEKTRIKAL, MEKANIKAL, EQUIPMENT / RENTAL, PEKERJAAN TANAH / EARTHWORKS, AGREGAT / BAHAN URUG, STP (SEWAGE, TREATMENT PLANT) & WTP (WATER TREATMENT PLANT), SAFETY / K3, LOGISTICS / TRANSPORT, FURNITURE PERMANEN ADM BLDG",2020011495,NO_SAP
542,2020013978,CV KARYA TEKNIK MANDIRI,EXISTING_PRESERVED,Tidak ditemukan kesamaan lingkup pekerjaan,2020013978,
543,2020009312,CV MITRA MANDIRI,PROPOSED,FAÇADE / ARSITEKTUR,2020009312,NO_SAP
544,2020012013,CV MUARA ALAM INDAH,PROPOSED,"FAÇADE / ARSITEKTUR, JALAN / PERKERASAN",2020012013,NO_SAP
545,2020011700,CV MULTI KARYA ABADI,EXISTING_PRESERVED,Tidak ditemukan kesamaan lingkup pekerjaan,2020011700,
546,2020006343,CV NIRMALA,PROPOSED,"BEKISTING / FORMWORK, EQUIPMENT / RENTAL, STRUKTUR BETON / CONCRETE, FAÇADE / ARSITEKTUR, JALAN / PERKERASAN, PEKERJAAN SIPIL STRUCTURE",2020006343,NO_SAP
547,2020009291,CV PAMUNGKAS JAVA CONSTRUCTION,PROPOSED,"BEKISTING / FORMWORK, STRUKTUR BETON / CONCRETE, PEKERJAAN SIPIL STRUCTURE",2020009291,NO_SAP
548,2020010058,CV PORTAL JASA UTAMA,EXISTING_PRESERVED,Tidak ditemukan kesamaan lingkup pekerjaan,2020010058,
549,2020012311,CV REJEKI MAKMUR HARAPAN,EXISTING_PRESERVED,"FAÇADE / ARSITEKTUR
Pek. Waterproofing Food Grade
Pek. Waterproofing
Pekerjaan Finishing Lanjutan 3",2020012311,
550,2020012226,CV RONS REJEKI SENTOSA,EXISTING_PRESERVED,Tidak ditemukan kesamaan lingkup pekerjaan,2020012226,
551,2020011694,CV SARGAWI,PROPOSED,AGREGAT / BAHAN URUG,2020011694,NO_SAP
552,2020012972,CV SMART URBAN,EXISTING_PRESERVED,Tidak ditemukan kesamaan lingkup pekerjaan,2020012972,
553,2020008016,CV SUMBER REZEKI,PROPOSED,"ELEKTRIKAL, SAFETY / K3",2020008016,NO_SAP
554,2020007226,CV SURYA KONSTRUKSI,EXISTING_PRESERVED,Tidak ditemukan kesamaan lingkup pekerjaan,2020007226,
555,2020013889,CV TEKNOLOGI ADHIKARYA PRIMA,EXISTING_PRESERVED,Tidak ditemukan kesamaan lingkup pekerjaan,2020013889,
556,2020015918,CV TUNAS INDO DIESEL,EXISTING_PRESERVED,"ELEKTRIKAL
Genset 100 Kva
Genset 70 Kva",2020015918,
557,2020014465,CV. BALI AQUARIUM,EXISTING_PRESERVED,Tidak ditemukan kesamaan lingkup pekerjaan,2020014465,
558,2020015136,CV. BANYU BRAMANTARA,EXISTING_PRESERVED,"PLUMBING / PIPA
Pek. modifikasi pipa GIP menjadi screen",2020015136,
559,2020014391,CV. CAHAYA BUMI INDONESIA,EXISTING_PRESERVED,Tidak ditemukan kesamaan lingkup pekerjaan,2020014391,
560,2020015006,CV. CHYKHALL,EXISTING_PRESERVED,Tidak ditemukan kesamaan lingkup pekerjaan,2020015006,
561,2020010443,CV. CIPTA MITRA NUSANTARA,PROPOSED,"AGREGAT / BAHAN URUG, FAÇADE / ARSITEKTUR, GEOTEXTILE / GEOGRID / VERTICAL DRAIN, PEKERJAAN TANAH / EARTHWORKS",2020010443,NO_SAP
562,2020004900,CV. DINAMIS,PROPOSED,"EQUIPMENT / RENTAL, LOGISTICS / TRANSPORT",2020004900,NO_SAP
563,2020004905,CV. DIPO PEMBANGUNAN,PROPOSED,"STRUKTUR BETON / CONCRETE, FAÇADE / ARSITEKTUR, STP (SEWAGE, TREATMENT PLANT) & WTP (WATER TREATMENT PLANT), PEKERJAAN SIPIL STRUCTURE",2020004905,NO_SAP
564,2020009406,CV. DUA BERJAYA,PROPOSED,"SAFETY / K3, TESTING / LABORATORY, FURNITURE PERMANEN ADM BLDG",2020009406,NO_SAP
565,2020011635,CV. DWI ANUGRAH NIAGA,PROPOSED,EQUIPMENT / RENTAL,2020011635,NO_SAP
566,2020015930,CV. EKA DWIDAYA,EXISTING_PRESERVED,Tidak ditemukan kesamaan lingkup pekerjaan,2020015930,
567,2020015942,CV. FAJAR JAYA RAHARJA,EXISTING_PRESERVED,"BEKISTING / FORMWORK, STRUKTUR BETON / CONCRETE
Pembesian
Cor Beton (readymix) Box Culvert
Bekisting Box / Drainase (dinding)
Cor Beton LC t=10 cm (manual)",2020015942,
568,2020009003,CV. GANDRUNG MAHAMERU,PROPOSED,"BEKISTING / FORMWORK, BORED PILE / PONDASI, MEKANIKAL, EQUIPMENT / RENTAL, STRUKTUR BETON / CONCRETE, FAÇADE / ARSITEKTUR, PEKERJAAN TANAH / EARTHWORKS, LOGISTICS / TRANSPORT, BAHAN BANGUNAN, PEKERJAAN SIPIL STRUCTURE, FURNITURE PERMANEN ADM BLDG",2020009003,NO_SAP
569,2020010698,CV. IKHLAS,PROPOSED,"STP (SEWAGE, TREATMENT PLANT) & WTP (WATER TREATMENT PLANT)",2020010698,NO_SAP
570,2020011706,CV. JAYA ABADI TEKNIK,PROPOSED,"EQUIPMENT / RENTAL, IT / TELECOM, FURNITURE PERMANEN ADM BLDG",2020011706,NO_SAP
571,2020016108,CV. JAYACOM PERSADA MANDIRI,EXISTING_PRESERVED,Tidak ditemukan kesamaan lingkup pekerjaan,2020016108,
572,2020014020,CV. LINTAS PRIMA ALAM,EXISTING_PRESERVED,Tidak ditemukan kesamaan lingkup pekerjaan,2020014020,
573,2020010924,CV. MEKAR SARI,PROPOSED,"STRUKTUR BETON / CONCRETE, BAHAN BANGUNAN",2020010924,NO_SAP
574,2020015189,CV. MIRNA ROZA,EXISTING_PRESERVED,"PEKERJAAN TANAH / EARTHWORKS
Penggalian 1 m3 tanah biasa sedalam s.d.
1 m3 Urukan Kembali Galian Tanah ( > 0 s
1 buah kistdam pasir/tanah dibungkus kar
Galian manual, buang samping",2020015189,
575,2020014108,CV. MORTAL,EXISTING_PRESERVED,Tidak ditemukan kesamaan lingkup pekerjaan,2020014108,
576,2020012190,CV. MULTI INDOTECH,PROPOSED,"LOGISTICS / TRANSPORT, MEKANIKAL",2020012190,NO_SAP
577,2020014574,CV. NUSATECH,EXISTING_PRESERVED,Tidak ditemukan kesamaan lingkup pekerjaan,2020014574,
578,2020011758,CV. PUJA TRANSPORT,PROPOSED,"EQUIPMENT / RENTAL, JALAN / PERKERASAN",2020011758,NO_SAP
579,2020006716,CV. REYHAN PUTRA MANDIRI,PROPOSED,"EQUIPMENT / RENTAL, JALAN / PERKERASAN, LOGISTICS / TRANSPORT",2020006716,NO_SAP
580,2020014608,CV. SEJAHTERA UTAMA,EXISTING_PRESERVED,Tidak ditemukan kesamaan lingkup pekerjaan,2020014608,
581,2020014115,CV. SERBA NYAMAN,EXISTING_PRESERVED,Tidak ditemukan kesamaan lingkup pekerjaan,2020014115,
582,2020011821,CV. SINAR MULIA,EXISTING_PRESERVED,Tidak ditemukan kesamaan lingkup pekerjaan,2020011821,
583,2020013721,CV. SINAR MULYA,EXISTING_PRESERVED,Tidak ditemukan kesamaan lingkup pekerjaan,2020013721,
584,2020011272,CV. SORAYA HAPPY,PROPOSED,LANDSCAPING,2020011272,NO_SAP
585,2020011990,CV. TRI MITRA MANDIRI,EXISTING_PRESERVED,"SAFETY / K3
Bendera Merah Putih, K3, Jamsostek, HK",2020011990,
586,2020014567,CV. TUMPANG SARI JAYA,EXISTING_PRESERVED,Tidak ditemukan kesamaan lingkup pekerjaan,2020014567,
587,2020011822,CV. ZF WIJAYA BAROKAH,PROPOSED,"ELEKTRIKAL, TESTING / LABORATORY",2020011822,NO_SAP
588,2020015061,CV. ZHAFRAN JAYA KONSTRUKSI,EXISTING_PRESERVED,"STRUKTUR BETON / CONCRETE
Subkont Beton mutu fc 15 Mpa",2020015061,
589,2020014659,CV.BERLYANT GROUP,EXISTING_PRESERVED,Tidak ditemukan kesamaan lingkup pekerjaan,2020014659,
590,2020015497,CV.BNT,EXISTING_PRESERVED,Tidak ditemukan kesamaan lingkup pekerjaan,2020015497,
591,2020011880,CV.PUTRA BANDUNG PERKASA,EXISTING_PRESERVED,Tidak ditemukan kesamaan lingkup pekerjaan,2020011880,
592,2020013458,CV.PUTRA JOGJA PRATAMA,EXISTING_PRESERVED,"LOGISTICS / TRANSPORT
Angkutan Wiremesh (SBY - GTO)
Subkon Angkutan Besi (SBY - GTO)
Angkutan besi beton (Sby-Papua)
Angkutan Besi
Angkutan material Sanitair
Jasa Angkutan Tiang Pancang_JK_RIT
Angkutan Besi Jawa - Jyp
Angkutan Wiremesh
Mobilisasi & Demobilisasi Alat (Y)
Angkutan Besi Beton
Angkutan besi beton+profil
Angkutan besi beton dan besi profil
Angkutan Besi Beton dan Profil",2020013458,
593,2020012046,CV.TIGA SAHABAT ABADI,PROPOSED,"STRUKTUR BETON / CONCRETE, FAÇADE / ARSITEKTUR, SAFETY / K3, BAHAN BANGUNAN",2020012046,NO_SAP
594,2020015065,CYFA KARYA,EXISTING_PRESERVED,Tidak ditemukan kesamaan lingkup pekerjaan,2020015065,
595,2020005589,JAMAL,PROPOSED,"BEKISTING / FORMWORK, STRUKTUR BETON / CONCRETE, BORED PILE / PONDASI, STEEL / FABRIKASI, ELEKTRIKAL, MEKANIKAL, EQUIPMENT / RENTAL, FAÇADE / ARSITEKTUR, JALAN / PERKERASAN, PEKERJAAN TANAH / EARTHWORKS, LEGAL / CORPORATE, LOGISTICS / TRANSPORT, BAHAN BANGUNAN, PEKERJAAN SIPIL STRUCTURE, FURNITURE PERMANEN ADM BLDG",2020005589,NO_SAP
596,2020011744,DADAN SUPARDAN,PROPOSED,EQUIPMENT / RENTAL,2020011744,NO_SAP
597,2020011508,DAMPAK SOSIAL INDONESIA,UNRESOLVED,,2020011508,NO_SAP
598,2020013438,DAN LAW OFFICE,EXISTING_PRESERVED,Tidak ditemukan kesamaan lingkup pekerjaan,2020013438,
599,2020013439,DAN LAW OFFICE,PROPOSED,LEGAL / CORPORATE,2020013439,NO_SAP
600,2020014584,DANANG EKO SANTOSA PRABAWA,PROPOSED,"BEKISTING / FORMWORK, STRUKTUR BETON / CONCRETE, FAÇADE / ARSITEKTUR, PEKERJAAN TANAH / EARTHWORKS, PEKERJAAN SIPIL STRUCTURE",2020014584,NO_SAP
601,2020010250,DANAR ROSASMY,PROPOSED,"MEKANIKAL, JALAN / PERKERASAN",2020010250,NO_SAP
602,2020015841,DANDI KURNIADI,PROPOSED,"FAÇADE / ARSITEKTUR, LANDSCAPING, SAFETY / K3",2020015841,NO_SAP
603,2020015651,DANI FAIZAL,PROPOSED,FAÇADE / ARSITEKTUR,2020015651,NO_SAP
604,2020013126,DANSIWARA JAYA PERKASA,EXISTING_PRESERVED,"Kesamaan lingkup
Pasir Urug
Pasir Pasang",2020013126,
605,2020000383,DANTOSAN PRECON PERKASA,EXISTING_PRESERVED,"PRECAST / BETON PRACETAK
Box Culvert 800x800x1200
Box Culvert 1000x1000x1200
U-Ditch 1200x1200x1200
Cover U-Ditch 1200x1200x600
Box Culvert 600x600x1200
U-Ditch 400x600x1200
Cover U-Ditch 400x600x600
U-Ditch 1000x1000x1200
Cover U-Ditch 1000x1000x600
U-Ditch 1000x1200x1200",2020000383,
606,2020012945,DANUSARI MITRA SEJAHTERA,EXISTING_PRESERVED,"PLUMBING / PIPA, STEEL / FABRIKASI
GSP/Galvanis Steel Pipe Ø60.5 x 3.9",2020012945,
607,2020015673,DARENA PUTRA INDOTAMA,EXISTING_PRESERVED,"BAHAN BANGUNAN
Material bantu",2020015673,
608,2020008587,DARINI,PROPOSED,"EQUIPMENT / RENTAL, STRUKTUR BETON / CONCRETE, AGREGAT / BAHAN URUG, LOGISTICS / TRANSPORT",2020008587,NO_SAP
609,2020003382,DARLIS EFENDY,PROPOSED,"PEKERJAAN TANAH / EARTHWORKS, AGREGAT / BAHAN URUG, LOGISTICS / TRANSPORT",2020003382,NO_SAP
610,2020003304,DARMA PUTRA NIAGA INDONESIA,EXISTING_PRESERVED,Tidak ditemukan kesamaan lingkup pekerjaan,2020003304,
611,2020012016,DARMAN,PROPOSED,"MEKANIKAL, STRUKTUR BETON / CONCRETE, SAFETY / K3, PEKERJAAN SIPIL STRUCTURE",2020012016,NO_SAP
612,2020009342,DARMUN,PROPOSED,"EQUIPMENT / RENTAL, JALAN / PERKERASAN",2020009342,NO_SAP
613,2020011709,DARY NUR AZIS,PROPOSED,"JALAN / PERKERASAN, BEKISTING / FORMWORK, STRUKTUR BETON / CONCRETE, FAÇADE / ARSITEKTUR, BAHAN BANGUNAN, PEKERJAAN SIPIL STRUCTURE",2020011709,NO_SAP
614,2020015557,DARYANTO,PROPOSED,"EQUIPMENT / RENTAL, MEKANIKAL, STRUKTUR BETON / CONCRETE",2020015557,NO_SAP
615,2020012282,DASSINDO INTERNUSA SEMESTA,UNRESOLVED,,2020012282,NO_SAP
616,2020013242,DATA ENKRIPSI INFORMASI TEKNOL,PROPOSED,FURNITURE PERMANEN ADM BLDG,2020013242,NO_SAP
617,2020012535,DATA LABS ANALYTICS,EXISTING_PRESERVED,Tidak ditemukan kesamaan lingkup pekerjaan,2020012535,
618,2020004807,DATASCRIP,EXISTING_PRESERVED,Tidak ditemukan kesamaan lingkup pekerjaan,2020004807,
619,2020011831,DATUM GLOBAL MANDIRI,EXISTING_PRESERVED,Tidak ditemukan kesamaan lingkup pekerjaan,2020011831,
620,2020015323,DAUSSA KW,EXISTING_PRESERVED,Tidak ditemukan kesamaan lingkup pekerjaan,2020015323,
621,2020009442,DAVIT INDRA KUSUMA NURPRIHATNA,UNRESOLVED,,2020009442,NO_SAP
622,2020004817,DAYA DIMENSI PT,UNRESOLVED,,2020004817,NO_SAP
623,2020012773,DAYA LELAKU TAKSAKA,EXISTING_PRESERVED,"STEEL / FABRIKASI, STRUKTUR BETON / CONCRETE
Common Steel Structure, Incld Plat Con
Plat Rail Post, t=8mm (HDG)
Plat Pedestal Equipment
Base Plate Lightpole
Checkered Plate (tutup sumpit)
Steel Pipe D219.1 x 9.27
Steel Pipe D165.2 x 7.1
Steel Pipe D76.3 x 5.2
GSP/Galvanis Steel Pipe Ø60.5 x 3.9
Base Plate t=20mm (HDG)
Plat Ø250, t=12mm (HDG)
Stiffener Plate, t=8mm (HDG)
Steel Grating (HDG)
SUS Plate, t=4mm
Beam El. 9.50 WF 200.100.5,5.8
Ring Beam, WF 250.125.6.9
Plat, joint, etc
Pek. Install Steel
Erection Steel Structur",2020012773,
624,2020013209,DAYA MEGAH ABADI,EXISTING_PRESERVED,"PRECAST / BETON PRACETAK, STRUKTUR BETON / CONCRETE
Beton Struktur Kelas C-2 (Gorong-gorong
Bekisting Box Culvert & Box Underpass",2020013209,
625,2020010169,DAYA MITRA MULTIPRATAMA,EXISTING_PRESERVED,Tidak ditemukan kesamaan lingkup pekerjaan,2020010169,
626,2020012397,DAYA PERKASA ABADI,EXISTING_PRESERVED,"ELEKTRIKAL
Panel UPS",2020012397,
627,2020004828,DECORA JAYA INDONESIA,PROPOSED,FAÇADE / ARSITEKTUR,2020004828,NO_SAP
628,2020008917,DECRA GROUP INDONESIA,PROPOSED,TESTING / LABORATORY,2020008917,NO_SAP
629,2020013691,DEDE WAHIDIN,PROPOSED,"MEKANIKAL, STRUKTUR BETON / CONCRETE, PEKERJAAN SIPIL STRUCTURE",2020013691,NO_SAP
630,2020005672,JUMRONI,PROPOSED,"STRUKTUR BETON / CONCRETE, FAÇADE / ARSITEKTUR",2020005672,NO_SAP
631,2020008719,DEKADE PRIORITAS,PROPOSED,"PEKERJAAN TANAH / EARTHWORKS, FAÇADE / ARSITEKTUR, GEOTEXTILE / GEOGRID / VERTICAL DRAIN, JALAN / PERKERASAN, AGREGAT / BAHAN URUG",2020008719,NO_SAP
632,2020013577,DEKARBON NUSANTARA UNGGUL,EXISTING_PRESERVED,Tidak ditemukan kesamaan lingkup pekerjaan,2020013577,
633,2020004840,DELAMETA BILANO,EXISTING_PRESERVED,Tidak ditemukan kesamaan lingkup pekerjaan,2020004840,
634,2020013605,DELOITTE KONSULTAN INDONESIA,EXISTING_PRESERVED,Tidak ditemukan kesamaan lingkup pekerjaan,2020013605,
635,2020014657,DELTA INTI SARANA,EXISTING_PRESERVED,Tidak ditemukan kesamaan lingkup pekerjaan,2020014657,
636,2020013852,DELTA SIGMA NUSANTARA,PROPOSED,FURNITURE PERMANEN ADM BLDG,2020013852,NO_SAP
637,2020000413,DELTA SYSTECH INDONESIA,EXISTING_PRESERVED,Tidak ditemukan kesamaan lingkup pekerjaan,2020000413,
638,2020014405,DELTA UTRACON INDONESI,EXISTING_PRESERVED,Tidak ditemukan kesamaan lingkup pekerjaan,2020014405,
639,2020012697,DENI SETIAWAN,UNRESOLVED,,2020012697,NO_SAP
640,2020012612,DERI MUHAMAD SAPARI,PROPOSED,"PRECAST / BETON PRACETAK, STRUKTUR BETON / CONCRETE, PEKERJAAN SIPIL STRUCTURE",2020012612,NO_SAP
641,2020011133,DESCO DINAMIS INDONESIA,PROPOSED,FURNITURE PERMANEN ADM BLDG,2020011133,NO_SAP
642,2020004860,DEVI HANDAYANI,PROPOSED,"AGREGAT / BAHAN URUG, SAFETY / K3",2020004860,NO_SAP
643,2020015833,DEVI NOVIA,PROPOSED,"PLUMBING / PIPA, EQUIPMENT / RENTAL, FAÇADE / ARSITEKTUR, CARGO / LOGISTICS TRANSPORT (DARAT, LAUT, UDARA), BAHAN BANGUNAN",2020015833,NO_SAP
644,2020009051,DEVON MDT VB. LDA,PROPOSED,"EQUIPMENT / RENTAL, JALAN / PERKERASAN, TESTING / LABORATORY, PLUMBING / PIPA, STRUKTUR BETON / CONCRETE, LANDSCAPING, PEKERJAAN TANAH / EARTHWORKS, AGREGAT / BAHAN URUG, LOGISTICS / TRANSPORT, BAHAN BANGUNAN",2020009051,NO_SAP
645,2020013543,DEVY MEYDITA SARI,PROPOSED,EQUIPMENT / RENTAL,2020013543,NO_SAP
646,2020013544,DEVY MEYDITA SARI,PROPOSED,EQUIPMENT / RENTAL,2020013544,NO_SAP
647,2020013586,DEWI KURNIASIH,PROPOSED,"FAÇADE / ARSITEKTUR, LOGISTICS / TRANSPORT, PLUMBING / PIPA, ELEKTRIKAL, MEKANIKAL, LANDSCAPING",2020013586,NO_SAP
648,2020004866,DHARMA DWITUNGGAL UTAMA,EXISTING_PRESERVED,Tidak ditemukan kesamaan lingkup pekerjaan,2020004866,
649,2020014512,DHARMA ISKANDAR GOENTJORO,PROPOSED,"EQUIPMENT / RENTAL, JALAN / PERKERASAN",2020014512,NO_SAP
650,2020008867,DHIA ADIKA UTAMA,EXISTING_PRESERVED,Tidak ditemukan kesamaan lingkup pekerjaan,2020008867,
651,2020015634,DIAN EKA SARI,PROPOSED,LOGISTICS / TRANSPORT,2020015634,NO_SAP
652,2020013237,DIAN ISWANINGSIH SAFITRI,PROPOSED,FAÇADE / ARSITEKTUR,2020013237,NO_SAP
653,2020012771,DIAN PELITA INDONESIA,PROPOSED,"MEKANIKAL, PLUMBING / PIPA, ELEKTRIKAL",2020012771,NO_SAP
654,2020004879,DIANTORO WISNU W,PROPOSED,"FURNITURE PERMANEN ADM BLDG, TESTING / LABORATORY, FAÇADE / ARSITEKTUR, LANDSCAPING, LOGISTICS / TRANSPORT",2020004879,NO_SAP
655,2020014154,DIDI KARDI,UNRESOLVED,,2020014154,NO_SAP
656,2020004883,DIDIK SANTOSO,PROPOSED,"BEKISTING / FORMWORK, STRUKTUR BETON / CONCRETE, FAÇADE / ARSITEKTUR, PEKERJAAN SIPIL STRUCTURE",2020004883,NO_SAP
657,2020013943,DIDIK SETIAWAN,PROPOSED,FAÇADE / ARSITEKTUR,2020013943,NO_SAP
658,2020014634,DIDIK SETIAWAN,PROPOSED,EQUIPMENT / RENTAL,2020014634,NO_SAP
659,2020008724,DIFEF PRIMA REKATAMA,PROPOSED,"FAÇADE / ARSITEKTUR, PEKERJAAN TANAH / EARTHWORKS, AGREGAT / BAHAN URUG",2020008724,NO_SAP
660,2020004888,DIKA KONSTRUKSI,PROPOSED,"FAÇADE / ARSITEKTUR, PLUMBING / PIPA",2020004888,NO_SAP
661,2020011839,DIMAS ANGGORO ARIANTO,PROPOSED,"STRUKTUR BETON / CONCRETE, FAÇADE / ARSITEKTUR, MEKANIKAL, BEKISTING / FORMWORK, BAHAN BANGUNAN, PEKERJAAN TANAH / EARTHWORKS, PLUMBING / PIPA, ELEKTRIKAL, LOGISTICS / TRANSPORT, PEKERJAAN SIPIL STRUCTURE, FURNITURE PERMANEN ADM BLDG",2020011839,NO_SAP
662,2020009317,DIMENSI INTERNASIONAL TAX,EXISTING_PRESERVED,Tidak ditemukan kesamaan lingkup pekerjaan,2020009317,
663,2020016023,DIMPO INDO PRAKASA,EXISTING_PRESERVED,Tidak ditemukan kesamaan lingkup pekerjaan,2020016023,
664,2020010234,DINAMIKA PRAKARSA MUKTI,PROPOSED,FAÇADE / ARSITEKTUR,2020010234,NO_SAP
665,2020012025,DINAMIS,PROPOSED,EQUIPMENT / RENTAL,2020012025,NO_SAP
666,2020013445,DINAMIS REKAYASA SOLUSI,EXISTING_PRESERVED,Tidak ditemukan kesamaan lingkup pekerjaan,2020013445,
667,2020004901,DINAR ENERGI UTAMA,PROPOSED,EQUIPMENT / RENTAL,2020004901,NO_SAP
668,2020010660,DINAR ENERGI UTAMA,PROPOSED,EQUIPMENT / RENTAL,2020010660,NO_SAP
669,2020008769,DISIPLAN CONSULT,UNRESOLVED,,2020008769,NO_SAP
670,2020012933,DJITO,UNRESOLVED,,2020012933,NO_SAP
671,2020012934,DJITO,PROPOSED,FAÇADE / ARSITEKTUR,2020012934,NO_SAP
672,2020005903,LEGIMAN,PROPOSED,"STRUKTUR BETON / CONCRETE, FAÇADE / ARSITEKTUR, PEKERJAAN SIPIL STRUCTURE",2020005903,NO_SAP
673,2020013213,DODDY CANDRA ERIAWAN,PROPOSED,LEGAL / CORPORATE,2020013213,NO_SAP
674,2020011848,DOKA FORMWORK INDONESIA,EXISTING_PRESERVED,"BEKISTING / FORMWORK
Pek. Sewa Bekisting (JK) Doka
Alumunium Formwork",2020011848,
675,2020012690,DONBOSCO SARAGIH,PROPOSED,"PRECAST / BETON PRACETAK, STRUKTUR BETON / CONCRETE, FAÇADE / ARSITEKTUR, LOGISTICS / TRANSPORT, PEKERJAAN SIPIL STRUCTURE",2020012690,NO_SAP
676,2020013334,DONG SEO FURNITURE,EXISTING_PRESERVED,Tidak ditemukan kesamaan lingkup pekerjaan,2020013334,
677,2020011961,DONI RAMLAN EFFENDI,UNRESOLVED,,2020011961,NO_SAP
678,2020004929,DONI ROMADHONI,PROPOSED,"PRECAST / BETON PRACETAK, STRUKTUR BETON / CONCRETE, JALAN / PERKERASAN, PEKERJAAN SIPIL STRUCTURE",2020004929,NO_SAP
679,2020015769,DONI RYAN SAPTURA,PROPOSED,"STRUKTUR BETON / CONCRETE, PEKERJAAN SIPIL STRUCTURE",2020015769,NO_SAP
680,2020011750,DONIH TANUWIJAYA,PROPOSED,EQUIPMENT / RENTAL,2020011750,NO_SAP
681,2020011761,DONNY MORRIS,PROPOSED,KONSULTAN PERENCANA,2020011761,NO_SAP
682,2020013299,DONO SUPENA,PROPOSED,"PRECAST / BETON PRACETAK, STRUKTUR BETON / CONCRETE, PEKERJAAN SIPIL STRUCTURE",2020013299,NO_SAP
683,2020004934,DRAJAT ANTON KURNIANTO,PROPOSED,"BEKISTING / FORMWORK, PLUMBING / PIPA, STRUKTUR BETON / CONCRETE, PRECAST / BETON PRACETAK, STP (SEWAGE, TREATMENT PLANT) & WTP (WATER TREATMENT PLANT), PEKERJAAN SIPIL STRUCTURE",2020004934,NO_SAP
684,2020012307,DRS DAINI SEMBIRING,PROPOSED,"EQUIPMENT / RENTAL, JALAN / PERKERASAN",2020012307,NO_SAP
685,2020013180,DRS. MANIMBUL L A SITORUS,UNRESOLVED,,2020013180,NO_SAP
686,2020015835,DRS. MARZUKI,UNRESOLVED,,2020015835,NO_SAP
687,2020010842,DUA PUTRA BUNGSU,EXISTING_PRESERVED,"JALAN / PERKERASAN
Pembersihan Jalan Akses",2020010842,
688,2020014656,DUDUNG AS,UNRESOLVED,,2020014656,NO_SAP
689,2020003677,DUKUNG TUNGGAL PERKASA,PROPOSED,"BEKISTING / FORMWORK, EQUIPMENT / RENTAL, STRUKTUR BETON / CONCRETE, PRECAST / BETON PRACETAK, PEKERJAAN SIPIL STRUCTURE",2020003677,NO_SAP
690,2020010471,DULKENI,PROPOSED,EQUIPMENT / RENTAL,2020010471,NO_SAP
691,2020016040,DURAHIM,PROPOSED,FAÇADE / ARSITEKTUR,2020016040,NO_SAP
692,2020008095,DURITO,UNRESOLVED,,2020008095,NO_SAP
693,2020015493,DUTA ENERGI MULIATAMA,EXISTING_PRESERVED,Tidak ditemukan kesamaan lingkup pekerjaan,2020015493,
694,2020002830,DUTA HITA JAYA,EXISTING_PRESERVED,"STRUKTUR BETON / CONCRETE
Pengadaan Material H-Beam
Galvanize Flex Beam Guardrail - Type A
Three Beam Connector (package)",2020002830,
695,2020004955,DUTA LISTRIK GRAHA PRIMA,EXISTING_PRESERVED,"ELEKTRIKAL
Electrical Panel and Cable
Panel Tegangan Rendah
Panel MDP
Panel Tegangan Rendah Komponen Schneider",2020004955,
696,2020011960,DUTA MEGA PERKASA,PROPOSED,"STRUKTUR BETON / CONCRETE, BAHAN BANGUNAN",2020011960,NO_SAP
697,2020009038,DUTA PRATAMINDO,EXISTING_PRESERVED,Tidak ditemukan kesamaan lingkup pekerjaan,2020009038,
698,2020009719,DUTA PUTRA TAMBON,PROPOSED,SAFETY / K3,2020009719,NO_SAP
699,2020002038,DUTA SARANA PERKASA,EXISTING_PRESERVED,"STRUKTUR BETON / CONCRETE
Beton Precast LPC 120 cm x 30 cm x 50 cm",2020002038,
700,2020004961,DUTA WIJAYA ELEKTRINDO ENGINEE,PROPOSED,"EQUIPMENT / RENTAL, LOGISTICS / TRANSPORT, MEKANIKAL, ELEKTRIKAL",2020004961,NO_SAP
701,2020013603,DWI AQMARINA,PROPOSED,"EQUIPMENT / RENTAL, STEEL / FABRIKASI, FAÇADE / ARSITEKTUR, FURNITURE PERMANEN ADM BLDG",2020013603,NO_SAP
702,2020004964,DWI ARYANTHI,PROPOSED,FAÇADE / ARSITEKTUR,2020004964,NO_SAP
703,2020010694,DWI JAYA SALVATORE,EXISTING_PRESERVED,"BORED PILE / PONDASI, ELEKTRIKAL, FAÇADE / ARSITEKTUR, JALAN / PERKERASAN, MEKANIKAL, PLUMBING / PIPA
Pekerjaan Pavement dan Rumput
Pekerjaan Boring Pipa
Pekerjaan Panel Kontrol Pump PIT
Pump Room Struktur
Pekerjaan Cable CCTV NYFGBY 3 x 10 mm2
Pekerjaan Cable CCTV NYFGBY 3 x 6 mm2
- Pump Room
Pengujian Pondasi dan Upah Cor
Pekerjaan Pondasi Biofilter dan Pavement
Pek Gutter LFB dan Pavement Test Hill
Galian Jalan Akses
Pondasi Bio Filter & Upah Basalt Tile",2020010694,
704,2020009792,DWI KHARISMA,PROPOSED,KONSULTAN PERENCANA,2020009792,NO_SAP
705,2020013994,DWI PAWESTRI,PROPOSED,EQUIPMENT / RENTAL,2020013994,NO_SAP
706,2020004973,DWI PRIMA ENGINEERING,EXISTING_PRESERVED,"MEKANIKAL
Fire Pump / Pompa Pemadam Kebakaran
Pompa Plumbing",2020004973,
707,2020012219,DWI SAPUTRO,PROPOSED,AGREGAT / BAHAN URUG,2020012219,NO_SAP
708,2020011884,DWI UNGGUL ABADI,EXISTING_PRESERVED,"FAÇADE / ARSITEKTUR
Penutup Atap material PTFE Transparan Do
Pek. Penutup Atap Membrane Dome",2020011884,
709,2020014085,EDDY PRANATA RAHARJO,PROPOSED,"EQUIPMENT / RENTAL, LOGISTICS / TRANSPORT",2020014085,NO_SAP
710,2020004991,EDI,PROPOSED,EQUIPMENT / RENTAL,2020004991,NO_SAP
711,2020015936,EDI DALIMUNTHE,PROPOSED,EQUIPMENT / RENTAL,2020015936,NO_SAP
712,2020011076,EDI MANDOR,PROPOSED,"STRUKTUR BETON / CONCRETE, PRECAST / BETON PRACETAK, SAFETY / K3, BEKISTING / FORMWORK, EQUIPMENT / RENTAL, FAÇADE / ARSITEKTUR, JALAN / PERKERASAN, PEKERJAAN TANAH / EARTHWORKS, LOGISTICS / TRANSPORT, PEKERJAAN SIPIL STRUCTURE",2020011076,NO_SAP
713,2020015791,EDI MUH NUR JAMALAH,PROPOSED,BORED PILE / PONDASI,2020015791,NO_SAP
714,2020002567,EDPMEDIA MULTIMITRA PRIMANUSA,PROPOSED,"IT / TELECOM, SAFETY / K3, FURNITURE PERMANEN ADM BLDG",2020002567,NO_SAP
715,2020015556,EDY PUTRA MANDIRI,EXISTING_PRESERVED,Tidak ditemukan kesamaan lingkup pekerjaan,2020015556,
716,2020016075,EFEMKA REKAYASA GEOTEKNIK,EXISTING_PRESERVED,"TESTING / LABORATORY
Uji Beban Dinamis CSP D60cm",2020016075,
717,2020012468,EFFRENSINDO KENCANA,PROPOSED,SAFETY / K3,2020012468,NO_SAP
718,2020005010,EGY HERYANTO,PROPOSED,SAFETY / K3,2020005010,NO_SAP
719,2020009961,EGYF HUTOMO,EXISTING_PRESERVED,"PLUMBING / PIPA
Plumbing Pb & Bop
Pengadaan Pipa, Valve dll
Material Plumbing",2020009961,
720,2020003197,EKA NUSA GLOBAL,PROPOSED,"LANDSCAPING, PEKERJAAN TANAH / EARTHWORKS",2020003197,NO_SAP
721,2020012195,EKA RAHAYU PUTRIA NINGSIH,PROPOSED,"EQUIPMENT / RENTAL, FAÇADE / ARSITEKTUR, BAHAN BANGUNAN, STRUKTUR BETON / CONCRETE, AGREGAT / BAHAN URUG, SAFETY / K3, PEKERJAAN SIPIL STRUCTURE",2020012195,NO_SAP
722,2020007856,EKA SINAR ABADI,PROPOSED,"BEKISTING / FORMWORK, EQUIPMENT / RENTAL",2020007856,NO_SAP
723,2020015767,EKAWATI,PROPOSED,"EQUIPMENT / RENTAL, TESTING / LABORATORY, LOGISTICS / TRANSPORT",2020015767,NO_SAP
724,2020015614,EKAWATI LENASARI,PROPOSED,"EQUIPMENT / RENTAL, SAFETY / K3, TESTING / LABORATORY, LOGISTICS / TRANSPORT",2020015614,NO_SAP
725,2020010609,EKO ADI WAHYU,PROPOSED,"STEEL / FABRIKASI, MEKANIKAL, STRUKTUR BETON / CONCRETE, PEKERJAAN TANAH / EARTHWORKS, PEKERJAAN SIPIL STRUCTURE",2020010609,NO_SAP
726,2020005018,EKO PRATAMA,PROPOSED,AGREGAT / BAHAN URUG,2020005018,NO_SAP
727,2020013757,EKO PRIYANTO,PROPOSED,"PEKERJAAN TANAH / EARTHWORKS, BAHAN BANGUNAN, EQUIPMENT / RENTAL, AGREGAT / BAHAN URUG",2020013757,NO_SAP
728,2020012918,EKO PURNOMO,PROPOSED,"STRUKTUR BETON / CONCRETE, PEKERJAAN SIPIL STRUCTURE",2020012918,NO_SAP
729,2020013288,ELANG EMAS TRAKTOR,PROPOSED,"EQUIPMENT / RENTAL, LOGISTICS / TRANSPORT",2020013288,NO_SAP
730,2020010811,ELDA FARIDA,PROPOSED,"SAFETY / K3, FURNITURE PERMANEN ADM BLDG",2020010811,NO_SAP
731,2020015980,ELEKTRINDO TECHNIKA AIRCON,EXISTING_PRESERVED,Tidak ditemukan kesamaan lingkup pekerjaan,2020015980,
732,2020015115,ELESCA INDOTECH MAKMUR,EXISTING_PRESERVED,Tidak ditemukan kesamaan lingkup pekerjaan,2020015115,
733,2020012274,ELISABETH LATUPEIRISSA,PROPOSED,FAÇADE / ARSITEKTUR,2020012274,NO_SAP
734,2020005032,ELSHADDAI EXTERIOR INOVASI,EXISTING_PRESERVED,"BAHAN BANGUNAN, ELEKTRIKAL, FAÇADE / ARSITEKTUR, STEEL / FABRIKASI
Pek. Kanopi Atap Solar Flat + Rangka
Pek. Curtain Wall
Penutup Atap Kaca Laminated, Hollow
Pek. Pintu & Jendela Aluminium (JK)
Pek. Kusen, Pintu dan Jendela_JK_LS
Pekerjaan Fasade keliling bangunan
Alumunium Composite Panel (ACP)",2020005032,
735,2020005035,ELVINAR JAYA LESTARI,PROPOSED,LANDSCAPING,2020005035,NO_SAP
736,2020000491,EMBETE UTAMA,PROPOSED,"AGREGAT / BAHAN URUG, SAFETY / K3, TESTING / LABORATORY",2020000491,NO_SAP
737,2020015730,EMERALD GROUP,EXISTING_PRESERVED,Tidak ditemukan kesamaan lingkup pekerjaan,2020015730,
738,2020010677,EMPAT SAJIWA AZBHALI,PROPOSED,SAFETY / K3,2020010677,NO_SAP
739,2020002625,ENERA TEKNIKA UTAMA,PROPOSED,FAÇADE / ARSITEKTUR,2020002625,NO_SAP
740,2020009479,ENJINIRING PILAR CAKRAWALA,EXISTING_PRESERVED,Tidak ditemukan kesamaan lingkup pekerjaan,2020009479,
741,2020015723,ERA MEGAH JAYA,EXISTING_PRESERVED,Tidak ditemukan kesamaan lingkup pekerjaan,2020015723,
742,2020010723,ERACIPTA MITRA GEMILANG,PROPOSED,"BEKISTING / FORMWORK, FAÇADE / ARSITEKTUR, STRUKTUR BETON / CONCRETE, PEKERJAAN SIPIL STRUCTURE",2020010723,NO_SAP
743,2020014561,ERHAR AUGUSTO,PROPOSED,"EQUIPMENT / RENTAL, LOGISTICS / TRANSPORT",2020014561,NO_SAP
744,2020008074,ERI PUTRA JAYA,PROPOSED,EQUIPMENT / RENTAL,2020008074,NO_SAP
745,2020012760,ERICCON BHG REKACIPTA BETON,EXISTING_PRESERVED,"STRUKTUR BETON / CONCRETE
Cetakan Beton Precast
Pagar Panel beton 5x40x228 cm
Pipa Beton Bertulang (RCP) Dia. 100 cm",2020012760,
746,2020010023,ERICKOSN SEPRIPOL SIHOMBING,PROPOSED,FAÇADE / ARSITEKTUR,2020010023,NO_SAP
747,2020010744,ESA SOLUSI MANDIRI,UNRESOLVED,,2020010744,NO_SAP
748,2020009963,ESI SUSANTI SH.MKN,PROPOSED,LEGAL / CORPORATE,2020009963,NO_SAP
749,2020011912,ESINDO PERKASA,PROPOSED,"EQUIPMENT / RENTAL, PEKERJAAN TANAH / EARTHWORKS",2020011912,NO_SAP
750,2020005070,ESKAPINDO MATRA,UNRESOLVED,,2020005070,NO_SAP
751,2020010048,ESRA MARPAUNG,PROPOSED,FAÇADE / ARSITEKTUR,2020010048,NO_SAP
752,2020000512,ESTIKA JASATAMA,UNRESOLVED,,2020000512,NO_SAP
753,2020011022,ETERNITI SARANA BERKAT,EXISTING_PRESERVED,Tidak ditemukan kesamaan lingkup pekerjaan,2020011022,
754,2020012549,EUROTRUK TRANSINDO,PROPOSED,JALAN / PERKERASAN,2020012549,NO_SAP
755,2020008032,EVIE YANTI,PROPOSED,"BEKISTING / FORMWORK, BORED PILE / PONDASI, STRUKTUR BETON / CONCRETE, PEKERJAAN SIPIL STRUCTURE",2020008032,NO_SAP
756,2020010900,EXISTAMA PUTRANINDO,EXISTING_PRESERVED,Tidak ditemukan kesamaan lingkup pekerjaan,2020010900,
757,2020008959,EZATAMA KARYA,EXISTING_PRESERVED,Tidak ditemukan kesamaan lingkup pekerjaan,2020008959,
758,2020014019,FA. CIPTA JAYA,EXISTING_PRESERVED,Tidak ditemukan kesamaan lingkup pekerjaan,2020014019,
759,2020008869,FABRIC INDUSTRIAL CHIMNEYS ASI,PROPOSED,"STEEL / FABRIKASI, FAÇADE / ARSITEKTUR",2020008869,NO_SAP
760,2020007902,FADILI,PROPOSED,"BAHAN BANGUNAN, EQUIPMENT / RENTAL, FAÇADE / ARSITEKTUR, JALAN / PERKERASAN",2020007902,NO_SAP
761,2020014077,FAHRI ARFAH,PROPOSED,"EQUIPMENT / RENTAL, SAFETY / K3",2020014077,NO_SAP
762,2020000516,FAHRUL,PROPOSED,"MEKANIKAL, STRUKTUR BETON / CONCRETE, FAÇADE / ARSITEKTUR, PEKERJAAN TANAH / EARTHWORKS, LOGISTICS / TRANSPORT, BAHAN BANGUNAN, PEKERJAAN SIPIL STRUCTURE",2020000516,NO_SAP
763,2020015829,FAHRUL ROJI,PROPOSED,"MEKANIKAL, STRUKTUR BETON / CONCRETE, FAÇADE / ARSITEKTUR, LOGISTICS / TRANSPORT, BAHAN BANGUNAN, PEKERJAAN SIPIL STRUCTURE",2020015829,NO_SAP
764,2020013698,FAIR BERNADY,PROPOSED,EQUIPMENT / RENTAL,2020013698,NO_SAP
765,2020013253,FAISAL,PROPOSED,EQUIPMENT / RENTAL,2020013253,NO_SAP
766,2020012421,FAISAL FAJAR,PROPOSED,SAFETY / K3,2020012421,NO_SAP
767,2020005090,FAIZIN,PROPOSED,"STRUKTUR BETON / CONCRETE, FAÇADE / ARSITEKTUR, BAHAN BANGUNAN, PEKERJAAN SIPIL STRUCTURE",2020005090,NO_SAP
768,2020015993,FAIZIN NURHIDAYAT,PROPOSED,"STRUKTUR BETON / CONCRETE, FAÇADE / ARSITEKTUR, BAHAN BANGUNAN, PEKERJAAN SIPIL STRUCTURE",2020015993,NO_SAP
769,2020013099,FAJAR BETON SENTOSA,EXISTING_PRESERVED,"STRUKTUR BETON / CONCRETE
Beton Readymix K225 12±2 NFA
Beton Readymix K175 12±2 NFA",2020013099,
770,2020005095,FAJAR INTI NUSA BERSAMA,PROPOSED,AGREGAT / BAHAN URUG,2020005095,NO_SAP
771,2020000522,FAJAR KENCANA,PROPOSED,FAÇADE / ARSITEKTUR,2020000522,NO_SAP
772,2020010612,FAJAR LESTARI SEJATI,PROPOSED,FAÇADE / ARSITEKTUR,2020010612,NO_SAP
773,2020015636,FAJAR SUWITO,PROPOSED,"FAÇADE / ARSITEKTUR, PLUMBING / PIPA, ELEKTRIKAL, MEKANIKAL, STRUKTUR BETON / CONCRETE, PEKERJAAN SIPIL STRUCTURE",2020015636,NO_SAP
774,2020008842,FAMILI KITA,PROPOSED,SAFETY / K3,2020008842,NO_SAP
775,2020013082,FAMILY 10 MANDIRI,EXISTING_PRESERVED,Tidak ditemukan kesamaan lingkup pekerjaan,2020013082,
776,2020010177,FARAH KARYA,PROPOSED,STEEL / FABRIKASI,2020010177,NO_SAP
777,2020009954,FARHAN ZULFIKAR,UNRESOLVED,,2020009954,NO_SAP
778,2020015607,FARID JULIANTO,PROPOSED,"FAÇADE / ARSITEKTUR, BAHAN BANGUNAN",2020015607,NO_SAP
779,2020010765,FARID KURNIAWAN,PROPOSED,"MEKANIKAL, STRUKTUR BETON / CONCRETE, FAÇADE / ARSITEKTUR, PEKERJAAN TANAH / EARTHWORKS, BAHAN BANGUNAN, PEKERJAAN SIPIL STRUCTURE",2020010765,NO_SAP
780,2020012679,FARID MAY REZA,PROPOSED,"EQUIPMENT / RENTAL, STRUKTUR BETON / CONCRETE, AGREGAT / BAHAN URUG, SAFETY / K3",2020012679,NO_SAP
781,2020011392,FARID WILLY ANSAR,PROPOSED,AGREGAT / BAHAN URUG,2020011392,NO_SAP
782,2020005103,FARIKA BETON,EXISTING_PRESERVED,"STRUKTUR BETON / CONCRETE
Beton fc' 30 Mpa - SCC
Beton Readymix Fc 30",2020005103,
783,2020002471,FARIKA STEEL,EXISTING_PRESERVED,"BORED PILE / PONDASI, PLUMBING / PIPA, STEEL / FABRIKASI
Pek. TransporT Pipa Ke Area Pek. (JK)
Pek. Sambung Tiang Pancang
Pipa baja Ø812,8 mm t=16 mm
Pipa baja Ø711,2 mm t=14 mm
Plate Stainless Steel t=20 mm
Pipa Casing
Angkutan Steel Sheet Pile
Steel Pipe D165.2 x 7.1
Cast iron Pipe
TP Baja D=1016 T=19 L=52
Aksesoris Pipa
Upah unloading & handling pipa baja",2020002471,
784,2020005104,FARMEL CAHAYA MANDIRI,PROPOSED,"STP (SEWAGE, TREATMENT PLANT) & WTP (WATER TREATMENT PLANT), LOGISTICS / TRANSPORT",2020005104,NO_SAP
785,2020014411,FARMEL CIPTA MANDIRI,EXISTING_PRESERVED,Tidak ditemukan kesamaan lingkup pekerjaan,2020014411,
786,2020006213,MUHAMMAD,PROPOSED,"ELEKTRIKAL, EQUIPMENT / RENTAL, SAFETY / K3",2020006213,NO_SAP
787,2020013715,FARRASINDO PERKASA,EXISTING_PRESERVED,"EQUIPMENT / RENTAL, 
Sewa Concrete Pump
Beban Sewa Alat External",2020013715,
788,2020005105,FARREL INTERNUSA PRATAMA,EXISTING_PRESERVED,Tidak ditemukan kesamaan lingkup pekerjaan,2020005105,
789,2020013935,FASIH PASER BERJAYA,EXISTING_PRESERVED,Tidak ditemukan kesamaan lingkup pekerjaan,2020013935,
790,2020014279,FAST CONSULT INDONESIA,EXISTING_PRESERVED,Tidak ditemukan kesamaan lingkup pekerjaan,2020014279,
791,2020005108,FASTERINDO FORMWORK INDONESIA,EXISTING_PRESERVED,Tidak ditemukan kesamaan lingkup pekerjaan,2020005108,
792,2020008485,FASTINDO WIRATAMA,PROPOSED,"STEEL / FABRIKASI, ELEKTRIKAL, FAÇADE / ARSITEKTUR, IT / TELECOM, SAFETY / K3",2020008485,NO_SAP
793,2020010574,FAUZAN RAFI AHMAD,PROPOSED,"BEKISTING / FORMWORK, BORED PILE / PONDASI, PLUMBING / PIPA, MEKANIKAL, STRUKTUR BETON / CONCRETE, PRECAST / BETON PRACETAK, FAÇADE / ARSITEKTUR, JALAN / PERKERASAN, PEKERJAAN TANAH / EARTHWORKS, AGREGAT / BAHAN URUG, STP (SEWAGE, TREATMENT PLANT) & WTP (WATER TREATMENT PLANT), BAHAN BANGUNAN, PEKERJAAN SIPIL STRUCTURE",2020010574,NO_SAP
794,2020013241,FAVORE WOOD MANDIRI,EXISTING_PRESERVED,"FAÇADE / ARSITEKTUR
Plafond Gypsum tebal 9 mm Favore
Plafond WR Favore",2020013241,
795,2020010961,FEBI YUDAWIRAWAN,PROPOSED,LOGISTICS / TRANSPORT,2020010961,NO_SAP
796,2020009674,FED INSIGHT INDONESIA,PROPOSED,KONSULTAN PERENCANA,2020009674,NO_SAP
797,2020005116,FELIX OCKY INDIARTO,PROPOSED,FAÇADE / ARSITEKTUR,2020005116,NO_SAP
798,2020002713,FENTO TAMPORA,PROPOSED,"PEKERJAAN TANAH / EARTHWORKS, BORED PILE / PONDASI, MEKANIKAL, EQUIPMENT / RENTAL, STRUKTUR BETON / CONCRETE, LANDSCAPING, SAFETY / K3, BAHAN BANGUNAN, PEKERJAAN SIPIL STRUCTURE",2020002713,NO_SAP
799,2020005120,FERY FAHRIZAL,PROPOSED,"PLUMBING / PIPA, EQUIPMENT / RENTAL, FAÇADE / ARSITEKTUR",2020005120,NO_SAP
800,2020013135,FIAN BUDIARTO,PROPOSED,FAÇADE / ARSITEKTUR,2020013135,NO_SAP
801,2020011985,FIKA DARNITA,UNRESOLVED,,2020011985,NO_SAP
802,2020010001,MUKAROBIN,UNRESOLVED,,2020010001,NO_SAP
803,2020015413,FIRMA ARAZY (ARAZY LAW FIRM),EXISTING_PRESERVED,Tidak ditemukan kesamaan lingkup pekerjaan,2020015413,
804,2020011867,FIRMA HUKUM ATMADJA SIREGAR KR,PROPOSED,LEGAL / CORPORATE,2020011867,NO_SAP
805,2020009735,FIRMAN SYARIFUDIN,PROPOSED,"BEKISTING / FORMWORK, BORED PILE / PONDASI, STRUKTUR BETON / CONCRETE, PEKERJAAN SIPIL STRUCTURE",2020009735,NO_SAP
806,2020015765,FIRMANSYAH,PROPOSED,TESTING / LABORATORY,2020015765,NO_SAP
807,2020009116,FITRA HADI RAYA,EXISTING_PRESERVED,Tidak ditemukan kesamaan lingkup pekerjaan,2020009116,
808,2020014119,FITRA HAYANI,PROPOSED,"EQUIPMENT / RENTAL, STRUKTUR BETON / CONCRETE, CARGO / LOGISTICS TRANSPORT (DARAT, LAUT, UDARA)",2020014119,NO_SAP
809,2020008445,FITRIYATUN NIAM,PROPOSED,"ELEKTRIKAL, PLUMBING / PIPA, MEKANIKAL, FAÇADE / ARSITEKTUR",2020008445,NO_SAP
810,2020005136,FOKUS SOLUSI KREASINDO,PROPOSED,FAÇADE / ARSITEKTUR,2020005136,NO_SAP
811,2020013937,FONDASI TIANG NUSANTARA INDONE,PROPOSED,"BORED PILE / PONDASI, EQUIPMENT / RENTAL, LOGISTICS / TRANSPORT",2020013937,NO_SAP
812,2020013239,FOR KOMUNIKA KREASI,UNRESOLVED,,2020013239,NO_SAP
813,2020012516,FORME LIVING INTERNATIONAL,PROPOSED,FURNITURE PERMANEN ADM BLDG,2020012516,NO_SAP
814,2020013196,FORTE SOLUSI HUKUM,EXISTING_PRESERVED,Tidak ditemukan kesamaan lingkup pekerjaan,2020013196,
815,2020005141,FRABEL,EXISTING_PRESERVED,"FAÇADE / ARSITEKTUR
Pek. Plafon_JK_M2
Plafond HPL 1",2020005141,
816,2020010849,FRANS WINARTA & PARTNERS,PROPOSED,LEGAL / CORPORATE,2020010849,NO_SAP
817,2020003274,FREYSSINET TOTAL TECHNOLOGY,EXISTING_PRESERVED,Tidak ditemukan kesamaan lingkup pekerjaan,2020003274,
818,2020010584,FRIBESKA CIPTA SEJAHTERA,UNRESOLVED,,2020010584,NO_SAP
819,2020012032,FULUSO GADING SURYA JAYA,PROPOSED,"FURNITURE PERMANEN ADM BLDG, EQUIPMENT / RENTAL, FAÇADE / ARSITEKTUR, BORED PILE / PONDASI, STRUKTUR BETON / CONCRETE, PRECAST / BETON PRACETAK, JALAN / PERKERASAN, PEKERJAAN TANAH / EARTHWORKS, SAFETY / K3, LOGISTICS / TRANSPORT, BAHAN BANGUNAN, PEKERJAAN SIPIL STRUCTURE",2020012032,NO_SAP
820,2020010553,FUTAGO KARYA,PROPOSED,"FAÇADE / ARSITEKTUR, LOGISTICS / TRANSPORT",2020010553,NO_SAP
821,2020001045,MULYONO,UNRESOLVED,,2020001045,NO_SAP
822,2020008256,G TECH STEEL,PROPOSED,"STEEL / FABRIKASI, BAHAN BANGUNAN",2020008256,NO_SAP
823,2020012017,GABRIELLA GEOVANA RAWUNG,UNRESOLVED,,2020012017,NO_SAP
824,2020013215,GAHARU GLOBAL PERKASA,EXISTING_PRESERVED,Tidak ditemukan kesamaan lingkup pekerjaan,2020013215,
825,2020008941,GAJACO UTAMA,EXISTING_PRESERVED,"Semen
Semen Dynamix PCC @ 40 kg
Semen Rajawali PPC @ 40 Kg
Semen Type II PCC @ 1000 kg
Semen PCC Curah
Semen PCC JB",2020008941,
826,2020012251,GAJAH ENERGIE ENGINEERING,EXISTING_PRESERVED,Tidak ditemukan kesamaan lingkup pekerjaan,2020012251,
827,2020011829,GAJAHMADA BANGUN PERKASA,EXISTING_PRESERVED,Tidak ditemukan kesamaan lingkup pekerjaan,2020011829,
828,2020005160,GALAXY PERSADA,UNRESOLVED,,2020005160,NO_SAP
829,2020005161,GALIH PERKASA UTAMA,PROPOSED,"PRECAST / BETON PRACETAK, STRUKTUR BETON / CONCRETE, BEKISTING / FORMWORK, FAÇADE / ARSITEKTUR, LANDSCAPING, PEKERJAAN SIPIL STRUCTURE",2020005161,NO_SAP
830,2020005164,GALVA TECHNOLOGIES,PROPOSED,"PLUMBING / PIPA, ELEKTRIKAL, MEKANIKAL",2020005164,NO_SAP
831,2020013169,GALVA TECHNOLOGIES TBK,EXISTING_PRESERVED,Tidak ditemukan kesamaan lingkup pekerjaan,2020013169,
832,2020005171,GANDEWA,EXISTING_PRESERVED,Tidak ditemukan kesamaan lingkup pekerjaan,2020005171,
833,2020013124,GANENDRA ARSYILA SEMESTA,EXISTING_PRESERVED,"STRUKTUR BETON / CONCRETE
Kawat Beton / Bendrat
Concrete Rooster 15x20 cm",2020013124,
834,2020008107,GARTON MANDIRI INDONESIA,EXISTING_PRESERVED,"STRUKTUR BETON / CONCRETE
Beton Readymix Fc 20
Beton Readymix Fc 10
Beton Readymix Fc 35 12±2 FA 15% SF+32
Beton Readymix Fc 30
Beton Readymix Fs 45
Beton fc' 30 Mpa - SCC
Beton fc 35 Mpa",2020008107,
835,2020012220,GATOT PRAMONO,PROPOSED,JALAN / PERKERASAN,2020012220,NO_SAP
836,2020010045,GAVA JAYA PERKASA,PROPOSED,FAÇADE / ARSITEKTUR,2020010045,NO_SAP
837,2020000566,GAYA MAKMUR TRACTORS,PROPOSED,EQUIPMENT / RENTAL,2020000566,NO_SAP
838,2020015516,GEMILANG BINTANG TIMUR,EXISTING_PRESERVED,Tidak ditemukan kesamaan lingkup pekerjaan,2020015516,
839,2020009069,GEMILANG BUMI PRATAMA,EXISTING_PRESERVED,Tidak ditemukan kesamaan lingkup pekerjaan,2020009069,
840,2020005195,GEMILANG BUMI SARANA,PROPOSED,SAFETY / K3,2020005195,NO_SAP
841,2020011791,GENERAL BERKAH PRATAMA,PROPOSED,"PLUMBING / PIPA, ELEKTRIKAL, MEKANIKAL",2020011791,NO_SAP
842,2020006288,MUZAKIR,UNRESOLVED,,2020006288,NO_SAP
843,2020008213,GENTA MULTI JAYYA,PROPOSED,EQUIPMENT / RENTAL,2020008213,NO_SAP
844,2020014589,GENTAR SELARAS ABADI,EXISTING_PRESERVED,Tidak ditemukan kesamaan lingkup pekerjaan,2020014589,
845,2020005204,GEO INDOGREEN KARYA,EXISTING_PRESERVED,Tidak ditemukan kesamaan lingkup pekerjaan,2020005204,
846,2020001252,GEO PONDASI TESTING,PROPOSED,TESTING / LABORATORY,2020001252,NO_SAP
847,2020000571,GEO STRUKTUR INDONUSA,UNRESOLVED,,2020000571,NO_SAP
848,2020001253,GEO STRUKTUR INDONUSA,PROPOSED,"LOGISTICS / TRANSPORT, PLUMBING / PIPA, STEEL / FABRIKASI, STRUKTUR BETON / CONCRETE, JALAN / PERKERASAN, TESTING / LABORATORY",2020001253,NO_SAP
849,2020011779,GEOCHEM SURVEI INTERNASIONAL,UNRESOLVED,,2020011779,NO_SAP
850,2020013125,GEOFORCE INDONESIA,EXISTING_PRESERVED,Tidak ditemukan kesamaan lingkup pekerjaan,2020013125,
851,2020013423,GEOMATIK ANUGERAH SEMESTA,EXISTING_PRESERVED,Tidak ditemukan kesamaan lingkup pekerjaan,2020013423,
852,2020013195,GEOPILE TEKNO TESTINDO,EXISTING_PRESERVED,"BORED PILE / PONDASI
Loading test lateral bore pile dia 1000
Loading test lateral bore pile dia 800
Buang Tanah Ex bore pile",2020013195,
853,2020005209,GEORAMA KARYA INDONESIA,UNRESOLVED,,2020005209,NO_SAP
854,2020015852,GEORGE ANDY WOLTER SIBUEA,PROPOSED,"EQUIPMENT / RENTAL, JALAN / PERKERASAN",2020015852,NO_SAP
855,2020009369,GEOTECH EFATHAMA,PROPOSED,"EQUIPMENT / RENTAL, STRUKTUR BETON / CONCRETE, PRECAST / BETON PRACETAK, JALAN / PERKERASAN, LOGISTICS / TRANSPORT",2020009369,NO_SAP
856,2020014174,GEOTECH EFATHAMA,EXISTING_PRESERVED,"Kesamaan lingkup
PIT Test dia.1500 mm
PDA Test 1500 mm
Crosshole Sonic Logging (CSL) test dia.1
PIT TEST",2020014174,
857,2020000575,GEOTEKINDO,EXISTING_PRESERVED,"BORED PILE / PONDASI
Cor beton Bore Pile dia.800 mm",2020000575,
858,2020011462,GEOTEKNIKAL INSTRUMEN INDONESI,PROPOSED,JALAN / PERKERASAN,2020011462,NO_SAP
859,2020016100,GEOTEKNIKAL INSTRUMENTASI BERK,PROPOSED,FAÇADE / ARSITEKTUR,2020016100,NO_SAP
860,2020009812,GEOTRIA ENGINEERING INDONESIA,PROPOSED,KONSULTAN PERENCANA,2020009812,NO_SAP
861,2020002613,GERONIMO MANDIRI,EXISTING_PRESERVED,"BAHAN BANGUNAN
Pengadaan Material Bantu",2020002613,
862,2020015047,GERSON MEKE,PROPOSED,"BEKISTING / FORMWORK, STRUKTUR BETON / CONCRETE, PEKERJAAN SIPIL STRUCTURE",2020015047,NO_SAP
863,2020005212,GESIT NAZELO PROTECTION,EXISTING_PRESERVED,Tidak ditemukan kesamaan lingkup pekerjaan,2020005212,
864,2020013744,GHANI GHINA,EXISTING_PRESERVED,Tidak ditemukan kesamaan lingkup pekerjaan,2020013744,
865,2020015118,GIDEON CHRISTOFANO GERALD CORI,PROPOSED,"BAHAN BANGUNAN, PEKERJAAN TANAH / EARTHWORKS, MEKANIKAL, FAÇADE / ARSITEKTUR",2020015118,NO_SAP
866,2020013328,GITA YASA,EXISTING_PRESERVED,Tidak ditemukan kesamaan lingkup pekerjaan,2020013328,
867,2020015380,GLEE BRUEK ENGINEERING,EXISTING_PRESERVED,Tidak ditemukan kesamaan lingkup pekerjaan,2020015380,
868,2020005219,GLOBAL ENERGI GEMILANG,PROPOSED,JALAN / PERKERASAN,2020005219,NO_SAP
869,2020015954,GLOBAL ENERGI GEMILANG,EXISTING_PRESERVED,Tidak ditemukan kesamaan lingkup pekerjaan,2020015954,
870,2020000579,GLOBAL KARYA UTAMA,PROPOSED,FAÇADE / ARSITEKTUR,2020000579,NO_SAP
871,2020005224,GLOBAL MEDIA CENDEKIA,PROPOSED,"ELEKTRIKAL, IT / TELECOM, MEKANIKAL, FAÇADE / ARSITEKTUR, FURNITURE PERMANEN ADM BLDG, SAFETY / K3, LEGAL / CORPORATE",2020005224,NO_SAP
872,2020014520,GLOBAL MITRA ADIJAYA,EXISTING_PRESERVED,FURNITURE PERMANEN ADM BLDG,2020014520,
873,2020005226,GLOBAL MULIA INDONESIA,EXISTING_PRESERVED,"PLUMBING / PIPA
Pek. Inst Plumbing Hydrant Tata Udara",2020005226,
874,2020012314,GLOBAL PRATAMA INDONUSA,PROPOSED,AGREGAT / BAHAN URUG,2020012314,NO_SAP
875,2020010512,GLOBAL SOLUSI KONSULTAN,EXISTING_PRESERVED,Tidak ditemukan kesamaan lingkup pekerjaan,2020010512,
876,2020005228,GLOBAL SUKSES PERKASA,PROPOSED,"STP (SEWAGE, TREATMENT PLANT) & WTP (WATER TREATMENT PLANT), LOGISTICS / TRANSPORT",2020005228,NO_SAP
877,2020012499,GLOBAL TAMA BERDIKARI,PROPOSED,"EQUIPMENT / RENTAL, LOGISTICS / TRANSPORT",2020012499,NO_SAP
878,2020012770,GLOBAL TOTAL SOLUSINDO,EXISTING_PRESERVED,"BAHAN BANGUNAN
Material Bantu",2020012770,
879,2020015503,GLOBALINDO JAYA ABADI,EXISTING_PRESERVED,Tidak ditemukan kesamaan lingkup pekerjaan,2020015503,
880,2020009935,GLODON TECHNICAL INDONESIA,EXISTING_PRESERVED,Tidak ditemukan kesamaan lingkup pekerjaan,2020009935,
881,2020014658,GNV CONSULTING SERVICES,EXISTING_PRESERVED,Tidak ditemukan kesamaan lingkup pekerjaan,2020014658,
882,2020010965,GOECOUP KONSULTINDO SEMESTA,PROPOSED,EQUIPMENT / RENTAL,2020010965,NO_SAP
883,2020011842,GOSYEN JAYA PERKASA,PROPOSED,EQUIPMENT / RENTAL,2020011842,NO_SAP
884,2020010317,GOTRANS LOGISTICS INTERNATIONA,PROPOSED,"EQUIPMENT / RENTAL, STRUKTUR BETON / CONCRETE, LOGISTICS / TRANSPORT, BAHAN BANGUNAN",2020010317,NO_SAP
885,2020011088,GPS LANDS INDOSOLUTIONS,EXISTING_PRESERVED,Alat Ukur,2020011088,
886,2020003675,GRAHA KARYA PERKASA,EXISTING_PRESERVED,"BORED PILE / PONDASI, FAÇADE / ARSITEKTUR
Subkontraktor Struktur, Arsitektur & MEP
Potong Tiang Bor Pile dia. 150+demolishe",2020003675,
887,2020014421,GRAHA PERSADA,EXISTING_PRESERVED,"BAHAN BANGUNAN, EQUIPMENT / RENTAL, SAFETY / K3, STEEL / FABRIKASI, STRUKTUR BETON / CONCRETE
Biaya Material Bantu
Kawat Beton / Bendrat
Material bantu
Plat Form Pengukuran
Sewa Excavator
Mob/demob.Mobile Crane 30 Ton
Sewa Hyap Crane 7 Ton
Topi pelindung (Safety Helmet)
Sepatu keselamatan (Safety Shoes, rubber
Rompi keselamatan (Safety Vest)",2020014421,
888,2020005252,GRAHA REJEKI SANTOSO,PROPOSED,FAÇADE / ARSITEKTUR,2020005252,NO_SAP
889,2020005256,GRANITINDO CIPTA SEJATI,PROPOSED,FAÇADE / ARSITEKTUR,2020005256,NO_SAP
890,2020000588,GRANT SURYA MULTI SARANA,PROPOSED,"EQUIPMENT / RENTAL, BORED PILE / PONDASI, STRUKTUR BETON / CONCRETE, TESTING / LABORATORY, LOGISTICS / TRANSPORT, PEKERJAAN SIPIL STRUCTURE",2020000588,NO_SAP
891,2020015888,GRANT VICTORIA MULTICRANE,EXISTING_PRESERVED,"Drilling Bore Pile dia.800 mm, L=30 m'",2020015888,
892,2020010839,GREATMAC ENGINEERING SOLUTION,EXISTING_PRESERVED,Tidak ditemukan kesamaan lingkup pekerjaan,2020010839,
893,2020014664,GREEN PALM GARDEN,EXISTING_PRESERVED,Tidak ditemukan kesamaan lingkup pekerjaan,2020014664,
894,2020010639,GRESSINDO KUMALA PERKASA,EXISTING_PRESERVED,Tidak ditemukan kesamaan lingkup pekerjaan,2020010639,
895,2020012438,GRIYA INTERINDO ABADI,EXISTING_PRESERVED,Tidak ditemukan kesamaan lingkup pekerjaan,2020012438,
896,2020013348,GRIYATIRTA,PROPOSED,"ELEKTRIKAL, FURNITURE PERMANEN ADM BLDG",2020013348,NO_SAP
897,2020012557,GUJO BATAVIA,PROPOSED,JALAN / PERKERASAN,2020012557,NO_SAP
898,2020009943,GUMI ARTHA KARYA,PROPOSED,AGREGAT / BAHAN URUG,2020009943,NO_SAP
899,2020011605,GUNAWAN,PROPOSED,FAÇADE / ARSITEKTUR,2020011605,NO_SAP
900,2020015774,GUNAWAN JOKO RIADI,PROPOSED,"PLUMBING / PIPA, ELEKTRIKAL, MEKANIKAL, STRUKTUR BETON / CONCRETE, FAÇADE / ARSITEKTUR, PEKERJAAN SIPIL STRUCTURE",2020015774,NO_SAP
901,2020012423,GUNAWAN WIBISONO,PROPOSED,"EQUIPMENT / RENTAL, FAÇADE / ARSITEKTUR",2020012423,NO_SAP
902,2020010061,GUNTOMARA,PROPOSED,FAÇADE / ARSITEKTUR,2020010061,NO_SAP
903,2020015653,GUNTUR SALAKSA,PROPOSED,EQUIPMENT / RENTAL,2020015653,NO_SAP
904,2020006310,NASIR,PROPOSED,FAÇADE / ARSITEKTUR,2020006310,NO_SAP
905,2020012991,GUSTI FAISAL ISMAWAN,PROPOSED,"EQUIPMENT / RENTAL, MEKANIKAL, STRUKTUR BETON / CONCRETE, LOGISTICS / TRANSPORT, PEKERJAAN SIPIL STRUCTURE",2020012991,NO_SAP
906,2020009443,H. CAHYA SE,PROPOSED,JALAN / PERKERASAN,2020009443,NO_SAP
907,2020013505,H. SYARIPIN,PROPOSED,"STP (SEWAGE, TREATMENT PLANT) & WTP (WATER TREATMENT PLANT)",2020013505,NO_SAP
908,2020000606,H. TAUFIK ABDILAH,PROPOSED,"PLUMBING / PIPA, ELEKTRIKAL, MEKANIKAL",2020000606,NO_SAP
909,2020014092,HABIBI1212,PROPOSED,PEKERJAAN TANAH / EARTHWORKS,2020014092,NO_SAP
910,2020002677,HADE BERKAH NUSANTARA,PROPOSED,EQUIPMENT / RENTAL,2020002677,NO_SAP
911,2020009447,HADI JAYA BORE LAND,EXISTING_PRESERVED,"BORED PILE / PONDASI, , Kesamaan lingkup
PDA Test Pult 250 Ton
Upah Pengecoran bore pile
Jasa Mob & Demob Bored Pile_JK_LS
Pek. Pengeboran Pondasi Bore Pile_JK_M
Pek. PDA Test_JK_TTK
Pek. Pile PIT Test_JK_TTK
Upah pembesian bored pile + langsir",2020009447,
912,2020000610,HADI KADIMUN,PROPOSED,EQUIPMENT / RENTAL,2020000610,NO_SAP
913,2020015849,HADI NATALEO,PROPOSED,PEKERJAAN TANAH / EARTHWORKS,2020015849,NO_SAP
914,2020005294,HADIAN,PROPOSED,AGREGAT / BAHAN URUG,2020005294,NO_SAP
915,2020012194,HADIANOR,PROPOSED,"AGREGAT / BAHAN URUG, EQUIPMENT / RENTAL, BAHAN BANGUNAN, FAÇADE / ARSITEKTUR, STRUKTUR BETON / CONCRETE, SAFETY / K3, FURNITURE PERMANEN ADM BLDG",2020012194,NO_SAP
916,2020010797,HADIRA MEGANTARA,UNRESOLVED,,2020010797,NO_SAP
917,2020013696,HADIYA FERRYDIAN SUYOKO,PROPOSED,"AGREGAT / BAHAN URUG, LOGISTICS / TRANSPORT",2020013696,NO_SAP
918,2020013950,HADRATUL HAIRIYAH,UNRESOLVED,,2020013950,NO_SAP
919,2020015825,HAERUDDIN,PROPOSED,FAÇADE / ARSITEKTUR,2020015825,NO_SAP
920,2020014627,HAERUN,PROPOSED,"FAÇADE / ARSITEKTUR, JALAN / PERKERASAN, PEKERJAAN TANAH / EARTHWORKS, AGREGAT / BAHAN URUG",2020014627,NO_SAP
921,2020015703,HAFIDZ CHANDRA ALVAREDZ,PROPOSED,"FAÇADE / ARSITEKTUR, BAHAN BANGUNAN",2020015703,NO_SAP
922,2020015713,HAFIS HAMIMI,PROPOSED,FAÇADE / ARSITEKTUR,2020015713,NO_SAP
923,2020003685,HAFIS NURYATAMA KONSTRUKSI,PROPOSED,"EQUIPMENT / RENTAL, MEKANIKAL, STRUKTUR BETON / CONCRETE, PRECAST / BETON PRACETAK, JALAN / PERKERASAN, SAFETY / K3, LOGISTICS / TRANSPORT, PEKERJAAN SIPIL STRUCTURE",2020003685,NO_SAP
924,2020015439,HAIKAL,PROPOSED,"STRUKTUR BETON / CONCRETE, PEKERJAAN TANAH / EARTHWORKS, BANGUNAN PENGAIRAN ( BENDUNG, IRIGASI, SUNGAI, PINTU AIR ), FAÇADE / ARSITEKTUR, MEKANIKAL, PLUMBING / PIPA, JALAN / PERKERASAN, BAHAN BANGUNAN",2020015439,NO_SAP
925,2020005298,HAJAR ASWAD KONSTRUKSINDO,PROPOSED,"STRUKTUR BETON / CONCRETE, FAÇADE / ARSITEKTUR",2020005298,NO_SAP
926,2020008642,HAKA PURINDO SAKTI,PROPOSED,"EQUIPMENT / RENTAL, LOGISTICS / TRANSPORT",2020008642,NO_SAP
927,2020000612,HAKAASTON,EXISTING_PRESERVED,"FAÇADE / ARSITEKTUR, JALAN / PERKERASAN, STRUKTUR BETON / CONCRETE
Interbuilding road (perbaikan jalan exi
Sewa Asphalt Finisher
Aspal AC/WC
Cat Marka Thermoplastis
Aspal AC/BC 4 cm
Aspal AC/BC
Mobilisasi Asphalt Finisher
Subkon Asphalt Concrete Base Course
Subkon Asphalt Concrete Binder Course
Subkon Asphalt Concrete Wearing Course
Pekerjaan Aspal AC-BC
Pekerjaan Aspal AC-WC
Sheet Pile Beton (CCSP) Kelas B W450
Sheet Pile Beton (CCSP) Kelas B W325
Pekerjaan Aspal",2020000612,
928,2020012593,HALARAG BAJA UTAMA,PROPOSED,"STRUKTUR BETON / CONCRETE, BAHAN BANGUNAN",2020012593,NO_SAP
929,2020005301,HALO INDAH PERMAI,PROPOSED,"IT / TELECOM, FURNITURE PERMANEN ADM BLDG",2020005301,NO_SAP
930,2020010650,HAMDAN,PROPOSED,SAFETY / K3,2020010650,NO_SAP
931,2020013875,HAMDANY WIJAYA CONSULTANT,EXISTING_PRESERVED,Tidak ditemukan kesamaan lingkup pekerjaan,2020013875,
932,2020008522,HAMIDON H LATIF,UNRESOLVED,,2020008522,NO_SAP
933,2020012691,HANDIKA LUTFIANTORO,PROPOSED,"BEKISTING / FORMWORK, STRUKTUR BETON / CONCRETE, FAÇADE / ARSITEKTUR, LOGISTICS / TRANSPORT, PEKERJAAN SIPIL STRUCTURE",2020012691,NO_SAP
934,2020005314,HANDOYO,PROPOSED,"FAÇADE / ARSITEKTUR, STRUKTUR BETON / CONCRETE, MEKANIKAL, PLUMBING / PIPA, ELEKTRIKAL, PEKERJAAN SIPIL STRUCTURE",2020005314,NO_SAP
935,2020011962,HANIEF RIZAL ZAKY,PROPOSED,"BEKISTING / FORMWORK, STRUKTUR BETON / CONCRETE, PRECAST / BETON PRACETAK, PEKERJAAN SIPIL STRUCTURE",2020011962,NO_SAP
936,2020005320,HANNAS REAGEN MUSSU,PROPOSED,"STRUKTUR BETON / CONCRETE, PRECAST / BETON PRACETAK",2020005320,NO_SAP
937,2020005323,HANOSEN PRATAMA,PROPOSED,LOGISTICS / TRANSPORT,2020005323,NO_SAP
938,2020015430,HARDI ARFANDY,PROPOSED,FAÇADE / ARSITEKTUR,2020015430,NO_SAP
939,2020007757,HARIAN K3,UNRESOLVED,,2020007757,NO_SAP
940,2020014419,HARINDO RAYA,EXISTING_PRESERVED,Tidak ditemukan kesamaan lingkup pekerjaan,2020014419,
941,2020015440,HARISUDDIN,PROPOSED,FAÇADE / ARSITEKTUR,2020015440,NO_SAP
942,2020014088,HARIYADI,PROPOSED,"LOGISTICS / TRANSPORT, STRUKTUR BETON / CONCRETE, BAHAN BANGUNAN",2020014088,NO_SAP
943,2020010235,HARIYONHSON,PROPOSED,LOGISTICS / TRANSPORT,2020010235,NO_SAP
944,2020014631,HARJUN ADHITYA SASONGKO,PROPOSED,"BEKISTING / FORMWORK, STRUKTUR BETON / CONCRETE, PEKERJAAN SIPIL STRUCTURE",2020014631,NO_SAP
945,2020014059,HARJUNA,PROPOSED,"STRUKTUR BETON / CONCRETE, FAÇADE / ARSITEKTUR, PEKERJAAN TANAH / EARTHWORKS, AGREGAT / BAHAN URUG, LOGISTICS / TRANSPORT, PEKERJAAN SIPIL STRUCTURE",2020014059,NO_SAP
946,2020014353,HARRADO BAWONO MULYO,EXISTING_PRESERVED,Tidak ditemukan kesamaan lingkup pekerjaan,2020014353,
947,2020000632,HARSONO,PROPOSED,"FAÇADE / ARSITEKTUR, STRUKTUR BETON / CONCRETE, BEKISTING / FORMWORK, BAHAN BANGUNAN, MEKANIKAL, PRECAST / BETON PRACETAK, BORED PILE / PONDASI, STEEL / FABRIKASI, ELEKTRIKAL, LANDSCAPING, JALAN / PERKERASAN, PEKERJAAN TANAH / EARTHWORKS, LOGISTICS / TRANSPORT, PEKERJAAN SIPIL STRUCTURE, FURNITURE PERMANEN ADM BLDG",2020000632,NO_SAP
948,2020005342,HARTANTO,PROPOSED,"STRUKTUR BETON / CONCRETE, PEKERJAAN TANAH / EARTHWORKS, BEKISTING / FORMWORK, FAÇADE / ARSITEKTUR, PEKERJAAN SIPIL STRUCTURE",2020005342,NO_SAP
949,2020000634,HARTOYO,PROPOSED,"FAÇADE / ARSITEKTUR, LANDSCAPING",2020000634,NO_SAP
950,2020015341,HARUN SALEH HARAHAP,PROPOSED,"PLUMBING / PIPA, ELEKTRIKAL, MEKANIKAL, STRUKTUR BETON / CONCRETE, FAÇADE / ARSITEKTUR, PEKERJAAN SIPIL STRUCTURE",2020015341,NO_SAP
951,2020011524,HARVEST PERDANA KOMPAKINDO,EXISTING_PRESERVED,Tidak ditemukan kesamaan lingkup pekerjaan,2020011524,
952,2020015468,HASRULLAH,PROPOSED,"FAÇADE / ARSITEKTUR, PEKERJAAN TANAH / EARTHWORKS, AGREGAT / BAHAN URUG",2020015468,NO_SAP
953,2020005365,HASTRA KARYA PERSADA,EXISTING_PRESERVED,"ELEKTRIKAL, FAÇADE / ARSITEKTUR, STEEL / FABRIKASI, STRUKTUR BETON / CONCRETE
Walkway Sementara Jalur Pengecoran
Steel support cor beton insitu
Pekerjaan Baja 3
Pek. Struktur Baja 1
Pek. Struktur Baja_JK_LS
Pek. Struktur Baja 3
Pek. Grouting Base Plate
Pek. Cat Rangka Baja & Panel Pervorated
Pengadaan Plat Sambung + Angkur
Pek. Baja plat tebal 10 mm
Pek. Profil Balok Baja WF_JK_KG
Pek. Struktur Baja_JK_KG",2020005365,
954,2020012488,"HAU FIAR, UNIPESSSOAL, LDA",PROPOSED,FAÇADE / ARSITEKTUR,2020012488,NO_SAP
955,2020014617,HAVETAMA VIANCINDO,EXISTING_PRESERVED,Tidak ditemukan kesamaan lingkup pekerjaan,2020014617,
956,2020015078,HAYANA SOLINDO UTAMA,EXISTING_PRESERVED,"FAÇADE / ARSITEKTUR, STEEL / FABRIKASI
Pemasangan Wallpaper
Rangka Baja Atap Area 2",2020015078,
957,2020013718,HEBSA INDONESIA,UNRESOLVED,,2020013718,NO_SAP
958,2020005377,HENDIYANA,PROPOSED,"FAÇADE / ARSITEKTUR, STRUKTUR BETON / CONCRETE, EQUIPMENT / RENTAL, BEKISTING / FORMWORK, PLUMBING / PIPA, ELEKTRIKAL, MEKANIKAL, LANDSCAPING, LOGISTICS / TRANSPORT, PEKERJAAN SIPIL STRUCTURE",2020005377,NO_SAP
959,2020007916,HENDRA,PROPOSED,FURNITURE PERMANEN ADM BLDG,2020007916,NO_SAP
960,2020012833,HENDRIK,PROPOSED,"ELEKTRIKAL, TESTING / LABORATORY",2020012833,NO_SAP
961,2020009644,HENDRIK HERU CHANDRA,PROPOSED,"BORED PILE / PONDASI, PRECAST / BETON PRACETAK, FAÇADE / ARSITEKTUR, JALAN / PERKERASAN, STP (SEWAGE, TREATMENT PLANT) & WTP (WATER TREATMENT PLANT)",2020009644,NO_SAP
962,2020012735,HENDRIK SUGIANTO,PROPOSED,FAÇADE / ARSITEKTUR,2020012735,NO_SAP
963,2020015861,HENDRISON,PROPOSED,FAÇADE / ARSITEKTUR,2020015861,NO_SAP
964,2020011977,HENDRO WIDODO & PARTNERS,PROPOSED,LEGAL / CORPORATE,2020011977,NO_SAP
965,2020012420,HENDY SEPTIAN,PROPOSED,"BEKISTING / FORMWORK, STRUKTUR BETON / CONCRETE, EQUIPMENT / RENTAL, FAÇADE / ARSITEKTUR, MEKANIKAL, BORED PILE / PONDASI, STEEL / FABRIKASI, ELEKTRIKAL, SAFETY / K3, LOGISTICS / TRANSPORT, PEKERJAAN SIPIL STRUCTURE, FURNITURE PERMANEN ADM BLDG",2020012420,NO_SAP
966,2020010989,HENGKY ARDIANSYAH,PROPOSED,"EQUIPMENT / RENTAL, IT / TELECOM, FURNITURE PERMANEN ADM BLDG",2020010989,NO_SAP
967,2020015884,HERANI JAYA,EXISTING_PRESERVED,Tidak ditemukan kesamaan lingkup pekerjaan,2020015884,
968,2020003379,HERDIAWAN,PROPOSED,"BEKISTING / FORMWORK, BORED PILE / PONDASI, STRUKTUR BETON / CONCRETE, PRECAST / BETON PRACETAK, FAÇADE / ARSITEKTUR, PEKERJAAN SIPIL STRUCTURE",2020003379,NO_SAP
969,2020015402,HERI NASIP RENALDI,PROPOSED,JALAN / PERKERASAN,2020015402,NO_SAP
970,2020009552,HERI SANTOSO,PROPOSED,BORED PILE / PONDASI,2020009552,NO_SAP
971,2020014603,HERMAN,PROPOSED,"MEKANIKAL, STRUKTUR BETON / CONCRETE, FAÇADE / ARSITEKTUR, PEKERJAAN TANAH / EARTHWORKS, AGREGAT / BAHAN URUG, LOGISTICS / TRANSPORT, BAHAN BANGUNAN, BANGUNAN PENGAIRAN ( BENDUNG, IRIGASI, SUNGAI, PINTU AIR ), PEKERJAAN SIPIL STRUCTURE",2020014603,NO_SAP
972,2020016061,HERMANSYAH,PROPOSED,SAFETY / K3,2020016061,NO_SAP
973,2020014564,HERMANTO,PROPOSED,"PEKERJAAN TANAH / EARTHWORKS, PLUMBING / PIPA, STRUKTUR BETON / CONCRETE, FAÇADE / ARSITEKTUR, AGREGAT / BAHAN URUG, BAHAN BANGUNAN",2020014564,NO_SAP
974,2020016110,HERMAWAN,PROPOSED,EQUIPMENT / RENTAL,2020016110,NO_SAP
975,2020014317,HERMON PANCAKARSA LIBRATAMA,EXISTING_PRESERVED,"FAÇADE / ARSITEKTUR
Waterproofing coating toilet
Waterproofing membrane",2020014317,
976,2020013685,HERNOWO ARIEF SUDRAJAT,PROPOSED,"BORED PILE / PONDASI, ELEKTRIKAL, STRUKTUR BETON / CONCRETE",2020013685,NO_SAP
977,2020006734,RIDWAN HABIEBIE,PROPOSED,"EQUIPMENT / RENTAL, JALAN / PERKERASAN, LOGISTICS / TRANSPORT",2020006734,NO_SAP
978,2020010934,HERU ADI KONSTRUKSI,EXISTING_PRESERVED,"STEEL / FABRIKASI, STRUKTUR BETON / CONCRETE
Pek. Struktur Baja_JK_LS
Balok WF 350X175
Pekerjaan INP Beam/CNP_JK
Plat tebal 20 mm
Pek. Cat Rangka Baja & Panel Pervorated
Besi Hollow 40x40x1 mm
Pek. Profil Balok Baja WF_JK_KG
Pek. Rangka Baja Kanopi_JK_KG
Pekerjaan Pemasangan Base Blate Baja
Pek. Kolom Baja Profil WF
Pek. Gording Baja
Pek. plat sambung struktur baja
Pek. coating baja profil
Grouting plat tumpu
Baja profil WF
pelat sambung struktur baja",2020010934,
979,2020007769,RIZKY MEIS PUTRA,PROPOSED,"FAÇADE / ARSITEKTUR, JALAN / PERKERASAN, PLUMBING / PIPA, ELEKTRIKAL, MEKANIKAL, STRUKTUR BETON / CONCRETE, AGREGAT / BAHAN URUG, LOGISTICS / TRANSPORT, PEKERJAAN SIPIL STRUCTURE",2020007769,NO_SAP
980,2020012547,HESITADA INTI DESAIN,EXISTING_PRESERVED,Tidak ditemukan kesamaan lingkup pekerjaan,2020012547,
981,2020005406,HIBRIK MITRA PERSADA,PROPOSED,"STRUKTUR BETON / CONCRETE, PEKERJAAN SIPIL STRUCTURE",2020005406,NO_SAP
982,2020005407,HIDAYAT,PROPOSED,"STRUKTUR BETON / CONCRETE, PEKERJAAN SIPIL STRUCTURE",2020005407,NO_SAP
983,2020013367,HIDUP INDAH BERKAH,EXISTING_PRESERVED,Tidak ditemukan kesamaan lingkup pekerjaan,2020013367,
984,2020008207,HIKAM JAWARA SEJAGAT,PROPOSED,EQUIPMENT / RENTAL,2020008207,NO_SAP
985,2020012392,HIKMAH SHOIMAH,PROPOSED,FAÇADE / ARSITEKTUR,2020012392,NO_SAP
986,2020011041,HILLUNOREVOL UNIPESSOAL LDA,PROPOSED,EQUIPMENT / RENTAL,2020011041,NO_SAP
987,2020001264,HILTI NUSANTARA,PROPOSED,"STEEL / FABRIKASI, STRUKTUR BETON / CONCRETE, PRECAST / BETON PRACETAK, BAHAN BANGUNAN, PEKERJAAN SIPIL STRUCTURE",2020001264,NO_SAP
988,2020005412,HIMALAYA TUJUH HASTA,PROPOSED,LANDSCAPING,2020005412,NO_SAP
989,2020012944,HIRA MULTITECH INTIMEDIA,EXISTING_PRESERVED,Tidak ditemukan kesamaan lingkup pekerjaan,2020012944,
990,2020008328,HIRFI STUDIO,EXISTING_PRESERVED,Tidak ditemukan kesamaan lingkup pekerjaan,2020008328,
991,2020000673,HK DIVISI INFRASTRUKTUR MEDBIN,PROPOSED,JALAN / PERKERASAN,2020000673,NO_SAP
992,2020002297,HK REALTINDO,PROPOSED,"EQUIPMENT / RENTAL, JALAN / PERKERASAN, FURNITURE PERMANEN ADM BLDG",2020002297,NO_SAP
993,2020010156,HOLLYWOOD,PROPOSED,"FAÇADE / ARSITEKTUR, BAHAN BANGUNAN",2020010156,NO_SAP
994,2020014488,HUTAMA - ADHI - ABIPRAYA,EXISTING_PRESERVED,Tidak ditemukan kesamaan lingkup pekerjaan,2020014488,
995,2020008884,HUTAMA KARYA INFRASTRUKTUR,EXISTING_PRESERVED,Tidak ditemukan kesamaan lingkup pekerjaan,2020008884,
996,2020005423,HUTAMA REKSA ENERGI DUA,UNRESOLVED,,2020005423,NO_SAP
997,2020015441,I NENGAH SUNARTA ADIWIGUNA,PROPOSED,EQUIPMENT / RENTAL,2020015441,NO_SAP
998,2020015215,I WAYAN MUDIARTA,PROPOSED,"EQUIPMENT / RENTAL, AGREGAT / BAHAN URUG",2020015215,NO_SAP
999,2020015010,IBCWE,EXISTING_PRESERVED,Tidak ditemukan kesamaan lingkup pekerjaan,2020015010,
1000,2020011057,IBNU NAJIB,PROPOSED,FAÇADE / ARSITEKTUR,2020011057,NO_SAP
1001,2020011751,IBRAHIM,PROPOSED,"FAÇADE / ARSITEKTUR, SAFETY / K3",2020011751,NO_SAP
1002,2020002871,ICHTUS GALA ASIA,UNRESOLVED,,2020002871,NO_SAP
1003,2020014417,IDA POTABUGA,PROPOSED,EQUIPMENT / RENTAL,2020014417,NO_SAP
1004,2020013381,IDEAL KONSTRUKSI NUSANTARA,EXISTING_PRESERVED,"JALAN / PERKERASAN
Galian Jalan Akses",2020013381,
1005,2020008935,IDHAM CHOLID,UNRESOLVED,,2020008935,NO_SAP
1006,2020014041,IGASAR,EXISTING_PRESERVED,"STRUKTUR BETON / CONCRETE
Beton Readymix Fc 30
Beton Readymix Fc 10",2020014041,
1007,2020005439,IKA TRISNAWATI,PROPOSED,BORED PILE / PONDASI,2020005439,NO_SAP
1008,2020012453,IKHRAM HADIANTO,PROPOSED,AGREGAT / BAHAN URUG,2020012453,NO_SAP
1009,2020012729,IKN IBUKOTA NUSANTARA,EXISTING_PRESERVED,Tidak ditemukan kesamaan lingkup pekerjaan,2020012729,
1010,2020015218,ILHAM,PROPOSED,"BEKISTING / FORMWORK, EQUIPMENT / RENTAL, STRUKTUR BETON / CONCRETE, FAÇADE / ARSITEKTUR, PEKERJAAN TANAH / EARTHWORKS, AGREGAT / BAHAN URUG, LOGISTICS / TRANSPORT, BAHAN BANGUNAN, PEKERJAAN SIPIL STRUCTURE",2020015218,NO_SAP
1011,2020015792,ILHAM,PROPOSED,EQUIPMENT / RENTAL,2020015792,NO_SAP
1012,2020015428,ILHAM PRATAMA PAERA,PROPOSED,"PLUMBING / PIPA, STRUKTUR BETON / CONCRETE, FAÇADE / ARSITEKTUR, PEKERJAAN TANAH / EARTHWORKS, AGREGAT / BAHAN URUG, LOGISTICS / TRANSPORT, BAHAN BANGUNAN",2020015428,NO_SAP
1013,2020000690,IMAM,PROPOSED,"STRUKTUR BETON / CONCRETE, PEKERJAAN SIPIL STRUCTURE",2020000690,NO_SAP
1014,2020015938,IMAM,PROPOSED,"BAHAN BANGUNAN, FAÇADE / ARSITEKTUR",2020015938,NO_SAP
1015,2020013450,IMAM BUDIANTO,UNRESOLVED,,2020013450,NO_SAP
1016,2020014481,IMAM SISWOYO,PROPOSED,"PEKERJAAN TANAH / EARTHWORKS, STRUKTUR BETON / CONCRETE, BEKISTING / FORMWORK, EQUIPMENT / RENTAL, PLUMBING / PIPA, FAÇADE / ARSITEKTUR, AGREGAT / BAHAN URUG, BAHAN BANGUNAN, STEEL / FABRIKASI, PEKERJAAN SIPIL STRUCTURE",2020014481,NO_SAP
1017,2020009992,IMAN AKBAR ARIFANDI,PROPOSED,JALAN / PERKERASAN,2020009992,NO_SAP
1018,2020014005,IMANUEL LANCA AJIMESA,PROPOSED,"FAÇADE / ARSITEKTUR, TESTING / LABORATORY",2020014005,NO_SAP
1019,2020015147,IMPACT PENDIDIKAN EKSEKUTIF,EXISTING_PRESERVED,Tidak ditemukan kesamaan lingkup pekerjaan,2020015147,
1020,2020008897,IMRAN,PROPOSED,"STRUKTUR BETON / CONCRETE, AGREGAT / BAHAN URUG",2020008897,NO_SAP
1021,2020005449,IMRAN MUSANIF,PROPOSED,"FAÇADE / ARSITEKTUR, BAHAN BANGUNAN",2020005449,NO_SAP
1022,2020013454,IMRON RASIDI,PROPOSED,SAFETY / K3,2020013454,NO_SAP
1023,2020015588,IMS TEKNOLOGI KONTRUKSI,EXISTING_PRESERVED,Tidak ditemukan kesamaan lingkup pekerjaan,2020015588,
1024,2020005453,INCOMINDO MURNI JAYA,PROPOSED,SAFETY / K3,2020005453,NO_SAP
1025,2020012429,INCOMINDO MURNI JAYA,EXISTING_PRESERVED,Tidak ditemukan kesamaan lingkup pekerjaan,2020012429,
1026,2020015381,INDAH KARYA PERSADA,EXISTING_PRESERVED,Tidak ditemukan kesamaan lingkup pekerjaan,2020015381,
1027,2020011711,INDAH MARLINA DEWI,PROPOSED,SAFETY / K3,2020011711,NO_SAP
1028,2020013309,INDAH MEGAH UTAMA,EXISTING_PRESERVED,"STRUKTUR BETON / CONCRETE
Kawat Beton / Bendrat",2020013309,
1029,2020011087,INDI DAYA NUSAREKA,PROPOSED,PEKERJAAN TANAH / EARTHWORKS,2020011087,NO_SAP
1030,2020008069,INDO CRANE PRATAMA,PROPOSED,"EQUIPMENT / RENTAL, STRUKTUR BETON / CONCRETE, PEKERJAAN SIPIL STRUCTURE",2020008069,NO_SAP
1031,2020014404,INDO DAYASURYA PERSADA,EXISTING_PRESERVED,"ELEKTRIKAL
Instalasi Elektrikal
pekerjaan elektrikal",2020014404,
1032,2020008418,INDO JAYA PRIMERGY,EXISTING_PRESERVED,"ELEKTRIKAL, MEKANIKAL
Mob Demob Compressor
Sewa Compressor
Cable c/w Accessories
Sewa Air Compressor 150 CFM_JK_LS",2020008418,
1033,2020012328,INDO KREASI KONSTRUKSI,PROPOSED,FURNITURE PERMANEN ADM BLDG,2020012328,NO_SAP
1034,2020015145,INDO PERKASA MANDIRI,EXISTING_PRESERVED,"PLUMBING / PIPA, STRUKTUR BETON / CONCRETE
Cast iron Pipe
Pekerjaan Jalan Akses Beton
Angkutan besi beton dan besi profil",2020015145,
1035,2020012264,INDO PERKASA PRATAMA,EXISTING_PRESERVED,Tidak ditemukan kesamaan lingkup pekerjaan,2020012264,
1036,2020010962,INDO SUPLAI SENTOSA,EXISTING_PRESERVED,Tidak ditemukan kesamaan lingkup pekerjaan,2020010962,
1037,2020012141,INDO TRANS KONTRUKSI,PROPOSED,BAHAN BANGUNAN,2020012141,NO_SAP
1038,2020005473,INDOBARA BAHANA,PROPOSED,MEKANIKAL,2020005473,NO_SAP
1039,2020015701,INDOINTERNET,PROPOSED,"IT / TELECOM, FURNITURE PERMANEN ADM BLDG",2020015701,NO_SAP
1040,2020012857,INDOKO JAYA CHEMICA,PROPOSED,AGREGAT / BAHAN URUG,2020012857,NO_SAP
1041,2020012092,INDOMAX ASCARYA MACHINERY,EXISTING_PRESERVED,"EQUIPMENT / RENTAL
Sewa Dump Truck 24 m3 (JK)
Sewa Yap / Hiab Crane 10 Ton_JK_MON 2",2020012092,
1042,2020013155,INDONESIA COMNETS PLUS,UNRESOLVED,,2020013155,NO_SAP
1043,2020010119,INDONESIA MAGENTA ARTISTIK,PROPOSED,JALAN / PERKERASAN,2020010119,NO_SAP
1044,2020005492,INDONESIA PONDASI RAYA TBK,PROPOSED,"STEEL / FABRIKASI, PLUMBING / PIPA, STRUKTUR BETON / CONCRETE, LOGISTICS / TRANSPORT, PEKERJAAN SIPIL STRUCTURE",2020005492,NO_SAP
1045,2020013565,INDONESIA TANGKAS BERGEGAS,EXISTING_PRESERVED,Tidak ditemukan kesamaan lingkup pekerjaan,2020013565,
1046,2020000707,INDOPILE,PROPOSED,"BORED PILE / PONDASI, ELEKTRIKAL, EQUIPMENT / RENTAL, STRUKTUR BETON / CONCRETE, PEKERJAAN TANAH / EARTHWORKS, TESTING / LABORATORY, LOGISTICS / TRANSPORT, PEKERJAAN SIPIL STRUCTURE",2020000707,NO_SAP
1047,2020015879,INDOSKALA PERKASA,EXISTING_PRESERVED,Tidak ditemukan kesamaan lingkup pekerjaan,2020015879,
1048,2020005494,INDOSOL WATER SOLUTIONS,PROPOSED,"STP (SEWAGE, TREATMENT PLANT) & WTP (WATER TREATMENT PLANT)",2020005494,NO_SAP
1049,2020015465,INDRA JAYA,PROPOSED,FAÇADE / ARSITEKTUR,2020015465,NO_SAP
1050,2010000024,INDRA KARYA (PERSERO),UNRESOLVED,,2010000024,NO_SAP
1051,2020013712,INDRA KARYA PERSADA,PROPOSED,EQUIPMENT / RENTAL,2020013712,NO_SAP
1052,2020013158,INDRA RESKI PRATAMA,PROPOSED,"PEKERJAAN TANAH / EARTHWORKS, BEKISTING / FORMWORK, STRUKTUR BETON / CONCRETE, PEKERJAAN SIPIL STRUCTURE",2020013158,NO_SAP
1053,2020000712,INDRAMAS ENVIRO KARYA,PROPOSED,"FAÇADE / ARSITEKTUR, SAFETY / K3",2020000712,NO_SAP
1054,2020013081,INDRAPRASTHA TEKNIKA UTAMA,EXISTING_PRESERVED,Tidak ditemukan kesamaan lingkup pekerjaan,2020013081,
1055,2020015184,INDUSTRI DAGANG KADANKA UTAMA,EXISTING_PRESERVED,Tidak ditemukan kesamaan lingkup pekerjaan,2020015184,
1056,2020014613,INES,EXISTING_PRESERVED,"ELEKTRIKAL
Panel TR",2020014613,
1057,2020009248,INFOTAMA INFORMATIKA SOLUSINDO,PROPOSED,SAFETY / K3,2020009248,NO_SAP
1058,2020013233,INFRAKOM SOLUSI INDONESIA,EXISTING_PRESERVED,"IT / TELECOM
Pemeliharaan & Maintenance PAC Server",2020013233,
1059,2020005508,INGGRIT A.R MANGKANA,PROPOSED,BAHAN BANGUNAN,2020005508,NO_SAP
1060,2020011814,INNIKOR GOLDEN MIX,PROPOSED,EQUIPMENT / RENTAL,2020011814,NO_SAP
1061,2020013152,INNOTEK MEGAH INDONESIA,PROPOSED,"PLUMBING / PIPA, ELEKTRIKAL, MEKANIKAL",2020013152,NO_SAP
1062,2020013153,INNOTEK MEGAH INDONESIA,EXISTING_PRESERVED,"ELEKTRIKAL
Pekerjaan Elektrikal IMI
Kerja Tambah Elektrikal
Pek. Elektrikal_JK_LS
Kabel Feeder
Instalasi Pekerjaan Elektrikal
Instalasi genset
Instalasi elektrikal",2020013153,
1063,2020006864,SAMUJI,PROPOSED,"STRUKTUR BETON / CONCRETE, PEKERJAAN SIPIL STRUCTURE",2020006864,NO_SAP
1064,2020010987,INSIGHT CONSULTING,PROPOSED,"EQUIPMENT / RENTAL, IT / TELECOM, FURNITURE PERMANEN ADM BLDG",2020010987,NO_SAP
1065,2020008748,INSTRUMINDO PRIMA SENTOSA,EXISTING_PRESERVED,Tidak ditemukan kesamaan lingkup pekerjaan,2020008748,
1066,2020012045,INSURIN,PROPOSED,SAFETY / K3,2020012045,NO_SAP
1067,2020014623,INTAN CIPTA PERDANA,EXISTING_PRESERVED,Tidak ditemukan kesamaan lingkup pekerjaan,2020014623,
1068,2020010617,INTAN PERKASA,EXISTING_PRESERVED,"FAÇADE / ARSITEKTUR
G1 - GYPSUMBOARD T=9MM FIN. CAT EMULSI
G2 - GYPSUMBOARD T=9MM FIN. CAT ANTI BAK
LIST PLAFOND G1 - GYPSUMBOARD T=9MM FIN.
LIST PLAFOND G2 - GYPSUMBOARD T=9MM FIN.",2020010617,
1069,2020003763,INTECH POWERINDO PERKASA,EXISTING_PRESERVED,Tidak ditemukan kesamaan lingkup pekerjaan,2020003763,
1070,2020013235,INTEGRASI DATA NUSANTARA,PROPOSED,FURNITURE PERMANEN ADM BLDG,2020013235,NO_SAP
1071,2020010205,INTEGRITAS LESTARI MANAJEMEN,EXISTING_PRESERVED,Tidak ditemukan kesamaan lingkup pekerjaan,2020010205,
1072,2020010352,INTERDESIGN CIPTA OPTIMA,EXISTING_PRESERVED,"FAÇADE / ARSITEKTUR
Pek. Plafon Metal Celling Linier (JK)",2020010352,
1073,2020005520,INTERINDO DUTATEKNO,PROPOSED,ELEKTRIKAL,2020005520,NO_SAP
1074,2020015142,INTERNASIONAL KREASI NUSANTARA,EXISTING_PRESERVED,FURNITURE PERMANEN ADM BLDG,2020015142,
1075,2020000723,INTI BETON,PROPOSED,KONSULTAN PERENCANA,2020000723,NO_SAP
1076,2020013214,INTI KRIYA NUSANTARA,EXISTING_PRESERVED,Tidak ditemukan kesamaan lingkup pekerjaan,2020013214,
1077,2020010126,INTI LAJUNA JAYA,UNRESOLVED,,2020010126,NO_SAP
1078,2020001273,INTI NIAGA,PROPOSED,EQUIPMENT / RENTAL,2020001273,NO_SAP
1079,2020012633,INTI PERKASA INDONESIA,PROPOSED,FAÇADE / ARSITEKTUR,2020012633,NO_SAP
1080,2020011540,INTI PERSADA INDONESIA,PROPOSED,"STRUKTUR BETON / CONCRETE, PEKERJAAN SIPIL STRUCTURE",2020011540,NO_SAP
1081,2020013167,INTI SOLUSI ENERGI,EXISTING_PRESERVED,"ELEKTRIKAL
Instrument Cable Batch 1",2020013167,
1082,2020008154,INTIDI BETON JATIM,PROPOSED,"STRUKTUR BETON / CONCRETE, PRECAST / BETON PRACETAK",2020008154,NO_SAP
1083,2020002880,INTINIAGA SUKSES ABADI,EXISTING_PRESERVED,"AGREGAT / BAHAN URUG
Batu Pecah / Split 2/3 (M3)",2020002880,
1084,2020011931,INTINIAGA UNGGUL NUSANTARA,EXISTING_PRESERVED,"BAHAN BANGUNAN, STRUKTUR BETON / CONCRETE
Perekat Bata Ringan ECO 380 PRO
Kawat Beton / Bendrat
Material Bantu",2020011931,
1085,2020000729,INTRANUSA SARANA,UNRESOLVED,,2020000729,NO_SAP
1086,2020012432,INUKAN KUSWARDHONY,PROPOSED,"EQUIPMENT / RENTAL, LOGISTICS / TRANSPORT",2020012432,NO_SAP
1087,2020013548,IPAN K,PROPOSED,"STRUKTUR BETON / CONCRETE, FAÇADE / ARSITEKTUR, BAHAN BANGUNAN, PEKERJAAN SIPIL STRUCTURE",2020013548,NO_SAP
1088,2020006910,SARJONO,PROPOSED,"FAÇADE / ARSITEKTUR, LANDSCAPING",2020006910,NO_SAP
1089,2020012081,IR. DJUNAEDI,PROPOSED,"FAÇADE / ARSITEKTUR, STRUKTUR BETON / CONCRETE, MEKANIKAL, BAHAN BANGUNAN, BEKISTING / FORMWORK, BORED PILE / PONDASI, PEKERJAAN TANAH / EARTHWORKS, LOGISTICS / TRANSPORT, PEKERJAAN SIPIL STRUCTURE",2020012081,NO_SAP
1090,2020012872,IR.BERNARD SIHOMBING,PROPOSED,"BAHAN BANGUNAN, JALAN / PERKERASAN, PEKERJAAN TANAH / EARTHWORKS",2020012872,NO_SAP
1091,2020009613,IR.MAS RAHMAD,PROPOSED,"EQUIPMENT / RENTAL, LOGISTICS / TRANSPORT",2020009613,NO_SAP
1092,2020005554,IR.NANETTE CAHYANIE HANDARI WA,PROPOSED,LEGAL / CORPORATE,2020005554,NO_SAP
1093,2020015874,IR.R.FIRZAL MUZAFFAR,PROPOSED,EQUIPMENT / RENTAL,2020015874,NO_SAP
1094,2020012433,IRFAN RIANTO,PROPOSED,EQUIPMENT / RENTAL,2020012433,NO_SAP
1095,2020014133,IRHAHANTO,PROPOSED,"STRUKTUR BETON / CONCRETE, PEKERJAAN SIPIL STRUCTURE",2020014133,NO_SAP
1096,2020015236,IRLAN RAMADHAN,PROPOSED,"BEKISTING / FORMWORK, STRUKTUR BETON / CONCRETE, JALAN / PERKERASAN, PEKERJAAN SIPIL STRUCTURE",2020015236,NO_SAP
1097,2020011790,IRWAN SENTOSA,PROPOSED,"BAHAN BANGUNAN, BORED PILE / PONDASI, FAÇADE / ARSITEKTUR, PEKERJAAN TANAH / EARTHWORKS, STRUKTUR BETON / CONCRETE, LOGISTICS / TRANSPORT, PEKERJAAN SIPIL STRUCTURE",2020011790,NO_SAP
1098,2020008566,IRWANSYAH,UNRESOLVED,,2020008566,NO_SAP
1099,2020011846,ISKANDAR,PROPOSED,"STEEL / FABRIKASI, FAÇADE / ARSITEKTUR",2020011846,NO_SAP
1100,2020015663,ISKANDAR JAYA KONSTRUKSI,EXISTING_PRESERVED,Tidak ditemukan kesamaan lingkup pekerjaan,2020015663,
1101,2020000742,ISMAIL,PROPOSED,TESTING / LABORATORY,2020000742,NO_SAP
1102,2020013078,ITS TEKNO SAINS,EXISTING_PRESERVED,Tidak ditemukan kesamaan lingkup pekerjaan,2020013078,
1103,2020015821,IVAN S ADHIWIMARTA,PROPOSED,"EQUIPMENT / RENTAL, STRUKTUR BETON / CONCRETE, JALAN / PERKERASAN, BAHAN BANGUNAN",2020015821,NO_SAP
1104,2020005576,IWAN SOPYAN,PROPOSED,"LANDSCAPING, PEKERJAAN TANAH / EARTHWORKS, STRUKTUR BETON / CONCRETE, FAÇADE / ARSITEKTUR, JALAN / PERKERASAN, SAFETY / K3",2020005576,NO_SAP
1105,2020013483,IWEBE BANGUN SOLUSI,EXISTING_PRESERVED,Lampu,2020013483,
1106,2020010153,JACARANDA CONSULTANT INDONESIA,PROPOSED,BAHAN BANGUNAN,2020010153,NO_SAP
1107,2020009044,JAGAD SANITASI INDONESIA,EXISTING_PRESERVED,Tidak ditemukan kesamaan lingkup pekerjaan,2020009044,
1108,2020014518,JAGADTA BYANTARA,EXISTING_PRESERVED,Tidak ditemukan kesamaan lingkup pekerjaan,2020014518,
1109,2020012701,JAGARNATAMA PUTRA MANDIRI,PROPOSED,"BEKISTING / FORMWORK, FAÇADE / ARSITEKTUR, STRUKTUR BETON / CONCRETE, BORED PILE / PONDASI, PEKERJAAN SIPIL STRUCTURE",2020012701,NO_SAP
1110,2020010859,JAKA IRIANTO,UNRESOLVED,,2020010859,NO_SAP
1111,2020011802,JALUKO JAYA ABADI,EXISTING_PRESERVED,Tidak ditemukan kesamaan lingkup pekerjaan,2020011802,
1112,2020015317,JAMALUDDIN,PROPOSED,SAFETY / K3,2020015317,NO_SAP
1113,2020015558,JAMALUDIN,PROPOSED,LOGISTICS / TRANSPORT,2020015558,NO_SAP
1114,2020013419,JANITRA SEMESTA ARDANA,EXISTING_PRESERVED,"FAÇADE / ARSITEKTUR
Knock Atap Zincalume
Atap Zincalume dengan Rangka Baja Ringan
Ceramic tile : 300x300
Interior painting",2020013419,
1115,2020014517,JASA KARYA,PROPOSED,"STRUKTUR BETON / CONCRETE, PRECAST / BETON PRACETAK",2020014517,NO_SAP
1116,2020003542,JAT POWERINDO,PROPOSED,"EQUIPMENT / RENTAL, SAFETY / K3, LOGISTICS / TRANSPORT",2020003542,NO_SAP
1117,2020012428,JATMIKA ADI SURYABRATA,UNRESOLVED,,2020012428,NO_SAP
1118,2020000765,JATMIKO,PROPOSED,"STRUKTUR BETON / CONCRETE, FAÇADE / ARSITEKTUR, BAHAN BANGUNAN, PEKERJAAN SIPIL STRUCTURE, FURNITURE PERMANEN ADM BLDG",2020000765,NO_SAP
1119,2020012738,JATRA BERSAMA NUSANTARA,EXISTING_PRESERVED,"BAHAN BANGUNAN
- Atap UPVC",2020012738,
1120,2020000766,JATRA SEJAHTERA,EXISTING_PRESERVED,Tidak ditemukan kesamaan lingkup pekerjaan,2020000766,
1121,2020012545,JAVA LOGISTICS INTERNATIONAL,PROPOSED,"PLUMBING / PIPA, ELEKTRIKAL, MEKANIKAL, FAÇADE / ARSITEKTUR, SAFETY / K3, LOGISTICS / TRANSPORT",2020012545,NO_SAP
1122,2020011083,JAYA,PROPOSED,"BAHAN BANGUNAN, BEKISTING / FORMWORK, BORED PILE / PONDASI, AGREGAT / BAHAN URUG, STEEL / FABRIKASI, STRUKTUR BETON / CONCRETE, SAFETY / K3, PEKERJAAN SIPIL STRUCTURE",2020011083,NO_SAP
1123,2020002244,JAYA ABADI,PROPOSED,"AGREGAT / BAHAN URUG, SAFETY / K3",2020002244,NO_SAP
1124,2020007903,JAYA ABADI,PROPOSED,"AGREGAT / BAHAN URUG, EQUIPMENT / RENTAL, STRUKTUR BETON / CONCRETE, FAÇADE / ARSITEKTUR, JALAN / PERKERASAN, SAFETY / K3, BAHAN BANGUNAN, PEKERJAAN SIPIL STRUCTURE",2020007903,NO_SAP
1125,2020008354,JAYA ABADI,PROPOSED,"PLUMBING / PIPA, STRUKTUR BETON / CONCRETE, FAÇADE / ARSITEKTUR, PEKERJAAN SIPIL STRUCTURE",2020008354,NO_SAP
1126,2020008998,JAYA ANUGERAH CAHAYA,PROPOSED,"PLUMBING / PIPA, FAÇADE / ARSITEKTUR, BEKISTING / FORMWORK, BORED PILE / PONDASI, STEEL / FABRIKASI, ELEKTRIKAL, MEKANIKAL, STRUKTUR BETON / CONCRETE, PEKERJAAN TANAH / EARTHWORKS, AGREGAT / BAHAN URUG, STP (SEWAGE, TREATMENT PLANT) & WTP (WATER TREATMENT PLANT), SAFETY / K3, LOGISTICS / TRANSPORT, PEKERJAAN SIPIL STRUCTURE",2020008998,NO_SAP
1127,2020012263,JAYA ANUGERAH UTAMA,PROPOSED,"JALAN / PERKERASAN, SAFETY / K3",2020012263,NO_SAP
1128,2020000768,JAYA BETON INDONESIA,PROPOSED,"BORED PILE / PONDASI, STRUKTUR BETON / CONCRETE, PRECAST / BETON PRACETAK, BAHAN BANGUNAN",2020000768,NO_SAP
1129,2020000771,JAYA MAKMUR,PROPOSED,AGREGAT / BAHAN URUG,2020000771,NO_SAP
1130,2020015198,JAYA RAYA TRANS,EXISTING_PRESERVED,"BAHAN BANGUNAN
Material Bantu",2020015198,
1131,2020009589,JAYA SAKTI MULIA,PROPOSED,MEKANIKAL,2020009589,NO_SAP
1132,2020012060,JAYA SEJAHTRA ISIMU,EXISTING_PRESERVED,Tidak ditemukan kesamaan lingkup pekerjaan,2020012060,
1133,2020000775,JAYA TEKNIK,PROPOSED,"STRUKTUR BETON / CONCRETE, AGREGAT / BAHAN URUG, BAHAN BANGUNAN, BEKISTING / FORMWORK, JALAN / PERKERASAN, SAFETY / K3, BORED PILE / PONDASI, STEEL / FABRIKASI, EQUIPMENT / RENTAL, FAÇADE / ARSITEKTUR, LOGISTICS / TRANSPORT, PEKERJAAN SIPIL STRUCTURE, FURNITURE PERMANEN ADM BLDG",2020000775,NO_SAP
1134,2020000776,JAYA TEKNIK INDONESIA,PROPOSED,MEKANIKAL,2020000776,NO_SAP
1135,2020005638,JEMBAR MAKMUR UTAMA,EXISTING_PRESERVED,Tidak ditemukan kesamaan lingkup pekerjaan,2020005638,
1136,2020007770,JENI RAMDANI,PROPOSED,"STRUKTUR BETON / CONCRETE, BEKISTING / FORMWORK, FAÇADE / ARSITEKTUR, PEKERJAAN TANAH / EARTHWORKS, JALAN / PERKERASAN, MEKANIKAL, BORED PILE / PONDASI, PLUMBING / PIPA, ELEKTRIKAL, EQUIPMENT / RENTAL, LANDSCAPING, AGREGAT / BAHAN URUG, SAFETY / K3, LOGISTICS / TRANSPORT, BAHAN BANGUNAN, PEKERJAAN SIPIL STRUCTURE",2020007770,NO_SAP
1137,2020010161,JENU REKAYASA ALIEFINDO,UNRESOLVED,,2020010161,NO_SAP
1138,2020012268,JERIAEL EDEN MULIA,PROPOSED,"EQUIPMENT / RENTAL, LOGISTICS / TRANSPORT",2020012268,NO_SAP
1139,2020011818,JERRY SETIAWAN HARTANUJAYA,PROPOSED,"EQUIPMENT / RENTAL, MEKANIKAL, STRUKTUR BETON / CONCRETE, PEKERJAAN SIPIL STRUCTURE",2020011818,NO_SAP
1140,2020015050,JESIRA RATU RADJA,PROPOSED,"BEKISTING / FORMWORK, STRUKTUR BETON / CONCRETE, PEKERJAAN TANAH / EARTHWORKS, PEKERJAAN SIPIL STRUCTURE",2020015050,NO_SAP
1141,2020013300,JHONER SETIAWAN ST,PROPOSED,"STRUKTUR BETON / CONCRETE, FAÇADE / ARSITEKTUR, PEKERJAAN SIPIL STRUCTURE",2020013300,NO_SAP
1142,2020015153,JHONLY DONGLEE PALAR,PROPOSED,"PLUMBING / PIPA, STRUKTUR BETON / CONCRETE, FAÇADE / ARSITEKTUR, PEKERJAAN TANAH / EARTHWORKS, AGREGAT / BAHAN URUG, BAHAN BANGUNAN, PEKERJAAN SIPIL STRUCTURE",2020015153,NO_SAP
1143,2020014363,JIMMY INKIRIWANG,PROPOSED,EQUIPMENT / RENTAL,2020014363,NO_SAP
1144,2020005640,JO TJHIANG TJUA,PROPOSED,PEKERJAAN TANAH / EARTHWORKS,2020005640,NO_SAP
1145,2020005644,JOF METAL,PROPOSED,FAÇADE / ARSITEKTUR,2020005644,NO_SAP
1146,2020014594,JOGLO CAHAYA MANDIRI,EXISTING_PRESERVED,Tidak ditemukan kesamaan lingkup pekerjaan,2020014594,
1147,2020015312,"JOHAR KADER, S.T.",PROPOSED,"PLUMBING / PIPA, STP (SEWAGE, TREATMENT PLANT) & WTP (WATER TREATMENT PLANT)",2020015312,NO_SAP
1148,2020011889,JOHN NIE DJAP,PROPOSED,SAFETY / K3,2020011889,NO_SAP
1149,2020014011,JOKO BUDI UTOMO,PROPOSED,"BAHAN BANGUNAN, STRUKTUR BETON / CONCRETE, FAÇADE / ARSITEKTUR, JALAN / PERKERASAN, LOGISTICS / TRANSPORT, PEKERJAAN SIPIL STRUCTURE",2020014011,NO_SAP
1150,2020012711,JON ABUBAKAR ADAM,PROPOSED,"BAHAN BANGUNAN, FAÇADE / ARSITEKTUR",2020012711,NO_SAP
1151,2020013014,JON PUTRA GINTING,PROPOSED,LEGAL / CORPORATE,2020013014,NO_SAP
1152,2020003939,JONGKA INDONESIA,EXISTING_PRESERVED,Tidak ditemukan kesamaan lingkup pekerjaan,2020003939,
1153,2020015809,JONI,PROPOSED,"MEKANIKAL, STRUKTUR BETON / CONCRETE, FAÇADE / ARSITEKTUR, BAHAN BANGUNAN, PEKERJAAN SIPIL STRUCTURE",2020015809,NO_SAP
1154,2020009196,JONI HENDRA,PROPOSED,"STEEL / FABRIKASI, PLUMBING / PIPA, ELEKTRIKAL, MEKANIKAL, STRUKTUR BETON / CONCRETE, FAÇADE / ARSITEKTUR, JALAN / PERKERASAN, STP (SEWAGE, TREATMENT PLANT) & WTP (WATER TREATMENT PLANT), LOGISTICS / TRANSPORT, PEKERJAAN SIPIL STRUCTURE",2020009196,NO_SAP
1155,2020011095,JONI TATA TUAH NEGERI,PROPOSED,"BEKISTING / FORMWORK, FAÇADE / ARSITEKTUR, STRUKTUR BETON / CONCRETE, BORED PILE / PONDASI, PEKERJAAN SIPIL STRUCTURE",2020011095,NO_SAP
1156,2020015442,JONIFRANATA,PROPOSED,"PLUMBING / PIPA, ELEKTRIKAL, MEKANIKAL, LOGISTICS / TRANSPORT",2020015442,NO_SAP
1157,2020015063,JOVANACHEL GANSUR,EXISTING_PRESERVED,"STRUKTUR BETON / CONCRETE
Subkontraktor Struktur, Arsitektur & MEP",2020015063,
1158,2020013441,JUANDA,PROPOSED,LANDSCAPING,2020013441,NO_SAP
1159,2020008991,JUFRI JUHARNI,PROPOSED,FAÇADE / ARSITEKTUR,2020008991,NO_SAP
1160,2020008844,JUHDI SAKTI ENGINEERING,PROPOSED,"EQUIPMENT / RENTAL, STEEL / FABRIKASI",2020008844,NO_SAP
1161,2020015237,JULFIKAR HI YUNUS,PROPOSED,JALAN / PERKERASAN,2020015237,NO_SAP
1162,2020010486,JULIANTO SIHOTANG,PROPOSED,LOGISTICS / TRANSPORT,2020010486,NO_SAP
1163,2020009417,JULIUS PURNAWAN S.H. M.SI,PROPOSED,LEGAL / CORPORATE,2020009417,NO_SAP
1164,2020015702,JUMAAN,PROPOSED,EQUIPMENT / RENTAL,2020015702,NO_SAP
1165,2020001618,SISWANTO,PROPOSED,"BORED PILE / PONDASI, PLUMBING / PIPA, MEKANIKAL, EQUIPMENT / RENTAL, STRUKTUR BETON / CONCRETE, FAÇADE / ARSITEKTUR, JALAN / PERKERASAN, PEKERJAAN TANAH / EARTHWORKS, LOGISTICS / TRANSPORT, BAHAN BANGUNAN, PEKERJAAN SIPIL STRUCTURE",2020001618,NO_SAP
1166,2020008435,JUNAMA INTI KARMA,EXISTING_PRESERVED,Tidak ditemukan kesamaan lingkup pekerjaan,2020008435,
1167,2020014191,JURAGAN MUDA BERSAUDARA,EXISTING_PRESERVED,Tidak ditemukan kesamaan lingkup pekerjaan,2020014191,
1168,2020009780,JUSTIKA SIAR PUBLIKA,EXISTING_PRESERVED,Tidak ditemukan kesamaan lingkup pekerjaan,2020009780,
1169,2020010343,JUSUF INDRADEWA AND PARTNER,PROPOSED,LEGAL / CORPORATE,2020010343,NO_SAP
1170,2020013514,JUVANTEE INDONESIA,EXISTING_PRESERVED,"MEKANIKAL
Fire Pump / Pompa Pemadam Kebakaran
Pompa Plumbing
Pompa Hydrant Fairbanks
Pompa Hydrant Grundfos",2020013514,
1171,2020008781,JUWARNO,PROPOSED,"BEKISTING / FORMWORK, JALAN / PERKERASAN, STRUKTUR BETON / CONCRETE, FAÇADE / ARSITEKTUR, LOGISTICS / TRANSPORT, BAHAN BANGUNAN, PEKERJAAN SIPIL STRUCTURE",2020008781,NO_SAP
1172,2020011258,KAINUN,PROPOSED,AGREGAT / BAHAN URUG,2020011258,NO_SAP
1173,2020009951,KAKA SASMITHA WIJAYA,PROPOSED,"EQUIPMENT / RENTAL, AGREGAT / BAHAN URUG",2020009951,NO_SAP
1174,2020002383,KAKADA PRATAMA,PROPOSED,SAFETY / K3,2020002383,NO_SAP
1175,2020010166,KAKADA PRATAMA MANDIRI,EXISTING_PRESERVED,Tidak ditemukan kesamaan lingkup pekerjaan,2020010166,
1176,2020016066,KALEB YOSUA MANIAGASI,PROPOSED,"STRUKTUR BETON / CONCRETE, PEKERJAAN SIPIL STRUCTURE",2020016066,NO_SAP
1177,2020012728,KALPASASTRA BASWARA NEGRI,PROPOSED,"SAFETY / K3, BAHAN BANGUNAN",2020012728,NO_SAP
1178,2020010322,KAMAL REZA,PROPOSED,"STEEL / FABRIKASI, STRUKTUR BETON / CONCRETE, FAÇADE / ARSITEKTUR, PEKERJAAN SIPIL STRUCTURE",2020010322,NO_SAP
1179,2020012589,KAMIGUMI INDONESIA,PROPOSED,LOGISTICS / TRANSPORT,2020012589,NO_SAP
1180,2020015887,KAMTAN MALINO AJI,EXISTING_PRESERVED,"EQUIPMENT / RENTAL
Sewa Tower Crane (JK)",2020015887,
1181,2020011888,KANE PERKASA INDONESIA,PROPOSED,"EQUIPMENT / RENTAL, JALAN / PERKERASAN",2020011888,NO_SAP
1182,2020010767,KANIA YULIANA,PROPOSED,"STRUKTUR BETON / CONCRETE, AGREGAT / BAHAN URUG, IT / TELECOM, PLUMBING / PIPA, ELEKTRIKAL, MEKANIKAL, FAÇADE / ARSITEKTUR, STP (SEWAGE, TREATMENT PLANT) & WTP (WATER TREATMENT PLANT), PEKERJAAN SIPIL STRUCTURE",2020010767,NO_SAP
1183,2020010802,KANIGARA ADHIKARI NUSANTARA,UNRESOLVED,,2020010802,NO_SAP
1184,2020005696,KANTATA TIGA MANDIRI,EXISTING_PRESERVED,Tidak ditemukan kesamaan lingkup pekerjaan,2020005696,
1185,2020013767,KANTOR JASA PENILAI PUBLIK FEB,UNRESOLVED,,2020013767,NO_SAP
1186,2020014502,KANTOR KONSULTAN AKTUARIA ENNY,UNRESOLVED,,2020014502,NO_SAP
1187,2020009955,KANTOR KONSULTAN AKTUARIA INDR,PROPOSED,JALAN / PERKERASAN,2020009955,NO_SAP
1188,2020009086,KANTOR NOTARIS & PPAT PRATIWI,PROPOSED,LEGAL / CORPORATE,2020009086,NO_SAP
1189,2020009767,KANTOR NOTARIS ASHOYA RATAM,EXISTING_PRESERVED,Tidak ditemukan kesamaan lingkup pekerjaan,2020009767,
1190,2020005701,"KAP DOLI,BAMBANG,SULISTIYANTO,",UNRESOLVED,,2020005701,NO_SAP
1191,2020005703,KAP NOOR SALIM DAN REKAN,EXISTING_PRESERVED,Tidak ditemukan kesamaan lingkup pekerjaan,2020005703,
1192,2020007310,"KAP RINTIS, JUMADI, RIANTO & R",UNRESOLVED,,2020007310,NO_SAP
1193,2020013325,KARIA ASRI,EXISTING_PRESERVED,Tidak ditemukan kesamaan lingkup pekerjaan,2020013325,
1194,2020011993,KARMILASANTI,PROPOSED,SAFETY / K3,2020011993,NO_SAP
1195,2020010348,KARSA BUANA LESTARI,PROPOSED,JALAN / PERKERASAN,2020010348,NO_SAP
1196,2020015412,KARTA ABADI,EXISTING_PRESERVED,Tidak ditemukan kesamaan lingkup pekerjaan,2020015412,
1197,2020003634,KARTIKA JAYA KONTRUKSINDO,EXISTING_PRESERVED,Tidak ditemukan kesamaan lingkup pekerjaan,2020003634,
1198,2020005716,KARTIKA JAYA MAKMUR,PROPOSED,"EQUIPMENT / RENTAL, SAFETY / K3, LOGISTICS / TRANSPORT",2020005716,NO_SAP
1199,2020015523,KARY A PANCANG SEMESTA,EXISTING_PRESERVED,Tidak ditemukan kesamaan lingkup pekerjaan,2020015523,
1200,2020008186,KARYA ABADI,PROPOSED,"STRUKTUR BETON / CONCRETE, BAHAN BANGUNAN",2020008186,NO_SAP
1201,2020010321,KARYA BERSAUDARA,PROPOSED,FAÇADE / ARSITEKTUR,2020010321,NO_SAP
1202,2020001281,KARYA BUANA GRANITINDO,PROPOSED,EQUIPMENT / RENTAL,2020001281,NO_SAP
1203,2020015629,KARYA GENATRIK,EXISTING_PRESERVED,Tidak ditemukan kesamaan lingkup pekerjaan,2020015629,
1204,2020002893,KARYA INDOTAMA,PROPOSED,SAFETY / K3,2020002893,NO_SAP
1205,2020012684,KARYA JAYA SENTOSA ABADI,EXISTING_PRESERVED,"Rangka atap baja ringan
Rangka atap baja ringan + insulasi",2020012684,
1206,2020010613,KARYA LOGISTIK NUSANTARA,EXISTING_PRESERVED,"AGREGAT / BAHAN URUG, STRUKTUR BETON / CONCRETE
Beton Readymix Fc 35 12±2 NFA
Beton Readymix BO 12±2 NFA
Beton Readymix Fc 30 12±2 NFA
Agregat Klas A
Beton Readymix Fc 14 6±2 FA 10%
Beton Readymix Fc 25 6±2 FA 10%
Beton Readymix Fc 10
Beton Readymix Fc 10 10±2 FA 10%
Beton Readymix Fc 30 10±2 FA 10%",2020010613,
1207,2020002474,KARYA MAJU BERSAMA,PROPOSED,"BEKISTING / FORMWORK, BORED PILE / PONDASI, PLUMBING / PIPA, STRUKTUR BETON / CONCRETE, PRECAST / BETON PRACETAK, FAÇADE / ARSITEKTUR, LANDSCAPING, STP (SEWAGE, TREATMENT PLANT) & WTP (WATER TREATMENT PLANT), LOGISTICS / TRANSPORT, PEKERJAAN SIPIL STRUCTURE",2020002474,NO_SAP
1208,2020010511,KARYA MAJU BERSAMA,EXISTING_PRESERVED,Tidak ditemukan kesamaan lingkup pekerjaan,2020010511,
1209,2020014016,KARYA MAJU BERSAMA SUKSES INFR,PROPOSED,"PRECAST / BETON PRACETAK, STRUKTUR BETON / CONCRETE, BEKISTING / FORMWORK, FAÇADE / ARSITEKTUR, BORED PILE / PONDASI, PLUMBING / PIPA, ELEKTRIKAL, MEKANIKAL, SAFETY / K3, LOGISTICS / TRANSPORT, PEKERJAAN SIPIL STRUCTURE",2020014016,NO_SAP
1210,2020014521,KARYA MITRA SERAYA,EXISTING_PRESERVED,Pekerjaan Furniture (Halmahera Utara),2020014521,
1211,2020013418,KARYA MULYA,EXISTING_PRESERVED,Tidak ditemukan kesamaan lingkup pekerjaan,2020013418,
1212,2020009023,KARYA MURNI PERKASA,PROPOSED,"ELEKTRIKAL, EQUIPMENT / RENTAL, STRUKTUR BETON / CONCRETE, JALAN / PERKERASAN, PEKERJAAN TANAH / EARTHWORKS, AGREGAT / BAHAN URUG, LOGISTICS / TRANSPORT, BAHAN BANGUNAN",2020009023,NO_SAP
1213,2020003882,KARYA PRATAMA MANDIRI,EXISTING_PRESERVED,Tidak ditemukan kesamaan lingkup pekerjaan,2020003882,
1214,2020005743,KARYA PRIMA CIPTA UTAMA,EXISTING_PRESERVED,"BORED PILE / PONDASI
Mob/demob.Alat Bore Pile",2020005743,
1215,2020012357,KARYA PUTRA GORONTALO,PROPOSED,SAFETY / K3,2020012357,NO_SAP
1216,2020014591,KARYA SARIKA SEJAHTERA,EXISTING_PRESERVED,Tidak ditemukan kesamaan lingkup pekerjaan,2020014591,
1217,2020003094,KARYA SEJATI UTAMA,PROPOSED,"FAÇADE / ARSITEKTUR, LANDSCAPING, PEKERJAAN TANAH / EARTHWORKS",2020003094,NO_SAP
1218,2020015522,KARYA SHINTA MANDIRI,EXISTING_PRESERVED,Tidak ditemukan kesamaan lingkup pekerjaan,2020015522,
1219,2020014327,KARYA SMART,PROPOSED,"BEKISTING / FORMWORK, EQUIPMENT / RENTAL, FAÇADE / ARSITEKTUR",2020014327,NO_SAP
1220,2020013907,KARYA SUKSESS MANDIRI,EXISTING_PRESERVED,"PEKERJAAN TANAH / EARTHWORKS, STRUKTUR BETON / CONCRETE
Beton Readymix Fc 10 12±2 NFA
Beton Readymix Fc 25 12±2 NFA
Beton Readymix Fc 25 16±2 NFA
Soil fill from out site + compaction std",2020013907,
1221,2020002359,KARYADI,PROPOSED,"FAÇADE / ARSITEKTUR, STRUKTUR BETON / CONCRETE, EQUIPMENT / RENTAL, LOGISTICS / TRANSPORT, PEKERJAAN SIPIL STRUCTURE",2020002359,NO_SAP
1222,2020013564,KASIH KARUNIA,EXISTING_PRESERVED,Tidak ditemukan kesamaan lingkup pekerjaan,2020013564,
1223,2020005762,KAWAN ABADI SELARAS,EXISTING_PRESERVED,"ELEKTRIKAL
Pek. Panel Kontrol LPL_Pond&BoxPanel_JK
Panel Trafo Isolasi",2020005762,
1224,2020016099,KAWAN SEJAHTERA INDOTAMA,EXISTING_PRESERVED,Tidak ditemukan kesamaan lingkup pekerjaan,2020016099,
1225,2020009202,KAYREACH SYSTEM,EXISTING_PRESERVED,Tidak ditemukan kesamaan lingkup pekerjaan,2020009202,
1226,2020009670,KAZEE DIGITAL INDONESIA,UNRESOLVED,,2020009670,NO_SAP
1227,2020016126,KBN PRIMA LOGISTIK,EXISTING_PRESERVED,"EQUIPMENT / RENTAL
Sewa Yap Crane 7 Ton",2020016126,
1228,2020005767,KEHATILAB INDONESIA,EXISTING_PRESERVED,Tidak ditemukan kesamaan lingkup pekerjaan,2020005767,
1229,2020011471,KELVIN HERLAMBANG,PROPOSED,"FAÇADE / ARSITEKTUR, EQUIPMENT / RENTAL, IT / TELECOM, FURNITURE PERMANEN ADM BLDG",2020011471,NO_SAP
1230,2020009698,KEMENANGAN,EXISTING_PRESERVED,Tidak ditemukan kesamaan lingkup pekerjaan,2020009698,
1231,2020002899,KENARI JAYA,PROPOSED,"PEKERJAAN TANAH / EARTHWORKS, AGREGAT / BAHAN URUG",2020002899,NO_SAP
1232,2020015550,KENCANA EL NUSANTARA,EXISTING_PRESERVED,Tidak ditemukan kesamaan lingkup pekerjaan,2020015550,
1233,2020000842,KENCANA JAYA PERSADA,EXISTING_PRESERVED,"BAHAN BANGUNAN, Kesamaan lingkup
Agregat Klas A
Material Bantu
Upah urug pasir + langsir tebal 10cm
Upah pasang dinding luar bata ringan 1/2
Upah pasang pavingblock
Pasir Pasang
Bata merah 15cm
Pasir Urug
Pekerjaa Sandwich Panel",2020000842,
1234,2020013492,KENCANA MAKMUR LESTARI,EXISTING_PRESERVED,Tidak ditemukan kesamaan lingkup pekerjaan,2020013492,
1235,2020009037,KESUMA MAKMUR KONSTRUKSINDO,PROPOSED,"BEKISTING / FORMWORK, STRUKTUR BETON / CONCRETE, PEKERJAAN SIPIL STRUCTURE",2020009037,NO_SAP
1236,2020009014,KETUT KAWIASA,PROPOSED,"EQUIPMENT / RENTAL, FAÇADE / ARSITEKTUR, PLUMBING / PIPA, ELEKTRIKAL, MEKANIKAL, JALAN / PERKERASAN, SAFETY / K3",2020009014,NO_SAP
1237,2020014462,KEZIA APRILIA BESOUW,PROPOSED,"BEKISTING / FORMWORK, PLUMBING / PIPA, MEKANIKAL, EQUIPMENT / RENTAL, STRUKTUR BETON / CONCRETE, LOGISTICS / TRANSPORT, PEKERJAAN SIPIL STRUCTURE",2020014462,NO_SAP
1238,2020010303,KHAMAL SEPTIRA,PROPOSED,"STRUKTUR BETON / CONCRETE, FAÇADE / ARSITEKTUR, PEKERJAAN TANAH / EARTHWORKS, LOGISTICS / TRANSPORT, PEKERJAAN SIPIL STRUCTURE",2020010303,NO_SAP
1239,2020015401,KHARIS ABDULLAH,PROPOSED,"FAÇADE / ARSITEKTUR, LANDSCAPING",2020015401,NO_SAP
1240,2020000847,KHARISMA BAJA PERKASA,EXISTING_PRESERVED,Tidak ditemukan kesamaan lingkup pekerjaan,2020000847,
1241,2020000848,KHARISMA INFRASTRUKTUR,EXISTING_PRESERVED,Tidak ditemukan kesamaan lingkup pekerjaan,2020000848,
1242,2020012075,KHASAN ANSORI,PROPOSED,SAFETY / K3,2020012075,NO_SAP
1243,2020010427,KHATULISTIWA HIJAU SEJATI,EXISTING_PRESERVED,Tidak ditemukan kesamaan lingkup pekerjaan,2020010427,
1244,2020015997,KHIRAN AFANDI,PROPOSED,"STRUKTUR BETON / CONCRETE, JALAN / PERKERASAN, PEKERJAAN TANAH / EARTHWORKS",2020015997,NO_SAP
1245,2020014071,KHOIRUL AZHARI LUBIS,PROPOSED,"PLUMBING / PIPA, STRUKTUR BETON / CONCRETE, PRECAST / BETON PRACETAK, STP (SEWAGE, TREATMENT PLANT) & WTP (WATER TREATMENT PLANT)",2020014071,NO_SAP
1246,2020010605,KHRISNA AGUNG DEWATAMA,PROPOSED,PEKERJAAN TANAH / EARTHWORKS,2020010605,NO_SAP
1247,2020012308,KIANHO SIANTAR TOBA LOGISTIK,PROPOSED,EQUIPMENT / RENTAL,2020012308,NO_SAP
1248,2020014164,KILAN PRATAMA ROYAL,EXISTING_PRESERVED,Tidak ditemukan kesamaan lingkup pekerjaan,2020014164,
1249,2020000850,KIM MANDIRI ABADI,UNRESOLVED,,2020000850,NO_SAP
1250,2020008826,KIMIA FARMA APOTEK,PROPOSED,BAHAN BANGUNAN,2020008826,NO_SAP
1251,2020003710,KIMIA KONSTRUKSI INDONESIA,EXISTING_PRESERVED,Tidak ditemukan kesamaan lingkup pekerjaan,2020003710,
1252,2020012632,KINAYA LIAN INDAH,EXISTING_PRESERVED,"JALAN / PERKERASAN
Penyiapan Badan Jalan",2020012632,
1253,2020009504,KINERJA USAHA TEKNIK,PROPOSED,"PLUMBING / PIPA, ELEKTRIKAL, MEKANIKAL",2020009504,NO_SAP
1254,2020012864,KING GOLD INDONESIA,PROPOSED,BORED PILE / PONDASI,2020012864,NO_SAP
1255,2020014065,KISWANTO,PROPOSED,FAÇADE / ARSITEKTUR,2020014065,NO_SAP
1256,2020005797,"KJPP AMIN, NIRWAN, ALFIANTORI",PROPOSED,EQUIPMENT / RENTAL,2020005797,NO_SAP
1257,2020013404,KJPP DESMAR SUSANTO SALMAN DAN,UNRESOLVED,,2020013404,NO_SAP
1258,2020010397,KJPP DINO FARID DAN REKAN,EXISTING_PRESERVED,Tidak ditemukan kesamaan lingkup pekerjaan,2020010397,
1259,2020005801,KJPP FEBRIMAN SIREGAR DAN REKA,PROPOSED,EQUIPMENT / RENTAL,2020005801,NO_SAP
1260,2020012781,KJPP IWAN BACHRON DAN REKAN,UNRESOLVED,,2020012781,NO_SAP
1261,2020005807,KJPP SUSAN WIDJOJO & REKAN,EXISTING_PRESERVED,Tidak ditemukan kesamaan lingkup pekerjaan,2020005807,
1262,2020005808,"KJPP TOHA, OKKY, HERU, & REKAN",UNRESOLVED,,2020005808,NO_SAP
1263,2020013352,KJPP YUFRIZAL DENY KAMAL DAN R,UNRESOLVED,,2020013352,NO_SAP
1264,2020015815,KLODIA ARTHA PERSADA,EXISTING_PRESERVED,Tidak ditemukan kesamaan lingkup pekerjaan,2020015815,
1265,2020014034,KOALISI KONSTRUKSI,EXISTING_PRESERVED,Tidak ditemukan kesamaan lingkup pekerjaan,2020014034,
1266,2020012027,KOBEXINDO KONSTRUKSI INDONESIA,PROPOSED,"MEKANIKAL, EQUIPMENT / RENTAL, FURNITURE PERMANEN ADM BLDG",2020012027,NO_SAP
1267,2020013190,KOKO WISANGGENI,PROPOSED,"FAÇADE / ARSITEKTUR, JALAN / PERKERASAN",2020013190,NO_SAP
1268,2020005816,KONE INDO ELEVATOR,PROPOSED,"PLUMBING / PIPA, ELEKTRIKAL, MEKANIKAL",2020005816,NO_SAP
1269,2020005819,KOPERASI KARYAWAN HUTAMA SEJAH,PROPOSED,FURNITURE PERMANEN ADM BLDG,2020005819,NO_SAP
1270,2020005818,KOPERASI KARYAWAN PT HUTAMA KA,PROPOSED,"FURNITURE PERMANEN ADM BLDG, ELEKTRIKAL, SAFETY / K3, LEGAL / CORPORATE",2020005818,NO_SAP
1271,2020008955,KOPERASI KARYAWAN PT. HUTAMA K,PROPOSED,"ELEKTRIKAL, EQUIPMENT / RENTAL, SAFETY / K3, LEGAL / CORPORATE, LOGISTICS / TRANSPORT, FURNITURE PERMANEN ADM BLDG",2020008955,NO_SAP
1272,2020011106,KOPERASI PRIMKOPAD KOREM 032 W,PROPOSED,"JALAN / PERKERASAN, AGREGAT / BAHAN URUG",2020011106,NO_SAP
1273,2020009381,KOPERASI SEKAR KARYA SAKTI,EXISTING_PRESERVED,Tidak ditemukan kesamaan lingkup pekerjaan,2020009381,
1274,2020013759,KOPERASI YEHSAH BHUWANA BALI,EXISTING_PRESERVED,"AGREGAT / BAHAN URUG, 
Batu Pecah / Split (M3)
Batu Pecah / Split 2/3 (M3)
Gravel dia 2 - 5cm (rounded)
Sirtu
Agregat Klas A",2020013759,
1275,2020007112,SUGIARTO,PROPOSED,"FAÇADE / ARSITEKTUR, MEKANIKAL, STRUKTUR BETON / CONCRETE, BEKISTING / FORMWORK, BORED PILE / PONDASI, STEEL / FABRIKASI, PLUMBING / PIPA, ELEKTRIKAL, EQUIPMENT / RENTAL, JALAN / PERKERASAN, PEKERJAAN TANAH / EARTHWORKS, AGREGAT / BAHAN URUG, LOGISTICS / TRANSPORT, BAHAN BANGUNAN, PEKERJAAN SIPIL STRUCTURE, FURNITURE PERMANEN ADM BLDG",2020007112,NO_SAP
1276,2020002905,KOTA BARU MANDIRI,PROPOSED,"PLUMBING / PIPA, ELEKTRIKAL, MEKANIKAL, SAFETY / K3, PEKERJAAN SIPIL STRUCTURE",2020002905,NO_SAP
1277,2020009257,KRAKATAU DAYA LISTRIK,UNRESOLVED,,2020009257,NO_SAP
1278,2020009298,KRAKATAU JASA SAMUDERA,EXISTING_PRESERVED,Tidak ditemukan kesamaan lingkup pekerjaan,2020009298,
1279,2020005829,KRAKATAU WAJATAMA OSAKA STEEL,PROPOSED,"STRUKTUR BETON / CONCRETE, LOGISTICS / TRANSPORT, BAHAN BANGUNAN",2020005829,NO_SAP
1280,2020000857,KREASI BETON NUSAPERSADA,PROPOSED,"MEKANIKAL, EQUIPMENT / RENTAL, STRUKTUR BETON / CONCRETE",2020000857,NO_SAP
1281,2020013183,KREASI PERKASA MANDIRI,EXISTING_PRESERVED,"AGREGAT / BAHAN URUG, BAHAN BANGUNAN
Agregat Klas A
Conc Hollow Block T=100 (BH)
Bata Merah/ Batu Bata",2020013183,
1282,2020005830,KREASI UTAMA MANDIRI,PROPOSED,FURNITURE PERMANEN ADM BLDG,2020005830,NO_SAP
1283,2020009078,KREATIF NUSANTARA TEKNO LOGIKA,EXISTING_PRESERVED,Tidak ditemukan kesamaan lingkup pekerjaan,2020009078,
1284,2020005834,KREDO KERAMINDO SEJAHTERA,EXISTING_PRESERVED,"FAÇADE / ARSITEKTUR
Keramik 30x60 cm Terra Grey (Platinum)
Keramik 30x30 cm Zenza Cream (Asia Tile)
Keramik 30x30 cm Cargo Grey (Asia Tile)
Keramik Putih 30x30 Murano
Keramik 60x60 cm Salsa White (Platinum)",2020005834,
1285,2020015762,KRENUSA INTEGRITAS SERVIS,EXISTING_PRESERVED,"TESTING / LABORATORY
Uji Riksa Peralatan",2020015762,
1286,2020009529,KRESNA JAYA PERKASA,EXISTING_PRESERVED,"EQUIPMENT / RENTAL
Pekerjaan Galian Tanah dengan Alat Berat
Jasa Sewa Equipment (JK)
Beban Sewa Alat External
Mob demob alat berat",2020009529,
1287,2020013817,KRISMA SULISTIAWATI,PROPOSED,EQUIPMENT / RENTAL,2020013817,NO_SAP
1288,2020013227,KRISNA BRASS INDONESIA,EXISTING_PRESERVED,Tidak ditemukan kesamaan lingkup pekerjaan,2020013227,
1289,2020012402,KRISNA EZAR NUGRAHA,PROPOSED,"EQUIPMENT / RENTAL, SAFETY / K3, LOGISTICS / TRANSPORT",2020012402,NO_SAP
1290,2020015064,KRUGER VENTILATION INDONESIA,EXISTING_PRESERVED,Tidak ditemukan kesamaan lingkup pekerjaan,2020015064,
1291,2020005842,KSB INDONESIA,PROPOSED,MEKANIKAL,2020005842,NO_SAP
1292,2020012835,KSO HAS-GCN,PROPOSED,LOGISTICS / TRANSPORT,2020012835,NO_SAP
1293,2020009424,KUBIK CAKRAWALA INTERNASIONAL,UNRESOLVED,,2020009424,NO_SAP
1294,2020000861,KUNANGO JANTAN,PROPOSED,"PLUMBING / PIPA, STRUKTUR BETON / CONCRETE, JALAN / PERKERASAN, AGREGAT / BAHAN URUG, SAFETY / K3, BAHAN BANGUNAN",2020000861,NO_SAP
1295,2020014544,KURNIA ABROR ABADI,EXISTING_PRESERVED,Tidak ditemukan kesamaan lingkup pekerjaan,2020014544,
1296,2020015602,KURNIA JAYA,EXISTING_PRESERVED,Tidak ditemukan kesamaan lingkup pekerjaan,2020015602,
1297,2020016015,KURNIATI SAMUDI,UNRESOLVED,,2020016015,NO_SAP
1298,2020008628,KURNIAWATI,PROPOSED,"BAHAN BANGUNAN, FAÇADE / ARSITEKTUR",2020008628,NO_SAP
1299,2020007120,SUHARTO,PROPOSED,FAÇADE / ARSITEKTUR,2020007120,NO_SAP
1300,2020010356,KUSMADI,PROPOSED,"FAÇADE / ARSITEKTUR, STRUKTUR BETON / CONCRETE, BEKISTING / FORMWORK, EQUIPMENT / RENTAL, STEEL / FABRIKASI, PEKERJAAN TANAH / EARTHWORKS, MEKANIKAL, BAHAN BANGUNAN, AGREGAT / BAHAN URUG, FURNITURE PERMANEN ADM BLDG, LOGISTICS / TRANSPORT, PRECAST / BETON PRACETAK, BORED PILE / PONDASI, PLUMBING / PIPA, ELEKTRIKAL, LANDSCAPING, JALAN / PERKERASAN, STP (SEWAGE, TREATMENT PLANT) & WTP (WATER TREATMENT PLANT), IT / TELECOM, PEKERJAAN SIPIL STRUCTURE",2020010356,NO_SAP
1301,2020012242,KUSWANTO,PROPOSED,"PEKERJAAN TANAH / EARTHWORKS, BAHAN BANGUNAN, FAÇADE / ARSITEKTUR, ELEKTRIKAL, IT / TELECOM, JALAN / PERKERASAN, PRECAST / BETON PRACETAK, STRUKTUR BETON / CONCRETE, AGREGAT / BAHAN URUG, STP (SEWAGE, TREATMENT PLANT) & WTP (WATER TREATMENT PLANT), LOGISTICS / TRANSPORT, FURNITURE PERMANEN ADM BLDG",2020012242,NO_SAP
1302,2020014180,KUSWANTO,PROPOSED,"STP (SEWAGE, TREATMENT PLANT) & WTP (WATER TREATMENT PLANT)",2020014180,NO_SAP
1303,2020013898,KUTAI INTI BETON,EXISTING_PRESERVED,Tidak ditemukan kesamaan lingkup pekerjaan,2020013898,
1304,2020013304,L DAN J PERFECT SYSTEM,EXISTING_PRESERVED,Tidak ditemukan kesamaan lingkup pekerjaan,2020013304,
1305,2020015793,LAILI,UNRESOLVED,,2020015793,NO_SAP
1306,2020008085,LAIN-LAIN,PROPOSED,"FAÇADE / ARSITEKTUR, JALAN / PERKERASAN, SAFETY / K3, FURNITURE PERMANEN ADM BLDG",2020008085,NO_SAP
1307,2020012224,LALAKI LANGIT INDONESIA,PROPOSED,"EQUIPMENT / RENTAL, MEKANIKAL, BEKISTING / FORMWORK, IT / TELECOM, JALAN / PERKERASAN, STRUKTUR BETON / CONCRETE, PLUMBING / PIPA, FAÇADE / ARSITEKTUR, PEKERJAAN TANAH / EARTHWORKS, TESTING / LABORATORY, BAHAN BANGUNAN, PEKERJAAN SIPIL STRUCTURE",2020012224,NO_SAP
1308,2020005876,LAMBATORANG JAYA,PROPOSED,"EQUIPMENT / RENTAL, FAÇADE / ARSITEKTUR, LANDSCAPING, BAHAN BANGUNAN",2020005876,NO_SAP
1309,2020013260,LAMIDI,PROPOSED,"BEKISTING / FORMWORK, FAÇADE / ARSITEKTUR, STRUKTUR BETON / CONCRETE, JALAN / PERKERASAN, PEKERJAAN SIPIL STRUCTURE",2020013260,NO_SAP
1310,2020011742,LAMTORANG MANALU,PROPOSED,"PLUMBING / PIPA, ELEKTRIKAL, MEKANIKAL",2020011742,NO_SAP
1311,2020009122,LANCAR BUANA,EXISTING_PRESERVED,"EQUIPMENT / RENTAL
Mobile Crane 25 Ton",2020009122,
1312,2020011208,"LANCAR REJEKI LISTRINDO, PT",PROPOSED,ELEKTRIKAL,2020011208,NO_SAP
1313,2020000872,LANCARJAYA MANDIRI ABADI,PROPOSED,"PEKERJAAN TANAH / EARTHWORKS, EQUIPMENT / RENTAL, LOGISTICS / TRANSPORT, AGREGAT / BAHAN URUG",2020000872,NO_SAP
1314,2020013905,LANCARJAYA MANDIRI ABADI,EXISTING_PRESERVED,Tidak ditemukan kesamaan lingkup pekerjaan,2020013905,
1315,2020013919,LANCARJAYA MANDIRI ABADI,PROPOSED,"PEKERJAAN TANAH / EARTHWORKS, AGREGAT / BAHAN URUG",2020013919,NO_SAP
1316,2020015941,LANGGENG ABADI,EXISTING_PRESERVED,Tidak ditemukan kesamaan lingkup pekerjaan,2020015941,
1317,2020011830,LANGGENG AMANAH EXPRESS,PROPOSED,SAFETY / K3,2020011830,NO_SAP
1318,2020005887,LAPI GANESHA UTAMA,EXISTING_PRESERVED,Tidak ditemukan kesamaan lingkup pekerjaan,2020005887,
1319,2020005888,LAPI ITB,EXISTING_PRESERVED,Tidak ditemukan kesamaan lingkup pekerjaan,2020005888,
1320,2020005891,LARASATI SARANA PRATAMA,PROPOSED,MEKANIKAL,2020005891,NO_SAP
1321,2020013112,LASCO UNITY COORPORATE,EXISTING_PRESERVED,"Beton Readymix K225 12±2 NFA
Beton Readymix K175 12±2 NFA
Beton Readymix K125 12±2 NFA",2020013112,
1322,2020000879,LATIF,PROPOSED,"PRECAST / BETON PRACETAK, STP (SEWAGE, TREATMENT PLANT) & WTP (WATER TREATMENT PLANT)",2020000879,NO_SAP
1323,2020013137,LATIF HIDAYA,PROPOSED,FAÇADE / ARSITEKTUR,2020013137,NO_SAP
1324,2020013138,LATIF HIDAYA,PROPOSED,FAÇADE / ARSITEKTUR,2020013138,NO_SAP
1325,2020014257,LAUTAN BERKAH WICAKSANA,EXISTING_PRESERVED,Tidak ditemukan kesamaan lingkup pekerjaan,2020014257,
1326,2020010266,LAW FIRM ARIFIN PRATAMA & PART,UNRESOLVED,,2020010266,NO_SAP
1327,2020014386,LEADER CONTRUCTION INDONESIA,EXISTING_PRESERVED,"PEKERJAAN TANAH / EARTHWORKS
Galian Tanah Mekanis di Sungai / Saluran
Tanah Hasil Galian di Buang dengan Jarak
Tanah Hasil Galian Dihampar, Diratakan,
Penghamparan dan Pemadatan (Menggunakan",2020014386,
1328,2020012459,LEAP NETWORKS INDONESIA,PROPOSED,"PLUMBING / PIPA, ELEKTRIKAL, MEKANIKAL, IT / TELECOM",2020012459,NO_SAP
1329,2020002637,LEBIH BAGUS ENG,EXISTING_PRESERVED,Tidak ditemukan kesamaan lingkup pekerjaan,2020002637,
1330,2020008715,SULAIMAN,PROPOSED,"STRUKTUR BETON / CONCRETE, FAÇADE / ARSITEKTUR, MEKANIKAL, BAHAN BANGUNAN, PEKERJAAN TANAH / EARTHWORKS, BEKISTING / FORMWORK, BORED PILE / PONDASI, JALAN / PERKERASAN, EQUIPMENT / RENTAL, PRECAST / BETON PRACETAK, PLUMBING / PIPA, AGREGAT / BAHAN URUG, LOGISTICS / TRANSPORT, PEKERJAAN SIPIL STRUCTURE",2020008715,NO_SAP
1331,2020012325,LELANGON,PROPOSED,"PLUMBING / PIPA, ELEKTRIKAL, MEKANIKAL, EQUIPMENT / RENTAL",2020012325,NO_SAP
1332,2020011138,LELCO TRINDO GRAHA NUSANTARA,EXISTING_PRESERVED,"ELEKTRIKAL
Lampu Spectra
Lighting",2020011138,
1333,2020015193,LEMAN TANUWIJAYA,PROPOSED,AGREGAT / BAHAN URUG,2020015193,NO_SAP
1334,2020005904,LEMBAGA MANAGEMENT UNIVERSITAS,UNRESOLVED,,2020005904,NO_SAP
1335,2020013493,LEMBAGA PENGEMBANGAN PERBANKAN,PROPOSED,IT / TELECOM,2020013493,NO_SAP
1336,2020013500,LEMBAGA PENGEMBANGAN PERBANKAN,PROPOSED,JALAN / PERKERASAN,2020013500,NO_SAP
1337,2020013501,LEMBAGA PENGEMBANGAN PERBANKAN,UNRESOLVED,,2020013501,NO_SAP
1338,2020016105,LEMBAGA PENYELIDIKAN EKONOMI D,UNRESOLVED,,2020016105,NO_SAP
1339,2020005905,LEMBAH HIJAU TRAVEL,PROPOSED,"IT / TELECOM, PLUMBING / PIPA, ELEKTRIKAL, MEKANIKAL, FURNITURE PERMANEN ADM BLDG",2020005905,NO_SAP
1340,2020015077,LEMOTATA GRAHAMAS,EXISTING_PRESERVED,"EQUIPMENT / RENTAL
Sewa Yap Crane 7 Ton
Sewa Crane 50 Ton
Mobilisasi Mobile Crane 25 Ton",2020015077,
1341,2020010990,LENI JARLYESA DIANNUR,PROPOSED,PEKERJAAN TANAH / EARTHWORKS,2020010990,NO_SAP
1342,2020010902,LENI MARYANI,PROPOSED,"STRUKTUR BETON / CONCRETE, SAFETY / K3, BAHAN BANGUNAN",2020010902,NO_SAP
1343,2020009597,LENTERA BUMI NUSANTARA,PROPOSED,EQUIPMENT / RENTAL,2020009597,NO_SAP
1344,2020014483,LENTERA ELOK DINAMIKA,EXISTING_PRESERVED,Lampu,2020014483,
1345,2020014123,LEONARD LODWIK ROLLO,PROPOSED,"MEKANIKAL, EQUIPMENT / RENTAL",2020014123,NO_SAP
1346,2020014557,LESTARI MEIGAWATI,PROPOSED,"EQUIPMENT / RENTAL, FAÇADE / ARSITEKTUR",2020014557,NO_SAP
1347,2020014665,LEXAIN KIAT JAYA,EXISTING_PRESERVED,Tidak ditemukan kesamaan lingkup pekerjaan,2020014665,
1348,2020000886,LIFTINDO PUTRA PERKASA,PROPOSED,PRECAST / BETON PRACETAK,2020000886,NO_SAP
1349,2020011629,LILIK ISMAWATI,PROPOSED,LANDSCAPING,2020011629,NO_SAP
1350,2020011959,LIMASBERKATABADI,EXISTING_PRESERVED,"BAHAN BANGUNAN, ELEKTRIKAL, FAÇADE / ARSITEKTUR
Pek. Sandwich Panel_JK
Pek. Pintu & Jendela Aluminium (JK)
PANEL KONTROL
Panel Dinding
PANEL PLAFON
LAMPU PERIPHERAL LED
SA - SANDWICH PANEL (RUANG OK)",2020011959,
1351,2020015125,LIMAU GAPI KONSTRUKSI,EXISTING_PRESERVED,"PEKERJAAN TANAH / EARTHWORKS, STRUKTUR BETON / CONCRETE
Menggali 1 m3 tanah biasa di BA/Saluran
1 m3 Timbunan dan Pemadatan Sirtu
Pembuatan s.d Pengecoran 1 m3 beton mutu
1 m3 Urukan tanah biasa atau tanah liat
1 m2 Bekisting biasa dinding beton denga
1 kg Penulangan slab untuk BjTP atau BjT",2020015125,
1352,2020012877,LIN TONG SUKSES MAKMUR,PROPOSED,EQUIPMENT / RENTAL,2020012877,NO_SAP
1353,2020012095,LINDA NURHAMIDAH,PROPOSED,"BORED PILE / PONDASI, STRUKTUR BETON / CONCRETE, LOGISTICS / TRANSPORT, PEKERJAAN SIPIL STRUCTURE",2020012095,NO_SAP
1354,2020013186,LINGCON MULTI PERKASA,EXISTING_PRESERVED,Tidak ditemukan kesamaan lingkup pekerjaan,2020013186,
1355,2020005921,LINICO INDONESIA,PROPOSED,"STRUKTUR BETON / CONCRETE, FAÇADE / ARSITEKTUR, AGREGAT / BAHAN URUG, BAHAN BANGUNAN, BANGUNAN PENGAIRAN ( BENDUNG, IRIGASI, SUNGAI, PINTU AIR )",2020005921,NO_SAP
1356,2020012106,LINTAS SELARAS MANDIRI,PROPOSED,EQUIPMENT / RENTAL,2020012106,NO_SAP
1357,2020003666,LIO ANUGERAH PERDANA,PROPOSED,"BEKISTING / FORMWORK, BORED PILE / PONDASI, STRUKTUR BETON / CONCRETE, PRECAST / BETON PRACETAK, FAÇADE / ARSITEKTUR, LANDSCAPING, JALAN / PERKERASAN, PEKERJAAN TANAH / EARTHWORKS, AGREGAT / BAHAN URUG, STP (SEWAGE, TREATMENT PLANT) & WTP (WATER TREATMENT PLANT), PEKERJAAN SIPIL STRUCTURE",2020003666,NO_SAP
1358,2020009111,LIO REALINDO PERKASA,PROPOSED,EQUIPMENT / RENTAL,2020009111,NO_SAP
1359,2020002536,LIS KARYA,EXISTING_PRESERVED,Tidak ditemukan kesamaan lingkup pekerjaan,2020002536,
1360,2020009148,LISA APRIYANTI,PROPOSED,PEKERJAAN TANAH / EARTHWORKS,2020009148,NO_SAP
1361,2020009084,LISA CONCRETE INDONESIA,EXISTING_PRESERVED,Tidak ditemukan kesamaan lingkup pekerjaan,2020009084,
1362,2020002920,LIVITRA DUNIA BARU,PROPOSED,"BAHAN BANGUNAN, MEKANIKAL, STRUKTUR BETON / CONCRETE, FAÇADE / ARSITEKTUR, AGREGAT / BAHAN URUG, PEKERJAAN SIPIL STRUCTURE",2020002920,NO_SAP
1363,2020010445,LIXINDE MAKMUR TRADING INDONES,PROPOSED,"AGREGAT / BAHAN URUG, MEKANIKAL, EQUIPMENT / RENTAL, STRUKTUR BETON / CONCRETE, STP (SEWAGE, TREATMENT PLANT) & WTP (WATER TREATMENT PLANT), LOGISTICS / TRANSPORT",2020010445,NO_SAP
1364,2020014607,LOADGIC PRIMAVEDA NUSANTARA,EXISTING_PRESERVED,Tidak ditemukan kesamaan lingkup pekerjaan,2020014607,
1365,2020009673,LOGIQUE DIGITAL INDONESIA,PROPOSED,TESTING / LABORATORY,2020009673,NO_SAP
1366,2020005932,LOGISTIC ONE SOLUTION,EXISTING_PRESERVED,"LOGISTICS / TRANSPORT
Pengangkutan Material Pipa
Jasa Transportasi CY to Door
Transport besi beton dari Sby ke Balikpa",2020005932,
1367,2020015370,LOGISTIK BANGUN BORNEO,EXISTING_PRESERVED,Semen,2020015370,
1368,2020009729,LOKAHITA,EXISTING_PRESERVED,"AGREGAT / BAHAN URUG
Pasir Pasang",2020009729,
1369,2020012544,LOKART ELVA SEJAHTERA,PROPOSED,"STEEL / FABRIKASI, FAÇADE / ARSITEKTUR",2020012544,NO_SAP
1370,2020015276,"LOO RUDY SANTOSO, SE",PROPOSED,SAFETY / K3,2020015276,NO_SAP
1371,2020013785,LOUIS CHRISTIANUS TIMANG,PROPOSED,"EQUIPMENT / RENTAL, STRUKTUR BETON / CONCRETE, PEKERJAAN SIPIL STRUCTURE",2020013785,NO_SAP
1372,2020013113,LS ELECTRIC INDONESIA,EXISTING_PRESERVED,"ELEKTRIKAL, 
Transformator
Trafo 1000 KVA & Outgoing Panel TM",2020013113,
1373,2020014614,LUKI,PROPOSED,"MEKANIKAL, STRUKTUR BETON / CONCRETE, FAÇADE / ARSITEKTUR, PEKERJAAN TANAH / EARTHWORKS, AGREGAT / BAHAN URUG, LOGISTICS / TRANSPORT, BAHAN BANGUNAN, BANGUNAN PENGAIRAN ( BENDUNG, IRIGASI, SUNGAI, PINTU AIR ), PEKERJAAN SIPIL STRUCTURE",2020014614,NO_SAP
1374,2020014427,LUKI PARANOAN,PROPOSED,AGREGAT / BAHAN URUG,2020014427,NO_SAP
1375,2020009702,LULU SABRINA AMELIA,PROPOSED,EQUIPMENT / RENTAL,2020009702,NO_SAP
1376,2020013308,LUNG VICTORY CARPET,EXISTING_PRESERVED,Tidak ditemukan kesamaan lingkup pekerjaan,2020013308,
1377,2020005944,LUSAVINDRA JAYAMADYA,PROPOSED,FURNITURE PERMANEN ADM BLDG,2020005944,NO_SAP
1378,2020010795,LUTHFIKA ADITYO,PROPOSED,"STRUKTUR BETON / CONCRETE, MEKANIKAL, FAÇADE / ARSITEKTUR, PEKERJAAN TANAH / EARTHWORKS, LOGISTICS / TRANSPORT, PEKERJAAN SIPIL STRUCTURE",2020010795,NO_SAP
1379,2020012500,LYRISA CIPTA KREASI,PROPOSED,PEKERJAAN TANAH / EARTHWORKS,2020012500,NO_SAP
1380,2020016087,M DAHRI,PROPOSED,FAÇADE / ARSITEKTUR,2020016087,NO_SAP
1381,2020012514,M RISAL,PROPOSED,"FAÇADE / ARSITEKTUR, BAHAN BANGUNAN",2020012514,NO_SAP
1382,2020011509,M RIZA PERDANA KUSUMA SE,UNRESOLVED,,2020011509,NO_SAP
1383,2020010616,M SUBKI,PROPOSED,"FAÇADE / ARSITEKTUR, PEKERJAAN TANAH / EARTHWORKS, AGREGAT / BAHAN URUG",2020010616,NO_SAP
1384,2020015192,M YUSUF,PROPOSED,"PEKERJAAN TANAH / EARTHWORKS, BAHAN BANGUNAN, FAÇADE / ARSITEKTUR, BEKISTING / FORMWORK, EQUIPMENT / RENTAL, MEKANIKAL, STRUKTUR BETON / CONCRETE, LOGISTICS / TRANSPORT, BANGUNAN PENGAIRAN ( BENDUNG, IRIGASI, SUNGAI, PINTU AIR ), PEKERJAAN SIPIL STRUCTURE",2020015192,NO_SAP
1385,2020000914,M. BACHRUN ROSYIDI,PROPOSED,"FAÇADE / ARSITEKTUR, BAHAN BANGUNAN",2020000914,NO_SAP
1386,2020014144,M. DEMI GALIH SAPUTRA,PROPOSED,"EQUIPMENT / RENTAL, FAÇADE / ARSITEKTUR, BAHAN BANGUNAN",2020014144,NO_SAP
1387,2020015832,M. ROIS,PROPOSED,"STRUKTUR BETON / CONCRETE, PEKERJAAN SIPIL STRUCTURE",2020015832,NO_SAP
1388,2020010805,M. YEPTA ADIARTA,PROPOSED,"EQUIPMENT / RENTAL, PLUMBING / PIPA, STRUKTUR BETON / CONCRETE, JALAN / PERKERASAN, AGREGAT / BAHAN URUG, STP (SEWAGE, TREATMENT PLANT) & WTP (WATER TREATMENT PLANT), LOGISTICS / TRANSPORT, BAHAN BANGUNAN, PEKERJAAN SIPIL STRUCTURE",2020010805,NO_SAP
1389,2020007213,SUROTO,PROPOSED,"STRUKTUR BETON / CONCRETE, PEKERJAAN SIPIL STRUCTURE",2020007213,NO_SAP
1390,2020012959,MAAMUN MUBAROK,PROPOSED,"FAÇADE / ARSITEKTUR, EQUIPMENT / RENTAL, PLUMBING / PIPA, ELEKTRIKAL, MEKANIKAL, STRUKTUR BETON / CONCRETE, LOGISTICS / TRANSPORT, PEKERJAAN SIPIL STRUCTURE",2020012959,NO_SAP
1391,2020012960,MAAMUN MUBAROK,PROPOSED,"LANDSCAPING, PEKERJAAN TANAH / EARTHWORKS, SAFETY / K3",2020012960,NO_SAP
1392,2020015256,MABEL SOLUSI MANDIRI,EXISTING_PRESERVED,Genset,2020015256,
1393,2020005957,MACCAFERRI INDONESIA,EXISTING_PRESERVED,Tidak ditemukan kesamaan lingkup pekerjaan,2020005957,
1394,2020009036,MADANI PRIMATAMA LOGISTIK,PROPOSED,FURNITURE PERMANEN ADM BLDG,2020009036,NO_SAP
1395,2020001298,MAGDATAMA KARYA USAHA,UNRESOLVED,,2020001298,NO_SAP
1396,2020000931,MAGDATAMA MULTI USAHA,EXISTING_PRESERVED,Expansion Joint,2020000931,
1397,2020010298,MAGNA SARDO,EXISTING_PRESERVED,Tidak ditemukan kesamaan lingkup pekerjaan,2020010298,
1398,2020002517,MAHA AKBAR SEJAHTERA,EXISTING_PRESERVED,Tidak ditemukan kesamaan lingkup pekerjaan,2020002517,
1399,2020009794,MAHARDIKA UNGGUL ABADI,PROPOSED,"BAHAN BANGUNAN, FAÇADE / ARSITEKTUR, LANDSCAPING, KONSULTAN PERENCANA",2020009794,NO_SAP
1400,2020000935,MAHMUDI,PROPOSED,"EQUIPMENT / RENTAL, AGREGAT / BAHAN URUG",2020000935,NO_SAP
1401,2020011682,MAHSUN EFENDI,PROPOSED,EQUIPMENT / RENTAL,2020011682,NO_SAP
1402,2020011868,MAJA CONSULTING GROUP,EXISTING_PRESERVED,Tidak ditemukan kesamaan lingkup pekerjaan,2020011868,
1403,2020000937,MAJU BERSAMA,PROPOSED,"JALAN / PERKERASAN, SAFETY / K3",2020000937,NO_SAP
1404,2020014351,MAJU JAYA SUKSES KONSTRUKSI,EXISTING_PRESERVED,Tidak ditemukan kesamaan lingkup pekerjaan,2020014351,
1405,2020012634,MAJU LANCAR JAYA,EXISTING_PRESERVED,"AGREGAT / BAHAN URUG
Agregat Klas A",2020012634,
1406,2020015656,MAJU LANCAR MANDIRI,EXISTING_PRESERVED,"EQUIPMENT / RENTAL
Sewa Alat Berat (JK)
Sewa Alat External",2020015656,
1407,2020000938,MAJU LANGGENG MANDIRI,PROPOSED,SAFETY / K3,2020000938,NO_SAP
1408,2020009878,MAJU LANGGENG MANDIRI,EXISTING_PRESERVED,"EQUIPMENT / RENTAL, STRUKTUR BETON / CONCRETE
Jasa Sewa Equipment
Beban Sewa Alat External
Concrete Vibrator Electric
Sewa Alat Berat (JK)",2020009878,
1409,2020014615,MAJU PERDANA JAYA,EXISTING_PRESERVED,"STRUKTUR BETON / CONCRETE
Bongkar 1 m3 Beton beton mutu rendah fc’
1 kg Penulangan kolom, balok, ring balk,
1 m2 Bekisting biasa dinding beton denga
Pembuatan s.d Pengecoran 1 m³ beton mutu
Beton Mutu, fc' = 15 Mpa (K175)
Bekisting fondasi dan sloof beton
Bekisting dinding beton biasa dengan mul
Pembesian Menggunakan Besi Beton BjTP di",2020014615,
1410,2020005978,MAKMUR JAYA,PROPOSED,"AGREGAT / BAHAN URUG, STRUKTUR BETON / CONCRETE, BAHAN BANGUNAN",2020005978,NO_SAP
1411,2020003987,MAKMUR JAYA ABADI SUKSES,PROPOSED,"PLUMBING / PIPA, ELEKTRIKAL, STRUKTUR BETON / CONCRETE, PRECAST / BETON PRACETAK, LANDSCAPING, STP (SEWAGE, TREATMENT PLANT) & WTP (WATER TREATMENT PLANT), PEKERJAAN SIPIL STRUCTURE",2020003987,NO_SAP
1412,2020008448,MAKMUR JAYA ENERGI,EXISTING_PRESERVED,Tidak ditemukan kesamaan lingkup pekerjaan,2020008448,
1413,2020012652,MALIANA BROTHERS LDA,PROPOSED,AGREGAT / BAHAN URUG,2020012652,NO_SAP
1414,2020013170,MALVIN,PROPOSED,"PEKERJAAN SIPIL STRUCTURE, MEKANIKAL, STRUKTUR BETON / CONCRETE, FAÇADE / ARSITEKTUR, PEKERJAAN TANAH / EARTHWORKS",2020013170,NO_SAP
1415,2020013171,MALVIN,PROPOSED,"STRUKTUR BETON / CONCRETE, STP (SEWAGE, TREATMENT PLANT) & WTP (WATER TREATMENT PLANT), LOGISTICS / TRANSPORT, PEKERJAAN SIPIL STRUCTURE, FURNITURE PERMANEN ADM BLDG",2020013171,NO_SAP
1416,2020012815,MANDALA KARYA SAMUDRA,EXISTING_PRESERVED,Tidak ditemukan kesamaan lingkup pekerjaan,2020012815,
1417,2020003775,MANUNGGAL INTI PRIMA,EXISTING_PRESERVED,"JALAN / PERKERASAN
Pembersihan Jalan Akses",2020003775,
1418,2020010879,MANYAR PERKASA MANDIRI,EXISTING_PRESERVED,Semen,2020010879,
1419,2020000949,MARABUNTA GROUP,PROPOSED,"PLUMBING / PIPA, FAÇADE / ARSITEKTUR",2020000949,NO_SAP
1420,2020000950,MARATAMA CIPTA MANDIRI,PROPOSED,KONSULTAN PERENCANA,2020000950,NO_SAP
1421,2020008771,MARCIANO WALTHER,PROPOSED,"BEKISTING / FORMWORK, STRUKTUR BETON / CONCRETE, FAÇADE / ARSITEKTUR, PEKERJAAN SIPIL STRUCTURE",2020008771,NO_SAP
1422,2020008082,MARGA SOLUSI PRIMA,PROPOSED,"JALAN / PERKERASAN, AGREGAT / BAHAN URUG, SAFETY / K3",2020008082,NO_SAP
1423,2020009371,MARGANA SADANA ADIWANGSA,UNRESOLVED,,2020009371,NO_SAP
1424,2020014508,MARGO UTOMO,PROPOSED,"STP (SEWAGE, TREATMENT PLANT) & WTP (WATER TREATMENT PLANT)",2020014508,NO_SAP
1425,2020015360,MARGRET FEDA SUEBU,PROPOSED,"STRUKTUR BETON / CONCRETE, PEKERJAAN SIPIL STRUCTURE",2020015360,NO_SAP
1426,2020001782,SUYATNO,PROPOSED,LANDSCAPING,2020001782,NO_SAP
1427,2020010691,MARIO MANDIRI,PROPOSED,"STRUKTUR BETON / CONCRETE, FAÇADE / ARSITEKTUR, LANDSCAPING, STP (SEWAGE, TREATMENT PLANT) & WTP (WATER TREATMENT PLANT), PEKERJAAN SIPIL STRUCTURE",2020010691,NO_SAP
1428,2020015359,MARISITUA SIMATUPANG,PROPOSED,"PLUMBING / PIPA, STP (SEWAGE, TREATMENT PLANT) & WTP (WATER TREATMENT PLANT)",2020015359,NO_SAP
1429,2020009591,MARIUS GUMONO,PROPOSED,"STRUKTUR BETON / CONCRETE, AGREGAT / BAHAN URUG",2020009591,NO_SAP
1430,2020012689,MARIUS TANJUNG,PROPOSED,FAÇADE / ARSITEKTUR,2020012689,NO_SAP
1431,2020013341,MARNO,PROPOSED,"FAÇADE / ARSITEKTUR, BEKISTING / FORMWORK, BORED PILE / PONDASI, STRUKTUR BETON / CONCRETE, PEKERJAAN TANAH / EARTHWORKS, AGREGAT / BAHAN URUG, PEKERJAAN SIPIL STRUCTURE",2020013341,NO_SAP
1432,2020014498,MARRY CATURIANI WARISSAM,UNRESOLVED,,2020014498,NO_SAP
1433,2020012709,MARSONO,UNRESOLVED,,2020012709,NO_SAP
1434,2020015526,MARTHEN RIYANDI WIBOWO,UNRESOLVED,,2020015526,NO_SAP
1435,2020012005,MARTIYONO,PROPOSED,"MEKANIKAL, STRUKTUR BETON / CONCRETE, BORED PILE / PONDASI, FAÇADE / ARSITEKTUR, PEKERJAAN TANAH / EARTHWORKS, SAFETY / K3, LOGISTICS / TRANSPORT, BAHAN BANGUNAN, PEKERJAAN SIPIL STRUCTURE",2020012005,NO_SAP
1436,2020014632,MARWAN EKA VIRGANA,PROPOSED,EQUIPMENT / RENTAL,2020014632,NO_SAP
1437,2020006032,MARYONO,PROPOSED,FAÇADE / ARSITEKTUR,2020006032,NO_SAP
1438,2020013236,MARYONO,PROPOSED,ELEKTRIKAL,2020013236,NO_SAP
1439,2020000965,MASHUDI,PROPOSED,"BAHAN BANGUNAN, FAÇADE / ARSITEKTUR, STRUKTUR BETON / CONCRETE, MEKANIKAL, BORED PILE / PONDASI, PEKERJAAN TANAH / EARTHWORKS, EQUIPMENT / RENTAL, BEKISTING / FORMWORK, JALAN / PERKERASAN, AGREGAT / BAHAN URUG, LOGISTICS / TRANSPORT, PEKERJAAN SIPIL STRUCTURE",2020000965,NO_SAP
1440,2020015913,MASHUDI,PROPOSED,"MEKANIKAL, STRUKTUR BETON / CONCRETE, FAÇADE / ARSITEKTUR, BAHAN BANGUNAN, PEKERJAAN SIPIL STRUCTURE",2020015913,NO_SAP
1441,2020016000,MASKUR B,PROPOSED,EQUIPMENT / RENTAL,2020016000,NO_SAP
1442,2020015824,MASKURI,PROPOSED,"BORED PILE / PONDASI, MEKANIKAL, STRUKTUR BETON / CONCRETE, PEKERJAAN TANAH / EARTHWORKS, AGREGAT / BAHAN URUG, PEKERJAAN SIPIL STRUCTURE",2020015824,NO_SAP
1443,2020012193,MASRURI,PROPOSED,EQUIPMENT / RENTAL,2020012193,NO_SAP
1444,2020006038,MASTARMAN JAYA,PROPOSED,"STP (SEWAGE, TREATMENT PLANT) & WTP (WATER TREATMENT PLANT)",2020006038,NO_SAP
1445,2020012861,MASTER FONDASI INONESIA,EXISTING_PRESERVED,Subkon PDA Test,2020012861,
1446,2020000970,MASTER STEEL,PROPOSED,"STRUKTUR BETON / CONCRETE, LOGISTICS / TRANSPORT, BAHAN BANGUNAN",2020000970,NO_SAP
1447,2020007424,TOHA,PROPOSED,LOGISTICS / TRANSPORT,2020007424,NO_SAP
1448,2020015059,MATHELDA SUSANTI SOMALINGGI,PROPOSED,FAÇADE / ARSITEKTUR,2020015059,NO_SAP
1449,2020013029,MATIUS LAHU,PROPOSED,"STEEL / FABRIKASI, FAÇADE / ARSITEKTUR, SAFETY / K3, BAHAN BANGUNAN",2020013029,NO_SAP
1450,2020015384,MAWALUDIN,PROPOSED,"PLUMBING / PIPA, ELEKTRIKAL, MEKANIKAL",2020015384,NO_SAP
1451,2020011046,MAXIMA ARTA,PROPOSED,"PLUMBING / PIPA, ELEKTRIKAL, MEKANIKAL",2020011046,NO_SAP
1452,2020015851,MAY SANDY PRASETYA,PROPOSED,BORED PILE / PONDASI,2020015851,NO_SAP
1453,2020012841,MCT INDONESIA TRADING,PROPOSED,AGREGAT / BAHAN URUG,2020012841,NO_SAP
1454,2020014456,MECHTRON MASTEVI INDONESIA,EXISTING_PRESERVED,Tidak ditemukan kesamaan lingkup pekerjaan,2020014456,
1455,2020006063,MEDAN GEOTEKNIK DAN STRUKTUR K,PROPOSED,FAÇADE / ARSITEKTUR,2020006063,NO_SAP
1456,2020015247,MEDIATRON DISTRIBUTION,EXISTING_PRESERVED,Tidak ditemukan kesamaan lingkup pekerjaan,2020015247,
1457,2020014309,MEGA CORINDO ASIA,EXISTING_PRESERVED,Tidak ditemukan kesamaan lingkup pekerjaan,2020014309,
1458,2020008936,MEGA PASCAL ANDALAN,PROPOSED,"MEKANIKAL, EQUIPMENT / RENTAL, STRUKTUR BETON / CONCRETE",2020008936,NO_SAP
1459,2020014206,MEGA PERSADA UTAMA,EXISTING_PRESERVED,Tidak ditemukan kesamaan lingkup pekerjaan,2020014206,
1460,2020002425,MEGA PROSPER ABADI,EXISTING_PRESERVED,", STRUKTUR BETON / CONCRETE
Sewa Concrete Pump
Beton Struktur Kelas B-1-7
Beton Struktur Kelas B-1-3b (Kepala Pier
Filling Concrete Class B of PC-Void
Beton Struktur KelasB-1-4f (Kolom Pier)
Beton Str A2 (Toping Diatas Half Slab)
Bekisting Pier Head (Pile Slab)
Pek. Beton Struktur Kelas B_JK
Beton Struktur Kelas B-1-6 (Beton Parape",2020002425,
1461,2020008223,MEGA SELARAS UTAMA,PROPOSED,FURNITURE PERMANEN ADM BLDG,2020008223,NO_SAP
1462,2020013896,MEGAH GELORA UTAMA,EXISTING_PRESERVED,Tidak ditemukan kesamaan lingkup pekerjaan,2020013896,
1463,2020000972,MEGAR PRIMA,PROPOSED,"EQUIPMENT / RENTAL, BAHAN BANGUNAN, AGREGAT / BAHAN URUG",2020000972,NO_SAP
1464,2020014051,MEI LINA SEPTYANINGSIH,PROPOSED,SAFETY / K3,2020014051,NO_SAP
1465,2020016005,MEKANIKA BERSAUDARA TEKNIK,EXISTING_PRESERVED,Tidak ditemukan kesamaan lingkup pekerjaan,2020016005,
1466,2020006088,MEKTAN BABAKAN TUJUH KONSULTAN,EXISTING_PRESERVED,Tidak ditemukan kesamaan lingkup pekerjaan,2020006088,
1467,2020014640,MELAYU MEMBANGUN NEGRI,EXISTING_PRESERVED,Tidak ditemukan kesamaan lingkup pekerjaan,2020014640,
1468,2020012058,MELTHANA INDAH PERSADA,PROPOSED,"EQUIPMENT / RENTAL, JALAN / PERKERASAN, LOGISTICS / TRANSPORT",2020012058,NO_SAP
1469,2020006094,MENARA,PROPOSED,JALAN / PERKERASAN,2020006094,NO_SAP
1470,2020015988,MENARA BIRU RESOURCES,EXISTING_PRESERVED,Tidak ditemukan kesamaan lingkup pekerjaan,2020015988,
1471,2020010636,MENARA JAYA ANGKASA,PROPOSED,"BEKISTING / FORMWORK, BORED PILE / PONDASI, STRUKTUR BETON / CONCRETE, PRECAST / BETON PRACETAK, FAÇADE / ARSITEKTUR, PEKERJAAN TANAH / EARTHWORKS, STP (SEWAGE, TREATMENT PLANT) & WTP (WATER TREATMENT PLANT), PEKERJAAN SIPIL STRUCTURE",2020010636,NO_SAP
1472,2020015291,MENARA MAKMUR PERSADA,EXISTING_PRESERVED,"BEKISTING / FORMWORK
Pipe Support Bekisting",2020015291,
1473,2020012820,MENARA STUDIO,PROPOSED,"PLUMBING / PIPA, ELEKTRIKAL, MEKANIKAL, FAÇADE / ARSITEKTUR",2020012820,NO_SAP
1474,2020012843,MENARA STUDIO,PROPOSED,FAÇADE / ARSITEKTUR,2020012843,NO_SAP
1475,2020009639,MENTARI PAGI,PROPOSED,"STRUKTUR BETON / CONCRETE, PRECAST / BETON PRACETAK, STP (SEWAGE, TREATMENT PLANT) & WTP (WATER TREATMENT PLANT), LOGISTICS / TRANSPORT, PEKERJAAN SIPIL STRUCTURE",2020009639,NO_SAP
1476,2020001306,MERAHE INTI ALAM PERKASA,PROPOSED,AGREGAT / BAHAN URUG,2020001306,NO_SAP
1477,2020009845,MERAHE INTI ALAM PERKASA,PROPOSED,AGREGAT / BAHAN URUG,2020009845,NO_SAP
1478,2020000979,MERAK JAYA BETON,PROPOSED,"STRUKTUR BETON / CONCRETE, FAÇADE / ARSITEKTUR, AGREGAT / BAHAN URUG, BAHAN BANGUNAN",2020000979,NO_SAP
1479,2020012100,MERAPI CIPTA KARYA,PROPOSED,SAFETY / K3,2020012100,NO_SAP
1480,2020006103,MERCURY TEKINDO INTERNUSA,EXISTING_PRESERVED,Tidak ditemukan kesamaan lingkup pekerjaan,2020006103,
1481,2020015498,METALINDO MITRA BANGUNAN,EXISTING_PRESERVED,Tidak ditemukan kesamaan lingkup pekerjaan,2020015498,
1482,2020006112,METRO MENGGALA,PROPOSED,"STRUKTUR BETON / CONCRETE, TESTING / LABORATORY, LOGISTICS / TRANSPORT, PEKERJAAN SIPIL STRUCTURE",2020006112,NO_SAP
1483,2020011690,MICETRO KARYA INDONESIA,EXISTING_PRESERVED,Event Organizer Employee Gathering,2020011690,
1484,2020006117,MICHAEL DIPA A PALATEHAN,PROPOSED,"EQUIPMENT / RENTAL, FAÇADE / ARSITEKTUR, BAHAN BANGUNAN",2020006117,NO_SAP
1485,2020014499,MIMI AGUSTINA,UNRESOLVED,,2020014499,NO_SAP
1486,2020012572,MINERALYASA PERDANA,EXISTING_PRESERVED,"STEEL / FABRIKASI, STRUKTUR BETON / CONCRETE
Baja Struktur
Kolom SC1 (WF 300x150x6,5x9)
Balok SB1 (WF 200x100x5,5x8)
Balok SB2 (WF 250x125x6x9)
Kolom (Ø 6"")
SK1 - H Beam 200 x 200 x 12 x 8 mm
Pek. Steel Structure_JK_KG
Baja Selendang
Baja Crown
Baja Separator BEM",2020012572,
1487,2020012385,MISNIANTO,PROPOSED,"AGREGAT / BAHAN URUG, EQUIPMENT / RENTAL, PEKERJAAN TANAH / EARTHWORKS, LOGISTICS / TRANSPORT",2020012385,NO_SAP
1488,2020007465,TRI PUTRA WIJAYA,PROPOSED,EQUIPMENT / RENTAL,2020007465,NO_SAP
1489,2020010350,MISWANTO,PROPOSED,FAÇADE / ARSITEKTUR,2020010350,NO_SAP
1490,2020013709,MITRA AGUNG INDONESIA,EXISTING_PRESERVED,Tidak ditemukan kesamaan lingkup pekerjaan,2020013709,
1491,2020003626,MITRA ANDESIT SEJAHTERA,UNRESOLVED,,2020003626,NO_SAP
1492,2020010600,MITRA ANGKASA SEJAHTERA TBK,PROPOSED,STEEL / FABRIKASI,2020010600,NO_SAP
1493,2020012218,MITRA BANGUN GRAHA MANDIRI,PROPOSED,"EQUIPMENT / RENTAL, SAFETY / K3",2020012218,NO_SAP
1494,2020011464,MITRA BANGUN KONSTRUKSI MEGAH,EXISTING_PRESERVED,Tidak ditemukan kesamaan lingkup pekerjaan,2020011464,
1495,2020008697,MITRA BARU MANDIRI,EXISTING_PRESERVED,Tidak ditemukan kesamaan lingkup pekerjaan,2020008697,
1496,2020012011,MITRA BEST SOLUTION,EXISTING_PRESERVED,"EQUIPMENT / RENTAL, JALAN / PERKERASAN
Sewa Alat Ukur
Pek. Jalan Akses_JK_M2
Penyediaan Jalan Akses Pengeboran",2020012011,
1497,2020002942,MITRA BETON MANDIRI,EXISTING_PRESERVED,"STRUKTUR BETON / CONCRETE
Beton Readymix Fc 30 18±2 NFA
Beton Readymix Fc 25 12±2 NFA
Beton Readymix K.225
Beton Readymix K125 10±2 FA 15%",2020002942,
1498,2020000993,MITRA HIJAU INDONESIA,EXISTING_PRESERVED,"EQUIPMENT / RENTAL
Sewa Alat Berat
Sewa Alat Berat (JK)
Sewa excavator",2020000993,
1499,2020000994,MITRA HIJAU LESTARI,EXISTING_PRESERVED,Tidak ditemukan kesamaan lingkup pekerjaan,2020000994,
1500,2020013754,MITRA INDAH LESTARI,EXISTING_PRESERVED,"EQUIPMENT / RENTAL
Sewa Crane 50 Ton
Mob/demob.Crane 25 Ton
Hyap Crane
Mob/demob.Excavator
Mob/demob.crane 100 ton
Sewa Alat Wheel Loader SEM 655D",2020013754,
1501,2020006143,MITRA INTEGRASI INFORMATIKA,PROPOSED,"IT / TELECOM, FURNITURE PERMANEN ADM BLDG",2020006143,NO_SAP
1502,2020008088,MITRA INTI SERASI INTERNASIONA,PROPOSED,PEKERJAAN TANAH / EARTHWORKS,2020008088,NO_SAP
1503,2020000995,MITRA JAYA KENCANA,PROPOSED,"EQUIPMENT / RENTAL, STP (SEWAGE, TREATMENT PLANT) & WTP (WATER TREATMENT PLANT), LOGISTICS / TRANSPORT",2020000995,NO_SAP
1504,2020000996,MITRA KARYA,PROPOSED,"PRECAST / BETON PRACETAK, STRUKTUR BETON / CONCRETE, BEKISTING / FORMWORK, FAÇADE / ARSITEKTUR, PEKERJAAN SIPIL STRUCTURE",2020000996,NO_SAP
1505,2020006148,MITRA KARYA ABADI UTAMA,EXISTING_PRESERVED,"FAÇADE / ARSITEKTUR
Pek. Cat Plafon Emulsion Paint (JK)
PEK. CEILING, EPOXY PAINT (JK)",2020006148,
1506,2020006149,MITRA KARYA GLOBAL,EXISTING_PRESERVED,"STRUKTUR BETON / CONCRETE
Kawat Beton / Bendrat",2020006149,
1507,2020003235,MITRA KARYA MANDIRI JAYA,PROPOSED,SAFETY / K3,2020003235,NO_SAP
1508,2020010876,MITRA KARYARUKUN SEJAHTERA,PROPOSED,"BEKISTING / FORMWORK, STRUKTUR BETON / CONCRETE, PEKERJAAN SIPIL STRUCTURE",2020010876,NO_SAP
1509,2020013363,MITRA KIARA INDONESIA,EXISTING_PRESERVED,Tidak ditemukan kesamaan lingkup pekerjaan,2020013363,
1510,2020008899,MITRA PERKASA BERSAMA,PROPOSED,EQUIPMENT / RENTAL,2020008899,NO_SAP
1511,2020006161,MITRA PERKASA MULTIGUNA,EXISTING_PRESERVED,"ELEKTRIKAL, PLUMBING / PIPA
Pek. Elektrikal 1
Pek. Elektrikal 2
Pek. Elektrikal 3
PEKERJAAN INSTALASI GENSET
PEKERJAAN INSTALASI ELEKTRIKAL
PEKERJAAN INSTALASI PLUMBING & HYDRANT
Pek. Instal Pipa, AC, Drain & Kabel (JK)",2020006161,
1512,2020015586,MITRA SERTIFIKASI KONSTRUKSI,EXISTING_PRESERVED,Tidak ditemukan kesamaan lingkup pekerjaan,2020015586,
1513,2020006166,MITRA SISTEMATIKA GLOBAL,EXISTING_PRESERVED,Tidak ditemukan kesamaan lingkup pekerjaan,2020006166,
1514,2020009999,MITRA SOLUSI INFOKOM,EXISTING_PRESERVED,"IT / TELECOM
Pengdaaan Peripheral Server",2020009999,
1515,2020008232,MITRA TUJUH PRAKASA,EXISTING_PRESERVED,Tidak ditemukan kesamaan lingkup pekerjaan,2020008232,
1516,2020012382,MITRA UTAMA SERTIFIKASI,PROPOSED,TESTING / LABORATORY,2020012382,NO_SAP
1517,2020012552,MITRAGONDOLA KREASIPRIMA,EXISTING_PRESERVED,Tidak ditemukan kesamaan lingkup pekerjaan,2020012552,
1518,2020006173,MITRALAB BUANA,UNRESOLVED,,2020006173,NO_SAP
1519,2020010619,MITRASOFT INFONET,EXISTING_PRESERVED,Tidak ditemukan kesamaan lingkup pekerjaan,2020010619,
1520,2020013226,MITREKA SOLUSI INDONESIA,EXISTING_PRESERVED,Tidak ditemukan kesamaan lingkup pekerjaan,2020013226,
1521,2020006176,MITSUBISHI JAYA ELEVATOR AND E,PROPOSED,"FAÇADE / ARSITEKTUR, PLUMBING / PIPA, ELEKTRIKAL, MEKANIKAL",2020006176,NO_SAP
1522,2020012272,MOCH DAVID AGUS SAPUTRA,PROPOSED,SAFETY / K3,2020012272,NO_SAP
1523,2020009779,MOCH IBNU FAJAR,PROPOSED,"BAHAN BANGUNAN, JALAN / PERKERASAN, BEKISTING / FORMWORK, STRUKTUR BETON / CONCRETE, FAÇADE / ARSITEKTUR, PEKERJAAN TANAH / EARTHWORKS, PEKERJAAN SIPIL STRUCTURE",2020009779,NO_SAP
1524,2020012229,MOCH RAHADIAN FAHMI,PROPOSED,EQUIPMENT / RENTAL,2020012229,NO_SAP
1525,2020015058,MOCHAMAD BURHANUDIN MACHMUD,PROPOSED,SAFETY / K3,2020015058,NO_SAP
1526,2020012762,MOCHAMAD HUZAEMI,PROPOSED,"BEKISTING / FORMWORK, PLUMBING / PIPA, STRUKTUR BETON / CONCRETE, ELEKTRIKAL, BAHAN BANGUNAN, PEKERJAAN SIPIL STRUCTURE",2020012762,NO_SAP
1527,2020016097,MODENKARA CIPTA USAHA,EXISTING_PRESERVED,Tidak ditemukan kesamaan lingkup pekerjaan,2020016097,
1528,2020013225,MODERN WIDYA TEHNICAL,EXISTING_PRESERVED,"BORED PILE / PONDASI, JALAN / PERKERASAN, PEKERJAAN TANAH / EARTHWORKS
Galian Biasa
Penyiapan Badan Jalan
Subkon Galian untuk Selokan Drainase dan
Galian Batu Lunak
Galian Batu
Subkon Galian Struktur dengan kedalaman
Lapis Pondasi Agregat Kelas A
Lapis Pondasi Agregat Kelas B
Lapis Pondasi Agregat Kelas S
Lapis Resap Pengikat - Aspal Cair/Emulsi
Lapis Perekat - Aspal Cair/Emulsi
Subkon Timbunan Biasa dari sumber galian
Timbunan Pilihan dari hasil galian",2020013225,
1529,2020006182,MODULE INTRACS YASATAMA,EXISTING_PRESERVED,"IT / TELECOM
Pek. Gardu dan Server Inkis",2020006182,
1530,2020010866,MOH BAYU RAMANDA,PROPOSED,"STRUKTUR BETON / CONCRETE, FAÇADE / ARSITEKTUR, BAHAN BANGUNAN, PEKERJAAN SIPIL STRUCTURE",2020010866,NO_SAP
1531,2020013690,MOH HUSAIN,PROPOSED,FAÇADE / ARSITEKTUR,2020013690,NO_SAP
1532,2020012502,MOH MUJAMIL,PROPOSED,"FAÇADE / ARSITEKTUR, STRUKTUR BETON / CONCRETE, MEKANIKAL, BAHAN BANGUNAN, EQUIPMENT / RENTAL, BEKISTING / FORMWORK, PLUMBING / PIPA, ELEKTRIKAL, LANDSCAPING, JALAN / PERKERASAN, SAFETY / K3, LOGISTICS / TRANSPORT, PEKERJAAN SIPIL STRUCTURE",2020012502,NO_SAP
1533,2020011840,MOH ROSIDI,PROPOSED,"STRUKTUR BETON / CONCRETE, FAÇADE / ARSITEKTUR, MEKANIKAL, BEKISTING / FORMWORK, BAHAN BANGUNAN, PRECAST / BETON PRACETAK, PLUMBING / PIPA, ELEKTRIKAL, PEKERJAAN TANAH / EARTHWORKS, STP (SEWAGE, TREATMENT PLANT) & WTP (WATER TREATMENT PLANT), LOGISTICS / TRANSPORT, PEKERJAAN SIPIL STRUCTURE, FURNITURE PERMANEN ADM BLDG",2020011840,NO_SAP
1534,2020010448,MOH. ARIFIN,PROPOSED,"BEKISTING / FORMWORK, STRUKTUR BETON / CONCRETE, PEKERJAAN SIPIL STRUCTURE",2020010448,NO_SAP
1535,2020013027,MOHAMAD ALANSYAHRONI,PROPOSED,"FAÇADE / ARSITEKTUR, STRUKTUR BETON / CONCRETE, MEKANIKAL, LANDSCAPING, PEKERJAAN TANAH / EARTHWORKS, LOGISTICS / TRANSPORT, BAHAN BANGUNAN, PEKERJAAN SIPIL STRUCTURE",2020013027,NO_SAP
1536,2020013038,MOHAMAD ALANSYAHRONI,PROPOSED,FAÇADE / ARSITEKTUR,2020013038,NO_SAP
1537,2020012936,MOHAMAD HILALUDIN,PROPOSED,"FAÇADE / ARSITEKTUR, BAHAN BANGUNAN, BEKISTING / FORMWORK, LANDSCAPING, STRUKTUR BETON / CONCRETE, JALAN / PERKERASAN, LOGISTICS / TRANSPORT, PEKERJAAN SIPIL STRUCTURE",2020012936,NO_SAP
1538,2020010399,MOHAMAD MACHMUD,UNRESOLVED,,2020010399,NO_SAP
1539,2020007542,UMAR ROHADI,UNRESOLVED,,2020007542,NO_SAP
1540,2020008996,MOHAMMAD SAID,PROPOSED,EQUIPMENT / RENTAL,2020008996,NO_SAP
1541,2020006191,MONDILLA BERSAUDARA,EXISTING_PRESERVED,"BAHAN BANGUNAN
Pek. Kusen, Pintu dan Jendela_JK_LS
Aluminium Kaca Jalusi",2020006191,
1542,2020014469,MONIK JAYA RAHAYU,EXISTING_PRESERVED,"Kesamaan lingkup
Pasir Pasang",2020014469,
1543,2020011789,MONITA NINGSIH LUBIS,PROPOSED,FAÇADE / ARSITEKTUR,2020011789,NO_SAP
1544,2020010748,MORA ANUGERAH BERKAT,PROPOSED,SAFETY / K3,2020010748,NO_SAP
1545,2020006193,MORA TELEMATIKA INDONESIA,PROPOSED,"EQUIPMENT / RENTAL, FURNITURE PERMANEN ADM BLDG",2020006193,NO_SAP
1546,2020013283,MORTAR NASIONAL INDONESIA,EXISTING_PRESERVED,Tidak ditemukan kesamaan lingkup pekerjaan,2020013283,
1547,2020015589,MOSARINDO JAYA BALIKPAPAN,EXISTING_PRESERVED,Tidak ditemukan kesamaan lingkup pekerjaan,2020015589,
1548,2020002952,MOTIVE MULIA,PROPOSED,"BORED PILE / PONDASI, STRUKTUR BETON / CONCRETE, PRECAST / BETON PRACETAK, BAHAN BANGUNAN",2020002952,NO_SAP
1549,2020006199,MUARIFIN,PROPOSED,"FAÇADE / ARSITEKTUR, STRUKTUR BETON / CONCRETE, BORED PILE / PONDASI, EQUIPMENT / RENTAL, PRECAST / BETON PRACETAK, BEKISTING / FORMWORK, MEKANIKAL, PEKERJAAN TANAH / EARTHWORKS, SAFETY / K3, LOGISTICS / TRANSPORT, BAHAN BANGUNAN, PEKERJAAN SIPIL STRUCTURE",2020006199,NO_SAP
1550,2020006200,MUDA JAYA ABADI,EXISTING_PRESERVED,Tidak ditemukan kesamaan lingkup pekerjaan,2020006200,
1551,2020002374,MUDZAKIR,PROPOSED,EQUIPMENT / RENTAL,2020002374,NO_SAP
1552,2020010754,MUDZAKIR SUKSES ABADI,EXISTING_PRESERVED,"JALAN / PERKERASAN
Subkon Galian Perkerasan Beton",2020010754,
1553,2020002953,MUGI JAYA,EXISTING_PRESERVED,"ELEKTRIKAL, FAÇADE / ARSITEKTUR
Alumunium Composite Panel FR
Atap Kaca Clear Glass Laminated 6+6 mm t",2020002953,
1554,2020013449,MUH YUNUS,PROPOSED,"BEKISTING / FORMWORK, STRUKTUR BETON / CONCRETE, PRECAST / BETON PRACETAK, BAHAN BANGUNAN, PEKERJAAN SIPIL STRUCTURE",2020013449,NO_SAP
1555,2020013560,MUHAIMIN,UNRESOLVED,,2020013560,NO_SAP
1556,2020015309,MUHAMAD MURTARDHO,PROPOSED,"PLUMBING / PIPA, STRUKTUR BETON / CONCRETE, LOGISTICS / TRANSPORT, PEKERJAAN SIPIL STRUCTURE",2020015309,NO_SAP
1557,2020015635,MUHAMAD SUADI,PROPOSED,"PLUMBING / PIPA, ELEKTRIKAL, MEKANIKAL, STRUKTUR BETON / CONCRETE, FAÇADE / ARSITEKTUR, PEKERJAAN SIPIL STRUCTURE",2020015635,NO_SAP
1558,2020012505,MUHAMAD SYARIF,PROPOSED,"STRUKTUR BETON / CONCRETE, PEKERJAAN SIPIL STRUCTURE",2020012505,NO_SAP
1559,2020015854,MUHAMMAD AIDIL,PROPOSED,"EQUIPMENT / RENTAL, CARGO / LOGISTICS TRANSPORT (DARAT, LAUT, UDARA)",2020015854,NO_SAP
1560,2020012461,MUHAMMAD AKIL,PROPOSED,"PEKERJAAN TANAH / EARTHWORKS, BORED PILE / PONDASI, PLUMBING / PIPA, MEKANIKAL, EQUIPMENT / RENTAL, STRUKTUR BETON / CONCRETE, PRECAST / BETON PRACETAK, FAÇADE / ARSITEKTUR, JALAN / PERKERASAN, IT / TELECOM, LOGISTICS / TRANSPORT, BAHAN BANGUNAN, FURNITURE PERMANEN ADM BLDG",2020012461,NO_SAP
1561,2020015527,MUHAMMAD ALFIAN,PROPOSED,EQUIPMENT / RENTAL,2020015527,NO_SAP
1562,2020015853,MUHAMMAD ALI MUNDHOFIR,PROPOSED,"PLUMBING / PIPA, STRUKTUR BETON / CONCRETE, PEKERJAAN SIPIL STRUCTURE",2020015853,NO_SAP
1563,2020015337,MUHAMMAD BAHRUL HANDOKO,PROPOSED,"FAÇADE / ARSITEKTUR, PLUMBING / PIPA, ELEKTRIKAL, MEKANIKAL, STRUKTUR BETON / CONCRETE, LOGISTICS / TRANSPORT, PEKERJAAN SIPIL STRUCTURE",2020015337,NO_SAP
1564,2020014496,MUHAMMAD DZULFIKAR,PROPOSED,FAÇADE / ARSITEKTUR,2020014496,NO_SAP
1565,2020013982,MUHAMMAD FAJARIANTO,PROPOSED,EQUIPMENT / RENTAL,2020013982,NO_SAP
1566,2020010995,MUHAMMAD FURQON,PROPOSED,JALAN / PERKERASAN,2020010995,NO_SAP
1567,2020012788,MUHAMMAD HARIS,PROPOSED,SAFETY / K3,2020012788,NO_SAP
1568,2020014084,MUHAMMAD HUSAIN TAJUDDIN,PROPOSED,EQUIPMENT / RENTAL,2020014084,NO_SAP
1569,2020010872,MUHAMMAD HUSEN YUSUF AM,PROPOSED,FAÇADE / ARSITEKTUR,2020010872,NO_SAP
1570,2020015318,MUHAMMAD IKRAM RIFAI,PROPOSED,EQUIPMENT / RENTAL,2020015318,NO_SAP
1571,2020011680,MUHAMMAD ILHAM DEWANTARA,PROPOSED,"BORED PILE / PONDASI, STEEL / FABRIKASI, PLUMBING / PIPA, EQUIPMENT / RENTAL, STRUKTUR BETON / CONCRETE, FAÇADE / ARSITEKTUR, LANDSCAPING, CARGO / LOGISTICS TRANSPORT (DARAT, LAUT, UDARA), PEKERJAAN SIPIL STRUCTURE, FURNITURE PERMANEN ADM BLDG",2020011680,NO_SAP
1572,2020008492,MUHAMMAD RAIS,PROPOSED,"STRUKTUR BETON / CONCRETE, PEKERJAAN SIPIL STRUCTURE",2020008492,NO_SAP
1573,2020010422,MUHAMMAD RIFAI,PROPOSED,"STRUKTUR BETON / CONCRETE, FAÇADE / ARSITEKTUR, JALAN / PERKERASAN, LOGISTICS / TRANSPORT, BAHAN BANGUNAN, PEKERJAAN SIPIL STRUCTURE",2020010422,NO_SAP
1574,2020016113,MUHAMMAD RIYADI SAPUTERA,PROPOSED,"SAFETY / K3, CARGO / LOGISTICS TRANSPORT (DARAT, LAUT, UDARA)",2020016113,NO_SAP
1575,2020013003,MUHAMMAD RIZKY RAMADHAN,PROPOSED,"BAHAN BANGUNAN, FAÇADE / ARSITEKTUR",2020013003,NO_SAP
1576,2020009842,MUHAMMAD RONDHI,PROPOSED,"FAÇADE / ARSITEKTUR, STRUKTUR BETON / CONCRETE, BAHAN BANGUNAN",2020009842,NO_SAP
1577,2020015427,MUHAMMAD YAKUB,PROPOSED,FAÇADE / ARSITEKTUR,2020015427,NO_SAP
1578,2020012971,MUHAMMAD YUSUF,PROPOSED,"EQUIPMENT / RENTAL, FAÇADE / ARSITEKTUR",2020012971,NO_SAP
1579,2020012985,MUHAMMAD YUSUF,PROPOSED,"BEKISTING / FORMWORK, FAÇADE / ARSITEKTUR, BAHAN BANGUNAN, STRUKTUR BETON / CONCRETE, JALAN / PERKERASAN, SAFETY / K3, PEKERJAAN SIPIL STRUCTURE",2020012985,NO_SAP
1580,2020004004,MUHARDI,PROPOSED,EQUIPMENT / RENTAL,2020004004,NO_SAP
1581,2020012051,MUJ ENERGI INDONESIA,PROPOSED,AGREGAT / BAHAN URUG,2020012051,NO_SAP
1582,2020010121,MUJIYONO,UNRESOLVED,,2020010121,NO_SAP
1583,2020011999,MUJIYONO,PROPOSED,"BAHAN BANGUNAN, BEKISTING / FORMWORK, BORED PILE / PONDASI, AGREGAT / BAHAN URUG, PLUMBING / PIPA, ELEKTRIKAL, MEKANIKAL, STRUKTUR BETON / CONCRETE, FAÇADE / ARSITEKTUR, LANDSCAPING, SAFETY / K3, PEKERJAAN SIPIL STRUCTURE",2020011999,NO_SAP
1584,2020014301,MUJIYONO,PROPOSED,"STEEL / FABRIKASI, ELEKTRIKAL, MEKANIKAL, STRUKTUR BETON / CONCRETE, PRECAST / BETON PRACETAK, FAÇADE / ARSITEKTUR, LANDSCAPING, JALAN / PERKERASAN, PEKERJAAN TANAH / EARTHWORKS, STP (SEWAGE, TREATMENT PLANT) & WTP (WATER TREATMENT PLANT), LOGISTICS / TRANSPORT, BAHAN BANGUNAN, PEKERJAAN SIPIL STRUCTURE, FURNITURE PERMANEN ADM BLDG",2020014301,NO_SAP
1585,2020009441,MUKTI WIJAYA FIBRETECH,PROPOSED,PLUMBING / PIPA,2020009441,NO_SAP
1586,2020014126,MULIAWAN,UNRESOLVED,,2020014126,NO_SAP
1587,2020008659,MULTI ANUGERAH SWADAYA,EXISTING_PRESERVED,Tidak ditemukan kesamaan lingkup pekerjaan,2020008659,
1588,2020013364,MULTI DIMENSI KREASINDO,EXISTING_PRESERVED,"ELEKTRIKAL
Sandwich Panel",2020013364,
1589,2020011071,MULTI GUNA REJEKI,EXISTING_PRESERVED,Semen Tonasa PCC @ 50 Kg,2020011071,
1590,2020015535,MULTI KARYA,EXISTING_PRESERVED,Tidak ditemukan kesamaan lingkup pekerjaan,2020015535,
1591,2020012653,MULTI MAKMUR MANDIRI,EXISTING_PRESERVED,Tidak ditemukan kesamaan lingkup pekerjaan,2020012653,
1592,2020002668,MULTI PHI BETA,PROPOSED,"EQUIPMENT / RENTAL, STRUKTUR BETON / CONCRETE, AGREGAT / BAHAN URUG, BAHAN BANGUNAN, PEKERJAAN SIPIL STRUCTURE",2020002668,NO_SAP
1593,2020012099,MULTI PLATFORM SISTEM,PROPOSED,SAFETY / K3,2020012099,NO_SAP
1594,2020010328,MULTI UTAMA INDOJASA,UNRESOLVED,,2020010328,NO_SAP
1595,2020006262,MULTICONSULT,PROPOSED,"PEKERJAAN TANAH / EARTHWORKS, KONSULTAN PERENCANA",2020006262,NO_SAP
1596,2020006265,MULTIMITRA PIRANTI ACAMEDIANUS,PROPOSED,"IT / TELECOM, FURNITURE PERMANEN ADM BLDG",2020006265,NO_SAP
1597,2020014588,MULTISUKSES WAHANA KARYA,EXISTING_PRESERVED,"ELEKTRIKAL, 
Generator Set/ Genset 500 kVA
Genset
Genset 300 kVA",2020014588,
1598,2020009279,MULTITEKNIK MITRA PERSADA,PROPOSED,"FAÇADE / ARSITEKTUR, STP (SEWAGE, TREATMENT PLANT) & WTP (WATER TREATMENT PLANT), LOGISTICS / TRANSPORT",2020009279,NO_SAP
1599,2020006269,MULYANI,PROPOSED,"BEKISTING / FORMWORK, STRUKTUR BETON / CONCRETE, PEKERJAAN SIPIL STRUCTURE",2020006269,NO_SAP
1600,2020014362,MUNAWALIN NAJA,PROPOSED,"STRUKTUR BETON / CONCRETE, FAÇADE / ARSITEKTUR, BAHAN BANGUNAN, PEKERJAAN SIPIL STRUCTURE",2020014362,NO_SAP
1601,2020010538,MURNI SETYAWAN,PROPOSED,"JALAN / PERKERASAN, BEKISTING / FORMWORK, FAÇADE / ARSITEKTUR, PEKERJAAN TANAH / EARTHWORKS, STRUKTUR BETON / CONCRETE, LOGISTICS / TRANSPORT, PEKERJAAN SIPIL STRUCTURE",2020010538,NO_SAP
1602,2020012692,MURYANTO,PROPOSED,"FAÇADE / ARSITEKTUR, STRUKTUR BETON / CONCRETE, EQUIPMENT / RENTAL, LOGISTICS / TRANSPORT, PEKERJAAN SIPIL STRUCTURE",2020012692,NO_SAP
1603,2020009528,MUSINDO JAYA NUSANTARA,PROPOSED,JALAN / PERKERASAN,2020009528,NO_SAP
1604,2020012417,MUSLIADI,PROPOSED,FAÇADE / ARSITEKTUR,2020012417,NO_SAP
1605,2020012313,MUSLIM,PROPOSED,"PEKERJAAN TANAH / EARTHWORKS, STRUKTUR BETON / CONCRETE, BAHAN BANGUNAN, FAÇADE / ARSITEKTUR, MEKANIKAL, JALAN / PERKERASAN, LANDSCAPING, BORED PILE / PONDASI, LOGISTICS / TRANSPORT, PEKERJAAN SIPIL STRUCTURE",2020012313,NO_SAP
1606,2020013342,MUSLIM ANDRI SETIADI,PROPOSED,"STRUKTUR BETON / CONCRETE, PRECAST / BETON PRACETAK, FAÇADE / ARSITEKTUR, JALAN / PERKERASAN, STP (SEWAGE, TREATMENT PLANT) & WTP (WATER TREATMENT PLANT)",2020013342,NO_SAP
1607,2020016044,MUSTAKIM ARSAD,PROPOSED,"MEKANIKAL, STRUKTUR BETON / CONCRETE, FAÇADE / ARSITEKTUR, BAHAN BANGUNAN, PEKERJAAN SIPIL STRUCTURE",2020016044,NO_SAP
1608,2020010818,MUSTIKA KAHAL,PROPOSED,"MEKANIKAL, STEEL / FABRIKASI, FAÇADE / ARSITEKTUR, TESTING / LABORATORY, LOGISTICS / TRANSPORT",2020010818,NO_SAP
1609,2020002508,MUSTOFA,PROPOSED,"BEKISTING / FORMWORK, BORED PILE / PONDASI, STEEL / FABRIKASI, EQUIPMENT / RENTAL, STRUKTUR BETON / CONCRETE, PRECAST / BETON PRACETAK, LANDSCAPING, JALAN / PERKERASAN, PEKERJAAN TANAH / EARTHWORKS, LOGISTICS / TRANSPORT, PEKERJAAN SIPIL STRUCTURE",2020002508,NO_SAP
1610,2020014563,MUSTOPA,PROPOSED,JALAN / PERKERASAN,2020014563,NO_SAP
1611,2020006285,MUTIARA JASMIN,PROPOSED,"ELEKTRIKAL, LANDSCAPING, SAFETY / K3",2020006285,NO_SAP
1612,2020015096,MUTIARA PRIMA ABADI,EXISTING_PRESERVED,Tidak ditemukan kesamaan lingkup pekerjaan,2020015096,
1613,2020009596,MUTTAQIN BAMBANG PURWANTO ROZA,PROPOSED,JALAN / PERKERASAN,2020009596,NO_SAP
1614,2020006287,MUTUAGUNG LESTARI,PROPOSED,SAFETY / K3,2020006287,NO_SAP
1615,2020014152,NABILAH KARIMAH,PROPOSED,"ELEKTRIKAL, EQUIPMENT / RENTAL, FAÇADE / ARSITEKTUR, SAFETY / K3",2020014152,NO_SAP
1616,2020015782,NAGA SURYA INDAH,EXISTING_PRESERVED,"PEKERJAAN TANAH / EARTHWORKS
Urugan tanah kembali",2020015782,
1617,2020013531,NALURI HIDUP INDONESIA,UNRESOLVED,,2020013531,NO_SAP
1618,2020006297,NANA SUHANA,PROPOSED,"STRUKTUR BETON / CONCRETE, MEKANIKAL, FAÇADE / ARSITEKTUR, BEKISTING / FORMWORK, BAHAN BANGUNAN, BORED PILE / PONDASI, STEEL / FABRIKASI, ELEKTRIKAL, EQUIPMENT / RENTAL, PRECAST / BETON PRACETAK, LANDSCAPING, JALAN / PERKERASAN, PEKERJAAN TANAH / EARTHWORKS, AGREGAT / BAHAN URUG, LOGISTICS / TRANSPORT, PEKERJAAN SIPIL STRUCTURE, FURNITURE PERMANEN ADM BLDG",2020006297,NO_SAP
1619,2020015156,NANA WARSANA,PROPOSED,EQUIPMENT / RENTAL,2020015156,NO_SAP
1620,2020013694,NANDAR GALIRA,PROPOSED,"FAÇADE / ARSITEKTUR, JALAN / PERKERASAN, BAHAN BANGUNAN",2020013694,NO_SAP
1621,2020001068,NARA JAYA ABADI,PROPOSED,"STRUKTUR BETON / CONCRETE, SAFETY / K3, PEKERJAAN SIPIL STRUCTURE",2020001068,NO_SAP
1622,2020010336,NARA JAYA ABADI,PROPOSED,"EQUIPMENT / RENTAL, STRUKTUR BETON / CONCRETE, LOGISTICS / TRANSPORT, PEKERJAAN SIPIL STRUCTURE",2020010336,NO_SAP
1623,2020012191,NARTO,PROPOSED,"BEKISTING / FORMWORK, BORED PILE / PONDASI, PLUMBING / PIPA, STRUKTUR BETON / CONCRETE, PEKERJAAN SIPIL STRUCTURE",2020012191,NO_SAP
1624,2020004056,ADE SUKMANA,PROPOSED,TESTING / LABORATORY,2020004056,NO_SAP
1625,2020010926,NATA ULTIMA ENGGAL,EXISTING_PRESERVED,"ELEKTRIKAL
Pek. Panel System Catu Daya (JK)
Panel Tegangan Rendah Komponen Schneider
Panel Tegangan Menengah Schneider",2020010926,
1626,2020013839,NATASYA HESTI MAULIDNA,UNRESOLVED,,2020013839,NO_SAP
1627,2020013513,NAVICOM INDONESIA,EXISTING_PRESERVED,"IT / TELECOM
Middle / Software Kebencanaan
Server Alarm Kebencanaan",2020013513,
1628,2020012056,NAVITAS INDONESIA,UNRESOLVED,,2020012056,NO_SAP
1629,2020012717,ND GEO BAYASHI,PROPOSED,"STP (SEWAGE, TREATMENT PLANT) & WTP (WATER TREATMENT PLANT)",2020012717,NO_SAP
1630,2020015726,NEBILAZ JAYA ABADI,EXISTING_PRESERVED,"STRUKTUR BETON / CONCRETE
Subkontraktor Struktur, Arsitektur & MEP",2020015726,
1631,2020014416,NI WAYAN KANI,PROPOSED,"BEKISTING / FORMWORK, EQUIPMENT / RENTAL, AGREGAT / BAHAN URUG",2020014416,NO_SAP
1632,2020011817,NIA DENIAWATI,PROPOSED,"EQUIPMENT / RENTAL, FAÇADE / ARSITEKTUR, PEKERJAAN TANAH / EARTHWORKS, PLUMBING / PIPA, ELEKTRIKAL, MEKANIKAL, AGREGAT / BAHAN URUG",2020011817,NO_SAP
1633,2020004114,AGUS,PROPOSED,"STEEL / FABRIKASI, STRUKTUR BETON / CONCRETE, PEKERJAAN SIPIL STRUCTURE",2020004114,NO_SAP
1634,2010000012,NINDYA BETON,PROPOSED,"STRUKTUR BETON / CONCRETE, BAHAN BANGUNAN",2010000012,NO_SAP
1635,2010000004,NINDYA KARYA (PERSERO),PROPOSED,"PLUMBING / PIPA, ELEKTRIKAL, MEKANIKAL, STRUKTUR BETON / CONCRETE, FAÇADE / ARSITEKTUR, PEKERJAAN SIPIL STRUCTURE",2010000004,NO_SAP
1636,2020014476,NINDYASARI MAYARINANTI S.H. M.,PROPOSED,LEGAL / CORPORATE,2020014476,NO_SAP
1637,2020006344,NIRO CERAMIC SALES INDONESIA,PROPOSED,FAÇADE / ARSITEKTUR,2020006344,NO_SAP
1638,2020009500,NITTOC CONSTRUCTION INDONESIA,PROPOSED,LOGISTICS / TRANSPORT,2020009500,NO_SAP
1639,2020012696,NIZAMUDDIN,PROPOSED,"FAÇADE / ARSITEKTUR, PRECAST / BETON PRACETAK, BEKISTING / FORMWORK, STRUKTUR BETON / CONCRETE, PEKERJAAN SIPIL STRUCTURE",2020012696,NO_SAP
1640,2020008139,NOAR GLOBAL MEDIA,EXISTING_PRESERVED,Tidak ditemukan kesamaan lingkup pekerjaan,2020008139,
1641,2020011692,NOBI PUTRA ANGKASA,PROPOSED,"PLUMBING / PIPA, ELEKTRIKAL, MEKANIKAL",2020011692,NO_SAP
1642,2020006348,NOFRIADI FIRDAUS,PROPOSED,"BEKISTING / FORMWORK, BORED PILE / PONDASI, FAÇADE / ARSITEKTUR, STRUKTUR BETON / CONCRETE, PEKERJAAN SIPIL STRUCTURE",2020006348,NO_SAP
1643,2020014415,NOPA LUDIA PASANGKA,PROPOSED,"STRUKTUR BETON / CONCRETE, FAÇADE / ARSITEKTUR, BAHAN BANGUNAN",2020014415,NO_SAP
1644,2020009107,NOTARIS & PPAT SRIYANI BURLIAN,PROPOSED,LEGAL / CORPORATE,2020009107,NO_SAP
1645,2020006351,NOTARIS SRI ISMIYATI,PROPOSED,LEGAL / CORPORATE,2020006351,NO_SAP
1646,2020012094,NOVI SARI YANTI DAMANIK,PROPOSED,"BORED PILE / PONDASI, PRECAST / BETON PRACETAK",2020012094,NO_SAP
1647,2020011865,NOVI SUDRAJAT,PROPOSED,EQUIPMENT / RENTAL,2020011865,NO_SAP
1648,2020006352,NOVUS PRODAMAX SOLUTIONS,EXISTING_PRESERVED,Tidak ditemukan kesamaan lingkup pekerjaan,2020006352,
1649,2020013265,NTO POWER MANDIRI GROUP,EXISTING_PRESERVED,Tidak ditemukan kesamaan lingkup pekerjaan,2020013265,
1650,2020013399,NUANSA ALAM SEMESTA,EXISTING_PRESERVED,Tidak ditemukan kesamaan lingkup pekerjaan,2020013399,
1651,2020014364,NUGRAHA FITRIANSYAH RACHMAT,PROPOSED,"STRUKTUR BETON / CONCRETE, LOGISTICS / TRANSPORT, PEKERJAAN SIPIL STRUCTURE",2020014364,NO_SAP
1652,2020006355,NUGRAHA NIRWANA,PROPOSED,"BAHAN BANGUNAN, FAÇADE / ARSITEKTUR, BEKISTING / FORMWORK, STRUKTUR BETON / CONCRETE, BANGUNAN PENGAIRAN ( BENDUNG, IRIGASI, SUNGAI, PINTU AIR ), PEKERJAAN TANAH / EARTHWORKS, LOGISTICS / TRANSPORT, EQUIPMENT / RENTAL, LANDSCAPING, JALAN / PERKERASAN, AGREGAT / BAHAN URUG, STP (SEWAGE, TREATMENT PLANT) & WTP (WATER TREATMENT PLANT), PEKERJAAN SIPIL STRUCTURE",2020006355,NO_SAP
1653,2020013090,NUNUNG SEKARYATI,PROPOSED,"PEKERJAAN TANAH / EARTHWORKS, FAÇADE / ARSITEKTUR, EQUIPMENT / RENTAL, MEKANIKAL, STRUKTUR BETON / CONCRETE, LANDSCAPING, AGREGAT / BAHAN URUG, LOGISTICS / TRANSPORT, BAHAN BANGUNAN, PEKERJAAN SIPIL STRUCTURE",2020013090,NO_SAP
1654,2020009032,NUR HASIM,PROPOSED,"FAÇADE / ARSITEKTUR, JALAN / PERKERASAN, PLUMBING / PIPA, EQUIPMENT / RENTAL",2020009032,NO_SAP
1655,2020011925,NUR KHALIM,UNRESOLVED,,2020011925,NO_SAP
1656,2020013102,NUR MAIDI,PROPOSED,"FAÇADE / ARSITEKTUR, BEKISTING / FORMWORK, MEKANIKAL, PLUMBING / PIPA, ELEKTRIKAL, STRUKTUR BETON / CONCRETE, JALAN / PERKERASAN, LOGISTICS / TRANSPORT, PEKERJAAN SIPIL STRUCTURE",2020013102,NO_SAP
1657,2020013103,NUR MAIDI,PROPOSED,"FAÇADE / ARSITEKTUR, MEKANIKAL, STRUKTUR BETON / CONCRETE, BORED PILE / PONDASI, PRECAST / BETON PRACETAK, PEKERJAAN SIPIL STRUCTURE, FURNITURE PERMANEN ADM BLDG",2020013103,NO_SAP
1658,2020009336,NUR RIZKY ABADI,EXISTING_PRESERVED,"BEKISTING / FORMWORK, STRUKTUR BETON / CONCRETE
Cor Beton Struktur b-1-1a(RM)
Subkon Bekisting
Upah Cor Beton Struktur b-1-2
Upah Cor Struktur Kelas B-1-4a
Subkon Bekisting Abutment
Subkon Bekisting Pile Cap
Upah Pembesian
Upah Cor Beton (RM)
Upah Beton Struktur Kelas B-1",2020009336,
1659,2020010745,NURADHANINA SIREGAR,PROPOSED,"PLUMBING / PIPA, ELEKTRIKAL, MEKANIKAL",2020010745,NO_SAP
1660,2020014268,NURDIN,PROPOSED,"FAÇADE / ARSITEKTUR, EQUIPMENT / RENTAL, LOGISTICS / TRANSPORT",2020014268,NO_SAP
1661,2020012819,NURDIN SOFAN,PROPOSED,"FAÇADE / ARSITEKTUR, STRUKTUR BETON / CONCRETE, BAHAN BANGUNAN, BEKISTING / FORMWORK, LANDSCAPING, SAFETY / K3, LOGISTICS / TRANSPORT, PEKERJAAN SIPIL STRUCTURE",2020012819,NO_SAP
1662,2020012842,NURDIN SOFAN,PROPOSED,FAÇADE / ARSITEKTUR,2020012842,NO_SAP
1663,2020011966,NUREDIN,PROPOSED,"JALAN / PERKERASAN, EQUIPMENT / RENTAL",2020011966,NO_SAP
1664,2020012426,NURHANISA,PROPOSED,"STRUKTUR BETON / CONCRETE, FAÇADE / ARSITEKTUR, AGREGAT / BAHAN URUG, PEKERJAAN SIPIL STRUCTURE",2020012426,NO_SAP
1665,2020015996,NURMANSAH,PROPOSED,"FAÇADE / ARSITEKTUR, BAHAN BANGUNAN",2020015996,NO_SAP
1666,2020015358,NURMANSYAH,PROPOSED,"PLUMBING / PIPA, ELEKTRIKAL, MEKANIKAL, STRUKTUR BETON / CONCRETE, FAÇADE / ARSITEKTUR, LOGISTICS / TRANSPORT, PEKERJAAN SIPIL STRUCTURE",2020015358,NO_SAP
1667,2020015433,NURSIA SIREGAR,PROPOSED,"STRUKTUR BETON / CONCRETE, FAÇADE / ARSITEKTUR, BAHAN BANGUNAN",2020015433,NO_SAP
1668,2020006370,NURUL HUDA,PROPOSED,"STRUKTUR BETON / CONCRETE, BAHAN BANGUNAN",2020006370,NO_SAP
1669,2020006372,NURWADI,UNRESOLVED,,2020006372,NO_SAP
1670,2020011841,NURWAHIDA,PROPOSED,"EQUIPMENT / RENTAL, SAFETY / K3",2020011841,NO_SAP
1671,2020014467,NURWAHYUDI,PROPOSED,"MEKANIKAL, STRUKTUR BETON / CONCRETE, PEKERJAAN SIPIL STRUCTURE",2020014467,NO_SAP
1672,2020009559,NURYANTO,PROPOSED,"BORED PILE / PONDASI, EQUIPMENT / RENTAL, STRUKTUR BETON / CONCRETE, FAÇADE / ARSITEKTUR, SAFETY / K3, LOGISTICS / TRANSPORT, PEKERJAAN SIPIL STRUCTURE",2020009559,NO_SAP
1673,2020010850,NUSA ANTARA JAYATAMA,UNRESOLVED,,2020010850,NO_SAP
1674,2020008115,NUSA BUANA CIPTA,UNRESOLVED,,2020008115,NO_SAP
1675,2020012853,NUSA CIPTA SARANA,PROPOSED,"TESTING / LABORATORY, BAHAN BANGUNAN",2020012853,NO_SAP
1676,2020011833,NUSA INTI CEMERLANG,EXISTING_PRESERVED,Tidak ditemukan kesamaan lingkup pekerjaan,2020011833,
1677,2020014148,NUSANTARA UNGGUL KONSTRUKSI,EXISTING_PRESERVED,Tidak ditemukan kesamaan lingkup pekerjaan,2020014148,
1678,2020008908,NUVISION INTERNASIONAL INDONES,PROPOSED,FURNITURE PERMANEN ADM BLDG,2020008908,NO_SAP
1679,2020014604,NUZUL INDRA,PROPOSED,"BEKISTING / FORMWORK, BORED PILE / PONDASI, EQUIPMENT / RENTAL, STRUKTUR BETON / CONCRETE, PRECAST / BETON PRACETAK, FAÇADE / ARSITEKTUR, PEKERJAAN TANAH / EARTHWORKS, AGREGAT / BAHAN URUG, LOGISTICS / TRANSPORT, BANGUNAN PENGAIRAN ( BENDUNG, IRIGASI, SUNGAI, PINTU AIR ), PEKERJAAN SIPIL STRUCTURE",2020014604,NO_SAP
1680,2020010991,NYOTO PRIYO UTOMO,UNRESOLVED,,2020010991,NO_SAP
1681,2020014264,OAS INTERO SAMUDERA,EXISTING_PRESERVED,"MEKANIKAL
Heat Pump",2020014264,
1682,2020009042,OE-JAPA UNIPESSOAL LDA,PROPOSED,"BEKISTING / FORMWORK, STEEL / FABRIKASI, ELEKTRIKAL, STRUKTUR BETON / CONCRETE, PRECAST / BETON PRACETAK, FAÇADE / ARSITEKTUR, JALAN / PERKERASAN, AGREGAT / BAHAN URUG, STP (SEWAGE, TREATMENT PLANT) & WTP (WATER TREATMENT PLANT), PEKERJAAN SIPIL STRUCTURE",2020009042,NO_SAP
1683,2020015828,OKI SETIAWAN,PROPOSED,"MEKANIKAL, STRUKTUR BETON / CONCRETE, PRECAST / BETON PRACETAK, FAÇADE / ARSITEKTUR, STP (SEWAGE, TREATMENT PLANT) & WTP (WATER TREATMENT PLANT), BAHAN BANGUNAN, PEKERJAAN SIPIL STRUCTURE",2020015828,NO_SAP
1684,2020013909,OKPRIYADI,PROPOSED,EQUIPMENT / RENTAL,2020013909,NO_SAP
1685,2020006385,OKTARIANA,PROPOSED,"FAÇADE / ARSITEKTUR, BAHAN BANGUNAN",2020006385,NO_SAP
1686,2020014403,OMAR MAHAKAM MANDIRI,EXISTING_PRESERVED,Tidak ditemukan kesamaan lingkup pekerjaan,2020014403,
1687,2020013456,OMG METAH GANJIL,EXISTING_PRESERVED,Tidak ditemukan kesamaan lingkup pekerjaan,2020013456,
1688,2020015721,ONECOCO GLOBAL INDUSTRI,EXISTING_PRESERVED,Tidak ditemukan kesamaan lingkup pekerjaan,2020015721,
1689,2020010400,OPIK HIDAYAT,PROPOSED,"JALAN / PERKERASAN, EQUIPMENT / RENTAL",2020010400,NO_SAP
1690,2020009430,ORI POLYTEC COMPOSITES,EXISTING_PRESERVED,"PLUMBING / PIPA
Pengadaan Pipa GRP Lamination",2020009430,
1691,2020010369,ORIENTAL CONSULTANTS GLOBAL CO,UNRESOLVED,,2020010369,NO_SAP
1692,2020010853,ORKANDA GRUP INDONESIA,PROPOSED,"PLUMBING / PIPA, ELEKTRIKAL, MEKANIKAL",2020010853,NO_SAP
1693,2020013883,OTIELI GULO,PROPOSED,"SAFETY / K3, BAHAN BANGUNAN",2020013883,NO_SAP
1694,2020011505,OTSU PUTRA ANDALAS,PROPOSED,"EQUIPMENT / RENTAL, SAFETY / K3, LOGISTICS / TRANSPORT",2020011505,NO_SAP
1695,2020010997,PADAYO LUKI SEJAHTERA,EXISTING_PRESERVED,Tidak ditemukan kesamaan lingkup pekerjaan,2020010997,
1696,2020008865,PADI HIJAU BUANA,EXISTING_PRESERVED,Tidak ditemukan kesamaan lingkup pekerjaan,2020008865,
1697,2020013482,PAESA PASINDO ENGINEERING,EXISTING_PRESERVED,"BORED PILE / PONDASI, JALAN / PERKERASAN, PEKERJAAN TANAH / EARTHWORKS
Galian Biasa
Galian Batu Lunak
Lapis Pondasi Agregat Kelas B
Lapis Pondasi Agregat Kelas A
Penyiapan Badan Jalan
galian batu
Timbunan Pilihan dari hasil galian
Subkon Timbunan Biasa dari sumber galian",2020013482,
1698,2020014303,PAKU ALAM,EXISTING_PRESERVED,Tidak ditemukan kesamaan lingkup pekerjaan,2020014303,
1699,2020006409,PAKUBUMI SEMESTA,PROPOSED,"STRUKTUR BETON / CONCRETE, BORED PILE / PONDASI, EQUIPMENT / RENTAL, PRECAST / BETON PRACETAK, JALAN / PERKERASAN",2020006409,NO_SAP
1700,2020006411,PALU GADA PONDASI,EXISTING_PRESERVED,"BORED PILE / PONDASI
Subkon Isian Tiang Pancang dia. 812,8 mm
Subkon Isian Tiang Pancang dia. 711,2 mm
Subkon Pemotongan Tiang Pancang",2020006411,
1701,2020015140,PAMBUDI WAHANA SUKSES,EXISTING_PRESERVED,Tidak ditemukan kesamaan lingkup pekerjaan,2020015140,
1702,2020009021,PAMUNGKAS PUTRA PRATAMA,EXISTING_PRESERVED,"Sewa Scaffolding
Scaffolding untuk retaining wall
Scaffolding untuk kolom fasad",2020009021,
1703,2020006416,PANCA ADITAMA,PROPOSED,"SAFETY / K3, TESTING / LABORATORY",2020006416,NO_SAP
1704,2020013415,PANCA KARYA WIJAYA,EXISTING_PRESERVED,"ELEKTRIKAL
Subkon Unit Lampu Penerangan Pedestrian
Lampu Menara Highmast Tinggi 20 M",2020013415,
1705,2020012284,PANCA LINGGA PERKASA,PROPOSED,SAFETY / K3,2020012284,NO_SAP
1706,2020014552,PANCA SAPUTRA,PROPOSED,"PEKERJAAN TANAH / EARTHWORKS, BAHAN BANGUNAN, PLUMBING / PIPA, STRUKTUR BETON / CONCRETE, FAÇADE / ARSITEKTUR, AGREGAT / BAHAN URUG",2020014552,NO_SAP
1707,2020013351,PANCAPUTRI BINABAWANA,EXISTING_PRESERVED,Tidak ditemukan kesamaan lingkup pekerjaan,2020013351,
1708,2020009211,PANCAR KARYA MANDIRI,EXISTING_PRESERVED,"EQUIPMENT / RENTAL
Sewa Alat Excavator
Sewa Alat Vibro
sewa excavator proyek
Sewa Concrete Pump
Sewa Dump Truck 10 m3",2020009211,
1709,2020009022,PANCARAN ENERGI TRANSPORTASI,EXISTING_PRESERVED,"EQUIPMENT / RENTAL
Sewa Excavator PC-200_JK_LS
Sewa Excavator + breaker (JK)
Jasa Sewa Equipment (JK)
Beban Sewa Alat External
Beban Sewa Alat External 2
Sewa Excavator
Jasa Sewa Equipment
Sewa Crane TMC 8T
Sewa Alat External",2020009022,
1710,2020006426,PANDU EQUATOR PRIMA,EXISTING_PRESERVED,Geogrid,2020006426,
1711,2020015806,PANDU GALANG PERKASA,EXISTING_PRESERVED,Tidak ditemukan kesamaan lingkup pekerjaan,2020015806,
1712,2020014611,"PANJI RAMADHAN, S.H., M.KN.",PROPOSED,LEGAL / CORPORATE,2020014611,NO_SAP
1713,2020014253,PANORAMA ROTE MANDIRI,EXISTING_PRESERVED,"LOGISTICS / TRANSPORT
Angkutan Skirting
Mobilisasi Formwork I
Mobilisasi Formwork II
Mobilisasi Winch
Angkutan besi beton+profil",2020014253,
1714,2020015654,PARJO,PROPOSED,FAÇADE / ARSITEKTUR,2020015654,NO_SAP
1715,2020006442,PARSAORAN,PROPOSED,FAÇADE / ARSITEKTUR,2020006442,NO_SAP
1716,2020015434,PARULIAN EKO SUDARMAN LUMBANTO,PROPOSED,LOGISTICS / TRANSPORT,2020015434,NO_SAP
1717,2020009742,PASTO SINAR TEHNIK,EXISTING_PRESERVED,"JALAN / PERKERASAN
Pek. Jalan Akses_JK_M2
Penyediaan Jalan Akses Namtabung",2020009742,
1718,2020006450,PATRA BUANA PUTRA,EXISTING_PRESERVED,Tidak ditemukan kesamaan lingkup pekerjaan,2020006450,
1719,2020002035,PATRA MULIA NUSANTARA,PROPOSED,"BEKISTING / FORMWORK, BORED PILE / PONDASI, STRUKTUR BETON / CONCRETE, FAÇADE / ARSITEKTUR, SAFETY / K3, PEKERJAAN SIPIL STRUCTURE",2020002035,NO_SAP
1720,2020014551,PATRINDA MITRA ABADI,EXISTING_PRESERVED,Tidak ditemukan kesamaan lingkup pekerjaan,2020014551,
1721,2020013711,PATROON ARSINDO,EXISTING_PRESERVED,Tidak ditemukan kesamaan lingkup pekerjaan,2020013711,
1722,2020010671,PATWANTO,PROPOSED,FAÇADE / ARSITEKTUR,2020010671,NO_SAP
1723,2020014447,PAUL PARULIAN MANURUNG,PROPOSED,SAFETY / K3,2020014447,NO_SAP
1724,2020006464,PELANGI INDOKARYA,PROPOSED,"STEEL / FABRIKASI, EQUIPMENT / RENTAL, FAÇADE / ARSITEKTUR, TESTING / LABORATORY",2020006464,NO_SAP
1725,2020014453,PELAYARAN NASIONAL INDONESIA (,PROPOSED,"EQUIPMENT / RENTAL, CARGO / LOGISTICS TRANSPORT (DARAT, LAUT, UDARA)",2020014453,NO_SAP
1726,2020006468,PELITAMAJU MULTISWAKARSA,PROPOSED,"FAÇADE / ARSITEKTUR, STEEL / FABRIKASI, MEKANIKAL, STRUKTUR BETON / CONCRETE, PEKERJAAN SIPIL STRUCTURE",2020006468,NO_SAP
1727,2010000029,PEMBANGUNAN PERUMAHAN (PERSERO,PROPOSED,"PLUMBING / PIPA, ELEKTRIKAL, MEKANIKAL, STRUKTUR BETON / CONCRETE, FAÇADE / ARSITEKTUR, PEKERJAAN SIPIL STRUCTURE",2010000029,NO_SAP
1728,2020001328,PEMERINGKATAN EFEK INDONESIA (,UNRESOLVED,,2020001328,NO_SAP
1729,2020015382,PENDOPO MAKMUR,EXISTING_PRESERVED,Tidak ditemukan kesamaan lingkup pekerjaan,2020015382,
1730,2020015843,PENTA JAYA ABADI,EXISTING_PRESERVED,Tidak ditemukan kesamaan lingkup pekerjaan,2020015843,
1731,2020010733,PENTA REKAYASA,EXISTING_PRESERVED,Tidak ditemukan kesamaan lingkup pekerjaan,2020010733,
1732,2020006474,PEOPLE PRIME CONSULTANT,EXISTING_PRESERVED,Tidak ditemukan kesamaan lingkup pekerjaan,2020006474,
1733,2020002504,PERDANA ADHYA MANUNGGAL,PROPOSED,"PEKERJAAN TANAH / EARTHWORKS, AGREGAT / BAHAN URUG, STP (SEWAGE, TREATMENT PLANT) & WTP (WATER TREATMENT PLANT)",2020002504,NO_SAP
1734,2020006477,PERENTJANA DJAJA,UNRESOLVED,,2020006477,NO_SAP
1735,2020006482,PERINTIS PROTEKSI SEJAHTERA,EXISTING_PRESERVED,Complete cathodic protection (ex work),2020006482,
1736,2020008675,PERINTIS TRANSMISI ASIA,PROPOSED,SAFETY / K3,2020008675,NO_SAP
1737,2020009056,PERKASA KARUNIA TEKNIK,EXISTING_PRESERVED,"ELEKTRIKAL
Pek. Elektrikal 1
Pek. Elektrikal 2
Pek. Cable Tray & Conduit System",2020009056,
1738,2020013262,PERKUMPULAN AHLI KESELAMATAN K,UNRESOLVED,,2020013262,NO_SAP
1739,2020010855,PERKUMPULAN PAKAR UTAMA BANGUN,PROPOSED,BAHAN BANGUNAN,2020010855,NO_SAP
1740,2020006489,PERMATA ANUGERAH ABADI,EXISTING_PRESERVED,Tidak ditemukan kesamaan lingkup pekerjaan,2020006489,
1741,2020011034,PERMATA GUNUNG PUTRA,PROPOSED,"STEEL / FABRIKASI, FAÇADE / ARSITEKTUR",2020011034,NO_SAP
1742,2020013674,PERMATA PERSADA NUGRAHA,EXISTING_PRESERVED,Tidak ditemukan kesamaan lingkup pekerjaan,2020013674,
1743,2020006499,PERSEK PERDATA PRAJA&PARTNERS,PROPOSED,LEGAL / CORPORATE,2020006499,NO_SAP
1744,2020012922,PERSEKUTUAN PERDATA HERDINN CO,UNRESOLVED,,2020012922,NO_SAP
1745,2020013331,"PERTAMINA INTERNATIONAL TIMOR,",PROPOSED,JALAN / PERKERASAN,2020013331,NO_SAP
1746,2020011681,PERTAMINA TRAINING & CONSULTIN,UNRESOLVED,,2020011681,NO_SAP
1747,2020016065,PERY AKBARY RAMBE,PROPOSED,"PLUMBING / PIPA, ELEKTRIKAL, MEKANIKAL, STRUKTUR BETON / CONCRETE, FAÇADE / ARSITEKTUR, PEKERJAAN SIPIL STRUCTURE",2020016065,NO_SAP
1748,2020008840,PESONA MUTIARA BORNEO,EXISTING_PRESERVED,"JALAN / PERKERASAN
Pekerjaan Road",2020008840,
1749,2020015764,PETRO KARYA NUSANTARA,EXISTING_PRESERVED,Tidak ditemukan kesamaan lingkup pekerjaan,2020015764,
1750,2020008658,PETRO UTAMA ENERGI,UNRESOLVED,,2020008658,NO_SAP
1751,2020006509,PETROLIN NIAGA ENERGI,PROPOSED,PEKERJAAN TANAH / EARTHWORKS,2020006509,NO_SAP
1752,2020003440,PETROLINDO ENERGI PERKASA,EXISTING_PRESERVED,"AGREGAT / BAHAN URUG, EQUIPMENT / RENTAL, JALAN / PERKERASAN
Sand/soil excavation and dumping to disp
Penyiapan Badan Jalan
Sewa Bulldozer
Sewa Excavator - Include BBM & UM Operat
Sewa Excavator_JK_UN
Sewa Dump Truck 20 Ton'",2020003440,
1753,2020001153,PETRONESIA BENIMEL,EXISTING_PRESERVED,"JALAN / PERKERASAN, STRUKTUR BETON / CONCRETE
Asphalt Concrete Hotmix (Non Remote)
Pavement Design Report Apr Remote
Pavement Design Report Apr Non Remot
Pavement Design Road Remot Mei
Pavement Design Road Non R Mei
Asphalt Concrete Hot Mix Non Remot Agst
Pavemen Design Road Geo Non Remot Agst
Asphalt Concrete Hot Mix Sept Non Remot
Aspal Concrete Hot Mix Okt 25 Non Remot
Asphalt Concrete - Hot Mix Nov 25
Pavement Design Report For Class Des 25",2020001153,
1754,2020015146,PHANINDO MITRA ABADI,EXISTING_PRESERVED,Tidak ditemukan kesamaan lingkup pekerjaan,2020015146,
1755,2020012805,PHOENIX,PROPOSED,"FAÇADE / ARSITEKTUR, BAHAN BANGUNAN",2020012805,NO_SAP
1756,2020013519,PILAR AFLAHA SEJAHTERA NUSANTA,UNRESOLVED,,2020013519,NO_SAP
1757,2020003831,PILAR EKATAMA,EXISTING_PRESERVED,AC,2020003831,
1758,2020015143,PILAR NUSATAMA,EXISTING_PRESERVED,Tidak ditemukan kesamaan lingkup pekerjaan,2020015143,
1759,2020002086,PILAR UTAMA,PROPOSED,BORED PILE / PONDASI,2020002086,NO_SAP
1760,2020010282,PILAR UTAMA SOLUSINDO,PROPOSED,"IT / TELECOM, FURNITURE PERMANEN ADM BLDG",2020010282,NO_SAP
1761,2020001331,PILE INDONESIA KONSTRUKSI,PROPOSED,TESTING / LABORATORY,2020001331,NO_SAP
1762,2020002977,PIONIRBETON INDUSTRI,PROPOSED,"STRUKTUR BETON / CONCRETE, BAHAN BANGUNAN",2020002977,NO_SAP
1763,2010000034,PLN,PROPOSED,"PLUMBING / PIPA, ELEKTRIKAL, MEKANIKAL, EQUIPMENT / RENTAL",2010000034,NO_SAP
1764,2020008635,PLN (PERSERO),UNRESOLVED,,2020008635,NO_SAP
1765,2020014008,PLN. ELECTRICITY SERVICES,PROPOSED,ELEKTRIKAL,2020014008,NO_SAP
1766,2020006533,POINPLUS CIPTA KREASI,EXISTING_PRESERVED,Tidak ditemukan kesamaan lingkup pekerjaan,2020006533,
1767,2020013422,POLA CAKRA MANDIRI,EXISTING_PRESERVED,Tidak ditemukan kesamaan lingkup pekerjaan,2020013422,
1768,2020015150,POLADA MUTIARA ACEH,EXISTING_PRESERVED,Tidak ditemukan kesamaan lingkup pekerjaan,2020015150,
1769,2020008888,POLARIS KEMILAU ABADI,EXISTING_PRESERVED,"PLUMBING / PIPA
Pasang deck drain",2020008888,
1770,2020008075,POLKA TRANSINDO UTAMA,PROPOSED,"JALAN / PERKERASAN, EQUIPMENT / RENTAL",2020008075,NO_SAP
1771,2020009262,POMEURAH ACINDO,PROPOSED,SAFETY / K3,2020009262,NO_SAP
1772,2020007820,POWER BLOCK INDONESIA,PROPOSED,FAÇADE / ARSITEKTUR,2020007820,NO_SAP
1773,2020012622,PRADANA PERSADA,PROPOSED,"FAÇADE / ARSITEKTUR, ELEKTRIKAL, SAFETY / K3",2020012622,NO_SAP
1774,2020015593,PRAMUDITA MITRA GUNA,EXISTING_PRESERVED,Tidak ditemukan kesamaan lingkup pekerjaan,2020015593,
1775,2020011073,PRASETIYA MULYA ELI,UNRESOLVED,,2020011073,NO_SAP
1776,2020008989,PRATAMA 84 CILEGON,PROPOSED,"EQUIPMENT / RENTAL, BEKISTING / FORMWORK, BORED PILE / PONDASI, STRUKTUR BETON / CONCRETE, PEKERJAAN SIPIL STRUCTURE",2020008989,NO_SAP
1777,2020011832,PRATAMA BETON - SUKSES KARYA K,PROPOSED,"STRUKTUR BETON / CONCRETE, BAHAN BANGUNAN",2020011832,NO_SAP
1778,2020008801,PRATAMA WIDYA ENGINEERING,EXISTING_PRESERVED,"PEKERJAAN TANAH / EARTHWORKS
Soil Invest",2020008801,
1779,2020009660,PREMIER INVESTAMA BERSAMA,EXISTING_PRESERVED,Tidak ditemukan kesamaan lingkup pekerjaan,2020009660,
1780,2020006570,PRIHATIN SANTOSO,PROPOSED,"STRUKTUR BETON / CONCRETE, FAÇADE / ARSITEKTUR, BAHAN BANGUNAN, STEEL / FABRIKASI, MEKANIKAL, BEKISTING / FORMWORK, JALAN / PERKERASAN, BORED PILE / PONDASI, EQUIPMENT / RENTAL, PEKERJAAN TANAH / EARTHWORKS, FURNITURE PERMANEN ADM BLDG, LANDSCAPING, PRECAST / BETON PRACETAK, ELEKTRIKAL, AGREGAT / BAHAN URUG, STP (SEWAGE, TREATMENT PLANT) & WTP (WATER TREATMENT PLANT), SAFETY / K3, LOGISTICS / TRANSPORT, PEKERJAAN SIPIL STRUCTURE",2020006570,NO_SAP
1781,2020012839,PRIMA ARTISTIKA GRAHA,EXISTING_PRESERVED,"BAHAN BANGUNAN, ELEKTRIKAL, FAÇADE / ARSITEKTUR, JALAN / PERKERASAN, STEEL / FABRIKASI, STRUKTUR BETON / CONCRETE
Pek. Cladding (JK)
Pek. Plafon Metal (JK)
Pek. Struktur Baja_JK_LS
Pekerjaa Sandwich Panel
Pemasangan 1 m2 Langit-Langit (Plafon) U
Pekerjaan Plafond UPVC include List
Pemasangan Rangka Hollow Galvanis Plafon
Pekerjaan Nok/Bubung Genteng Aspal/Bitum
Pemasangan Kolom Hollow Galvanis untuk A
Pekerjaan rangka atap baja ringan
Pekerjaan Nok Atap UPVC
Pekerjaan Atap Pelana Rangka Atap Baja R
Pekerjaan Atap UPVC Semi Transparan
Pekerjaan Atap UPVC
Pekerjaan Atap Aspal/Bitumen",2020012839,
1782,2020014136,PRIMA BETON CAKRAWALA,EXISTING_PRESERVED,Tidak ditemukan kesamaan lingkup pekerjaan,2020014136,
1783,2020013223,PRIMA DEWA KREASI,EXISTING_PRESERVED,Tidak ditemukan kesamaan lingkup pekerjaan,2020013223,
1784,2020006576,PRIMA INDAH LESTARI,EXISTING_PRESERVED,"ELEKTRIKAL
Power and Control Cables
Kabel Feeder Extrana",2020006576,
1785,2020009077,PRIMA INTEGRASI SOLUSINDO,PROPOSED,FURNITURE PERMANEN ADM BLDG,2020009077,NO_SAP
1786,2020012252,PRIMA KARYA PONDASI,PROPOSED,"BORED PILE / PONDASI, PRECAST / BETON PRACETAK",2020012252,NO_SAP
1787,2020015377,PRIMA LINTAS ABADI,EXISTING_PRESERVED,Tidak ditemukan kesamaan lingkup pekerjaan,2020015377,
1788,2020011924,PRIMA MANDIRI SAKTI,PROPOSED,SAFETY / K3,2020011924,NO_SAP
1789,2020003454,PRIMA MANDIRI SUKSES,PROPOSED,"EQUIPMENT / RENTAL, STRUKTUR BETON / CONCRETE",2020003454,NO_SAP
1790,2020013705,PRIMA MITRA TEKNOLOGI ENERGI,EXISTING_PRESERVED,"ELEKTRIKAL
Panel TM (MVPD)
Panel Tegangan Menengah Schneider",2020013705,
1791,2020013166,PRIMA SAFTINDO ELEKTRIKA,EXISTING_PRESERVED,Tidak ditemukan kesamaan lingkup pekerjaan,2020013166,
1792,2020006584,PRIMA SEJATI MAKMUR,PROPOSED,FAÇADE / ARSITEKTUR,2020006584,NO_SAP
1793,2020011785,PRIMA SHINA CAHAYA,PROPOSED,FAÇADE / ARSITEKTUR,2020011785,NO_SAP
1794,2020015742,PRIMA SHINA CAHAYA,EXISTING_PRESERVED,Tidak ditemukan kesamaan lingkup pekerjaan,2020015742,
1795,2020010552,PRIMASTAR MANDIRI,EXISTING_PRESERVED,Tidak ditemukan kesamaan lingkup pekerjaan,2020010552,
1796,2020009472,PRIYADI & CO.,EXISTING_PRESERVED,"LEGAL / CORPORATE
th1 Konsultan Dugn tipikor JTTS Bintang",2020009472,
1797,2020001177,PRIYO,PROPOSED,"FAÇADE / ARSITEKTUR, STRUKTUR BETON / CONCRETE, BEKISTING / FORMWORK, MEKANIKAL, BAHAN BANGUNAN, PLUMBING / PIPA, ELEKTRIKAL, LOGISTICS / TRANSPORT, PEKERJAAN SIPIL STRUCTURE",2020001177,NO_SAP
1798,2020006607,PROXSIS SOLUSI BISNIS,EXISTING_PRESERVED,"LEGAL / CORPORATE
Konsultan Stress tes & Contingency plan",2020006607,
1799,2020004084,PT ADIWARNA ANUGERAH ABADI,PROPOSED,"PLUMBING / PIPA, ELEKTRIKAL, MEKANIKAL, SAFETY / K3",2020004084,NO_SAP
1800,2020013843,PT AGAF GLOBAL KREASINDO,UNRESOLVED,,2020013843,NO_SAP
1801,2020012238,PT AKSARA JUARA NUSANTARA,UNRESOLVED,,2020012238,NO_SAP
1802,2020013593,PT ANK INTI SOLUTION,EXISTING_PRESERVED,"STEEL / FABRIKASI
Upah Pasang Plate Stainless 2,20x2,20 m'",2020013593,
1803,2020011983,PT ANUGERAH PRAMITA LESTARI,PROPOSED,"EQUIPMENT / RENTAL, LANDSCAPING",2020011983,NO_SAP
1804,2020011730,PT ANUGRAH NUSA ABADI,PROPOSED,"EQUIPMENT / RENTAL, LOGISTICS / TRANSPORT",2020011730,NO_SAP
1805,2020011328,PT ARGHANIAGA PANCATUNGGAL,UNRESOLVED,,2020011328,NO_SAP
1806,2020012687,PT ARLINE PRIMA MANDIRI,EXISTING_PRESERVED,"MEKANIKAL
Pompa Plumbing",2020012687,
1807,2020010111,PT ATLAS JAYA KONSTRUKSI,EXISTING_PRESERVED,"FAÇADE / ARSITEKTUR
Ug Bitum. Painting T= 250 Um",2020010111,
1808,2020004403,PT AXIA TEKINDO SEMESTA,PROPOSED,"PLUMBING / PIPA, FAÇADE / ARSITEKTUR",2020004403,NO_SAP
1809,2020011512,PT BASUKI RAHMANTA PUTRA,PROPOSED,PEKERJAAN TANAH / EARTHWORKS,2020011512,NO_SAP
1810,2020011330,PT BERKAT JAYA KONSTRUKSI,PROPOSED,AGREGAT / BAHAN URUG,2020011330,NO_SAP
1811,2020010502,PT BHASKORO SUKSES TRANSPORTIR,PROPOSED,"LOGISTICS / TRANSPORT, STRUKTUR BETON / CONCRETE, EQUIPMENT / RENTAL, PRECAST / BETON PRACETAK, BAHAN BANGUNAN",2020010502,NO_SAP
1812,2020015574,PT BIA BUMI JAYENDRA,EXISTING_PRESERVED,Beton Readymix K.225,2020015574,
1813,2020011786,"PT BINA MITRA INDOSEJAHTERA, R",PROPOSED,"AGREGAT / BAHAN URUG, PEKERJAAN TANAH / EARTHWORKS, ELEKTRIKAL, SAFETY / K3, TESTING / LABORATORY, MEKANIKAL, STRUKTUR BETON / CONCRETE",2020011786,NO_SAP
1814,2020004545,PT BINAMAN UTAMA,UNRESOLVED,,2020004545,NO_SAP
1815,2020015776,PT BIRU MAKMUR ABADI,EXISTING_PRESERVED,Tidak ditemukan kesamaan lingkup pekerjaan,2020015776,
1816,2020015289,PT BRINGIN SEJAHTERA MAKMUR PI,UNRESOLVED,,2020015289,NO_SAP
1817,2020015945,PT BROTO JAYA KONSTRUKSI,EXISTING_PRESERVED,Tidak ditemukan kesamaan lingkup pekerjaan,2020015945,
1818,2020009764,PT BUANA MULTINDO PRATAMA,PROPOSED,"LANDSCAPING, JALAN / PERKERASAN, PEKERJAAN TANAH / EARTHWORKS",2020009764,NO_SAP
1819,2020004624,PT BUNGA RAYA LESTARI,EXISTING_PRESERVED,"JALAN / PERKERASAN, PEKERJAAN TANAH / EARTHWORKS
Galian Biasa
Galian Batu Lunak
Penyiapan Badan Jalan
galian batu",2020004624,
1820,2020004644,PT CAHAYA LESTARI PERMAI ABADI,PROPOSED,FAÇADE / ARSITEKTUR,2020004644,NO_SAP
1821,2020004714,PT CIPTA AMANAH,PROPOSED,SAFETY / K3,2020004714,NO_SAP
1822,2020004747,PT CISANGKAN,PROPOSED,BAHAN BANGUNAN,2020004747,NO_SAP
1823,2020004767,PT CITRA PERSADA MAS,PROPOSED,PRECAST / BETON PRACETAK,2020004767,NO_SAP
1824,2020004769,PT CITRA PRATAMA WIRASENTOSA,PROPOSED,SAFETY / K3,2020004769,NO_SAP
1825,2020012515,PT CITY- AD EXPO INDONESIA,EXISTING_PRESERVED,Tidak ditemukan kesamaan lingkup pekerjaan,2020012515,
1826,2020004808,PT DATATEL INTER NUSA,PROPOSED,"IT / TELECOM, PLUMBING / PIPA, ELEKTRIKAL, MEKANIKAL, FURNITURE PERMANEN ADM BLDG",2020004808,NO_SAP
1827,2020012277,PT DELTA SYSTECH INDONESIA,EXISTING_PRESERVED,Tidak ditemukan kesamaan lingkup pekerjaan,2020012277,
1828,2020014409,PT DHARMA BUANA KARYA,EXISTING_PRESERVED,"AGREGAT / BAHAN URUG
Agregat Klas A",2020014409,
1829,2020009220,PT DUNGO REKSA,PROPOSED,"FAÇADE / ARSITEKTUR, BEKISTING / FORMWORK, PLUMBING / PIPA, ELEKTRIKAL, MEKANIKAL, STRUKTUR BETON / CONCRETE, PEKERJAAN SIPIL STRUCTURE",2020009220,NO_SAP
1830,2020009656,PT DUTA LAKSANA SATYA,PROPOSED,PEKERJAAN TANAH / EARTHWORKS,2020009656,NO_SAP
1831,2020011869,PT ERAWAN PRAKARSA UTAMA,PROPOSED,FURNITURE PERMANEN ADM BLDG,2020011869,NO_SAP
1832,2020011333,PT FORTUNA ANEKA SARANA T,PROPOSED,BAHAN BANGUNAN,2020011333,NO_SAP
1833,2020008260,PT G TECH STEEL CONSTRUCTION I,PROPOSED,"EQUIPMENT / RENTAL, BAHAN BANGUNAN",2020008260,NO_SAP
1834,2020015679,PT GARIS IDEA MAS SEJAHTERA72.,PROPOSED,"FAÇADE / ARSITEKTUR, STEEL / FABRIKASI, ELEKTRIKAL, MEKANIKAL, STRUKTUR BETON / CONCRETE, BAHAN BANGUNAN",2020015679,NO_SAP
1835,2020011994,PT GENERAL TECHNOLOGY INDONESI,PROPOSED,TESTING / LABORATORY,2020011994,NO_SAP
1836,2020005207,PT GEOFORCE INDONESIA,UNRESOLVED,,2020005207,NO_SAP
1837,2020010925,PT GEOLEXA ACUAN SEJAHTERA,EXISTING_PRESERVED,Tidak ditemukan kesamaan lingkup pekerjaan,2020010925,
1838,2020009960,PT GEOTECHNICAL SYSTEMINDO,PROPOSED,SAFETY / K3,2020009960,NO_SAP
1839,2020011654,PT GORONTALO JAYA PERKASA,PROPOSED,FAÇADE / ARSITEKTUR,2020011654,NO_SAP
1840,2020015749,PT GREENLAB INDO GLOBAL,EXISTING_PRESERVED,Tidak ditemukan kesamaan lingkup pekerjaan,2020015749,
1841,2020015940,PT HAFIZH PUTRA PERKASA,EXISTING_PRESERVED,Tidak ditemukan kesamaan lingkup pekerjaan,2020015940,
1842,2010000021,PT HAKA PURINDO,PROPOSED,"EQUIPMENT / RENTAL, LOGISTICS / TRANSPORT",2010000021,NO_SAP
1843,2020013437,PT HAMASA IPARNA MANDIRI,PROPOSED,FURNITURE PERMANEN ADM BLDG,2020013437,NO_SAP
1844,2020005372,PT HEISZCO ATARASINDO,PROPOSED,FAÇADE / ARSITEKTUR,2020005372,NO_SAP
1845,2020013939,PT IMUHA KUATJAYA,EXISTING_PRESERVED,Tidak ditemukan kesamaan lingkup pekerjaan,2020013939,
1846,2020005477,PT INDOINTERNET,PROPOSED,"EQUIPMENT / RENTAL, IT / TELECOM, FURNITURE PERMANEN ADM BLDG",2020005477,NO_SAP
1847,2020015894,PT INDOJAYA TRANS SAMUDRA,EXISTING_PRESERVED,Tidak ditemukan kesamaan lingkup pekerjaan,2020015894,
1848,2020005478,PT INDOKERAMIKATAMA PERKASA,PROPOSED,"FAÇADE / ARSITEKTUR, BAHAN BANGUNAN, FURNITURE PERMANEN ADM BLDG, STEEL / FABRIKASI",2020005478,NO_SAP
1849,2020009473,PT JAEP JASAJAYA PARAMA (JJP C,PROPOSED,LEGAL / CORPORATE,2020009473,NO_SAP
1850,2020005617,PT JAYA ANUGERAH UTAMA,PROPOSED,"JALAN / PERKERASAN, BEKISTING / FORMWORK, PLUMBING / PIPA, STRUKTUR BETON / CONCRETE, FAÇADE / ARSITEKTUR, PEKERJAAN SIPIL STRUCTURE",2020005617,NO_SAP
1851,2020015886,PT JAYA BETON INDONESIA,EXISTING_PRESERVED,Tidak ditemukan kesamaan lingkup pekerjaan,2020015886,
1852,2020013151,PT JUSTIKA SOLUSI INDONESIA,EXISTING_PRESERVED,Tidak ditemukan kesamaan lingkup pekerjaan,2020013151,
1853,2020011777,PT JUSTITIA GLOBAL MANDIRI,UNRESOLVED,,2020011777,NO_SAP
1854,2020005679,PT KADI INTERNATIONAL,EXISTING_PRESERVED,Tidak ditemukan kesamaan lingkup pekerjaan,2020005679,
1855,2020015685,PT KARYA BANGSA KITA,EXISTING_PRESERVED,Tidak ditemukan kesamaan lingkup pekerjaan,2020015685,
1856,2020014527,PT KARYA SUMBER ALAM,EXISTING_PRESERVED,Tidak ditemukan kesamaan lingkup pekerjaan,2020014527,
1857,2020009191,PT KIMIA FARMA DIAGNOSTIKA,UNRESOLVED,,2020009191,NO_SAP
1858,2020013961,PT KRIS PRIMA JAYA,EXISTING_PRESERVED,"PLUMBING / PIPA
Upah Pipa Perforated 6""",2020013961,
1859,2020012290,PT KWARTAPUTRA SENTRA SINDO,UNRESOLVED,,2020012290,NO_SAP
1860,2020012355,PT KWARTAPUTRA SENTRA SINDO,UNRESOLVED,,2020012355,NO_SAP
1861,2020011383,PT LAMBATORANG ABADI JAYA,PROPOSED,"EQUIPMENT / RENTAL, JALAN / PERKERASAN, PEKERJAAN TANAH / EARTHWORKS, AGREGAT / BAHAN URUG, LOGISTICS / TRANSPORT",2020011383,NO_SAP
1862,2020005907,PT LENTERA ELOK DINAMIKA,PROPOSED,"ELEKTRIKAL, PLUMBING / PIPA, MEKANIKAL, STRUKTUR BETON / CONCRETE, FAÇADE / ARSITEKTUR, PEKERJAAN SIPIL STRUCTURE",2020005907,NO_SAP
1863,2020015186,PT LETUPA TEKNIK BERKAH,EXISTING_PRESERVED,Tidak ditemukan kesamaan lingkup pekerjaan,2020015186,
1864,2020011862,PT MARSELA CAHYA BERKAH,PROPOSED,JALAN / PERKERASAN,2020011862,NO_SAP
1865,2020009661,PT MAXINDO ENERGITAMA,EXISTING_PRESERVED,Tidak ditemukan kesamaan lingkup pekerjaan,2020009661,
1866,2020006078,PT MEGAH AGUNG PERSADA,PROPOSED,FAÇADE / ARSITEKTUR,2020006078,NO_SAP
1867,2020006079,PT MEGAH AGUNG SARANA,PROPOSED,FAÇADE / ARSITEKTUR,2020006079,NO_SAP
1868,2020006098,PT MERAK BETON PERKASA,PROPOSED,"STRUKTUR BETON / CONCRETE, BAHAN BANGUNAN",2020006098,NO_SAP
1869,2020006099,PT MERAK JAYA PRATAMA,PROPOSED,"STRUKTUR BETON / CONCRETE, BAHAN BANGUNAN",2020006099,NO_SAP
1870,2020013613,PT MERCATORIA JASATAMA,EXISTING_PRESERVED,Tidak ditemukan kesamaan lingkup pekerjaan,2020013613,
1871,2020006110,PT METALINDO ESTETIKA DIMENSI,PROPOSED,FAÇADE / ARSITEKTUR,2020006110,NO_SAP
1872,2020011657,PT MUARA MITRA MAKMUR,EXISTING_PRESERVED,"BAHAN BANGUNAN, Kesamaan lingkup
Pasir Urug
Material Bantu
Bata Merah/ Batu Bata
Bata Ringan Uk. 600x200x100 mm
Batako
Paving Block
Pasir Pasang
Pasir Beton
Thin Bed / Perekat Bata
Paving Conblock 8cm (UN)
Bata merah 15cm",2020011657,
1873,2020006258,PT MULTI UTAMA INDOJASA,PROPOSED,LEGAL / CORPORATE,2020006258,NO_SAP
1874,2020009247,PT MUTU ERA JAYA,PROPOSED,SAFETY / K3,2020009247,NO_SAP
1875,2020015510,PT ORIGAMI INDONESIA INDAH,EXISTING_PRESERVED,Tidak ditemukan kesamaan lingkup pekerjaan,2020015510,
1876,2020011938,PT OZAMI INTI SINERGI,PROPOSED,FURNITURE PERMANEN ADM BLDG,2020011938,NO_SAP
1877,2020009846,PT PANDU PERSADA,PROPOSED,KONSULTAN PERENCANA,2020009846,NO_SAP
1878,2020013891,PT PENDEKAR PANTANG MENYERAH,EXISTING_PRESERVED,Tidak ditemukan kesamaan lingkup pekerjaan,2020013891,
1879,2020008182,PT PENGSULINDO,PROPOSED,ELEKTRIKAL,2020008182,NO_SAP
1880,2020013737,PT PERDANA TEKNOLOGI PERSADA,EXISTING_PRESERVED,Tidak ditemukan kesamaan lingkup pekerjaan,2020013737,
1881,2020008275,PT PESONA TRI MITRA,PROPOSED,"PLUMBING / PIPA, ELEKTRIKAL, MEKANIKAL",2020008275,NO_SAP
1882,2020013302,PT PIJAR EDUKASI TEKNOLOGI,EXISTING_PRESERVED,Tidak ditemukan kesamaan lingkup pekerjaan,2020013302,
1883,2010000035,PT PLN PERSERO JAS III,PROPOSED,FAÇADE / ARSITEKTUR,2010000035,NO_SAP
1884,2020009881,PT POMELO SUKSES JAYA,EXISTING_PRESERVED,Tidak ditemukan kesamaan lingkup pekerjaan,2020009881,
1885,2020012493,PT PRATAMA SATYA TUNGGAL,PROPOSED,"FAÇADE / ARSITEKTUR, FURNITURE PERMANEN ADM BLDG",2020012493,NO_SAP
1886,2020006563,PT PRATAMA SOLUSI ARMINDO,EXISTING_PRESERVED,Tidak ditemukan kesamaan lingkup pekerjaan,2020006563,
1887,2020010233,PT PRATAMA WIDYA TBK,EXISTING_PRESERVED,"BORED PILE / PONDASI, Kesamaan lingkup, PEKERJAAN TANAH / EARTHWORKS
Bobokan pancang sisa pemancangan
Handling tiang pancang
Pek. PDA Test_JK_TTK
Mob/demob+HSE Pek.Bore Pile+APD+MCU
Pondasi Bore Pile dia.1200 mm, L=10 M'
Langsir & handling besi Bore Pile dia.12
Cor beton Bore Pile dia.1200 mm
Buang tanah Bore Pile dia.1200 mm",2020010233,
1888,2020006568,PT PRAYOGA BINTANG PERDANA,PROPOSED,LANDSCAPING,2020006568,NO_SAP
1889,2020007922,PT PRIMASTAR MANDIRI,PROPOSED,FAÇADE / ARSITEKTUR,2020007922,NO_SAP
1890,2020009593,PT RASYA UTAMA,PROPOSED,"EQUIPMENT / RENTAL, AGREGAT / BAHAN URUG, BAHAN BANGUNAN",2020009593,NO_SAP
1891,2020012019,PT RAVINDO BAHARI PERSADA,PROPOSED,"CARGO / LOGISTICS TRANSPORT (DARAT, LAUT, UDARA), PRECAST / BETON PRACETAK, STRUKTUR BETON / CONCRETE, LOGISTICS / TRANSPORT",2020012019,NO_SAP
1892,2020006698,PT REFALIA NURUL UTAMA,PROPOSED,"BAHAN BANGUNAN, FAÇADE / ARSITEKTUR",2020006698,NO_SAP
1893,2020006704,PT REKAYASA GEOTEKNIK INDONESI,UNRESOLVED,,2020006704,NO_SAP
1894,2020008951,PT REZKY ENERGI ABADI,EXISTING_PRESERVED,Tidak ditemukan kesamaan lingkup pekerjaan,2020008951,
1895,2020015561,PT RIADIMIX,EXISTING_PRESERVED,"EQUIPMENT / RENTAL, 
Mob/demob.Excavator
Sewa Bulldozer (incl. operator & solar)
Sewa Excavator - Include BBM & UM Opera",2020015561,
1896,2020015504,PT SAHABAT PARTS INDONESIA,EXISTING_PRESERVED,Tidak ditemukan kesamaan lingkup pekerjaan,2020015504,
1897,2020009959,PT SAMABAYU MANDALA,PROPOSED,"PLUMBING / PIPA, ELEKTRIKAL, MEKANIKAL",2020009959,NO_SAP
1898,2020014652,PT SANITRA SAPTA UTAMA,EXISTING_PRESERVED,Tidak ditemukan kesamaan lingkup pekerjaan,2020014652,
1899,2020012630,PT SARANARAYA REKACIPTA,PROPOSED,JALAN / PERKERASAN,2020012630,NO_SAP
1900,2020006951,PT SEKASA INTI PERKASA,PROPOSED,"STRUKTUR BETON / CONCRETE, BAHAN BANGUNAN",2020006951,NO_SAP
1901,2010000038,PT SEMEN INDONESIA LOGISTIK,PROPOSED,"STEEL / FABRIKASI, PLUMBING / PIPA, MEKANIKAL, EQUIPMENT / RENTAL, BAHAN BANGUNAN",2010000038,NO_SAP
1902,2020010438,PT SGS INDONESIA,PROPOSED,SAFETY / K3,2020010438,NO_SAP
1903,2020012768,PT SIGEAON INDAH MANDIRI,EXISTING_PRESERVED,Tidak ditemukan kesamaan lingkup pekerjaan,2020012768,
1904,2020007033,PT SINAR MUSTIKA ENERGI TEKNOL,PROPOSED,TESTING / LABORATORY,2020007033,NO_SAP
1905,2020012921,PT SOLUSI KONVERGEN INDONESIA,PROPOSED,FURNITURE PERMANEN ADM BLDG,2020012921,NO_SAP
1906,2020008290,PT SUMAPUTRA PERKASA ABADI,PROPOSED,FAÇADE / ARSITEKTUR,2020008290,NO_SAP
1907,2020013205,PT SUMBERDAYA SINARBARU,EXISTING_PRESERVED,"ELEKTRIKAL
Cable c/w Accessories",2020013205,
1908,2020007207,PT SURGA TINTA,PROPOSED,"EQUIPMENT / RENTAL, FURNITURE PERMANEN ADM BLDG",2020007207,NO_SAP
1909,2020015542,PT SURYA KARYA SETIABUDI,EXISTING_PRESERVED,"STRUKTUR BETON / CONCRETE
Beton Readymix Fc 10 12±2 FA 15%
Beton Readymix Fc 30 12±2 FA 15%
Beton Readymix Fc 35 12±2 FA 15%",2020015542,
1910,2020014460,PT TARA ANUGRAH LUAS,EXISTING_PRESERVED,Tidak ditemukan kesamaan lingkup pekerjaan,2020014460,
1911,2020013356,PT TINARI SOLUSI MANDIRI,EXISTING_PRESERVED,Tidak ditemukan kesamaan lingkup pekerjaan,2020013356,
1912,2020007373,PT TKE ELEVATOR INDONESIA,PROPOSED,MEKANIKAL,2020007373,NO_SAP
1913,2020007433,PT TOKYO KEISO INDONESIA,PROPOSED,"PLUMBING / PIPA, ELEKTRIKAL, MEKANIKAL",2020007433,NO_SAP
1914,2020007527,PT TUNGGAL DAYA AMT,PROPOSED,LOGISTICS / TRANSPORT,2020007527,NO_SAP
1915,2020008294,PT TUV RHEINLAND INDONESIA,EXISTING_PRESERVED,Tidak ditemukan kesamaan lingkup pekerjaan,2020008294,
1916,2020007574,PT VANCO MAS SEJAHTERA,PROPOSED,MEKANIKAL,2020007574,NO_SAP
1917,2020015546,PT VAVA ENVIRO UTAMA,EXISTING_PRESERVED,Tidak ditemukan kesamaan lingkup pekerjaan,2020015546,
1918,2020012681,PT WARNA SURYA KEMILAU,EXISTING_PRESERVED,"FAÇADE / ARSITEKTUR
Pek. Pengecatan Plafond interior
Pengikisan/Pengerokan 1 m2 Permukaan Cat",2020012681,
1919,2020009675,PT WASKITA KARYA INFRASTRUKTUR,EXISTING_PRESERVED,"EQUIPMENT / RENTAL, STRUKTUR BETON / CONCRETE
Sewa Concrete Paver
Sewa Wheel Loader",2020009675,
1920,2020011341,PT WIJAYA KARYA BETON,PROPOSED,"STRUKTUR BETON / CONCRETE, BAHAN BANGUNAN",2020011341,NO_SAP
1921,2020011982,PT. ADHYA GRAHA KENCANA,EXISTING_PRESERVED,Tidak ditemukan kesamaan lingkup pekerjaan,2020011982,
1922,2020014105,PT. ADYATMA BERKAH LESTARI,PROPOSED,"SAFETY / K3, MEKANIKAL, PLUMBING / PIPA, STRUKTUR BETON / CONCRETE, FAÇADE / ARSITEKTUR, BAHAN BANGUNAN",2020014105,NO_SAP
1923,2020014106,PT. ADYATMA BERKAH LESTARI,EXISTING_PRESERVED,Tidak ditemukan kesamaan lingkup pekerjaan,2020014106,
1924,2020004109,PT. AGUNG PRAKARSA METALINDO,EXISTING_PRESERVED,"PLUMBING / PIPA, STEEL / FABRIKASI
Baja Profil (Steel Structure)
Remaining M2 Piping (Non Pipe)
Pekerjaan Rangka Atap Baja Skylight
Pekerjaan Rangka Baja Dome canopy (cover
Pekerjaan Pergola Baja
Pengiriman Material Steel Structure",2020004109,
1925,2020015074,PT. ALCO LANGIT SEMESTA,EXISTING_PRESERVED,"FAÇADE / ARSITEKTUR
Pek. Plafon Metal (JK)",2020015074,
1926,2020014254,PT. ALTA AGUNG TEKNIK,PROPOSED,SAFETY / K3,2020014254,NO_SAP
1927,2020014263,PT. ALTA AGUNG TEKNIK,EXISTING_PRESERVED,"EQUIPMENT / RENTAL, MEKANIKAL
Instalasi Equipment - 1
Instalasi Equipment - 2
Crane 50 Ton
Instalasi Equipment Tahap 3
Instalasi Equipment Tahap 4
Instalasi Equipment Tahap 6
Instalasi Equipment Tahap 7
Pek. Instalasi Equipment Mekanikal",2020014263,
1928,2020009939,PT. ANUGERAH FONDASI INDONESIA,PROPOSED,"TESTING / LABORATORY, LOGISTICS / TRANSPORT",2020009939,NO_SAP
1929,2020013080,PT. ARDHANI KARYA MANDIRI,PROPOSED,"AGREGAT / BAHAN URUG, PRECAST / BETON PRACETAK, BAHAN BANGUNAN",2020013080,NO_SAP
1930,2020012253,PT. ARTAMAS PRIMA NUSANTARA,PROPOSED,"EQUIPMENT / RENTAL, STRUKTUR BETON / CONCRETE, PRECAST / BETON PRACETAK, LOGISTICS / TRANSPORT",2020012253,NO_SAP
1931,2020010477,PT. ASCO PANCA MITRA,EXISTING_PRESERVED,"BAHAN BANGUNAN
Jendela Aluminium area BOP
Jendela Aluminium Louvre TT-03
Jendela Aluminium Louvre TT-04
Jendela Aluminium Louvre TT-05
Jendela Aluminium Louvre TT-06
Jendela Aluminium Louvre TT-08
Jendela Aluminium Louvre TT-09
Jendela Aluminium dan Louvre area BOP
Jendela Aluminium Louvre Gallery-06A
Aluminium Window, w/ Glass-Thk.6mm
Pekerjaan Aluminium Lovered EDG Building
Pekerjaan Aluminium Windows Louver BC 08
Pekerjaan Aluminium Sliding Windows
Pekerjaan Aluminium Windows Louver
Pekerjaan Aluminium Area CHS CCB
Pekerjaan Aluminium WTP, Workshop
Pekerjaan Aluminium Area EDG Building",2020010477,
1932,2020006871,CV SANTOSO TANDHANG,PROPOSED,"EQUIPMENT / RENTAL, JALAN / PERKERASAN, STRUKTUR BETON / CONCRETE, PEKERJAAN TANAH / EARTHWORKS, LOGISTICS / TRANSPORT",2020006871,NO_SAP
1933,2020012015,PT. BAHTERA CIPTA ANUGRAH,EXISTING_PRESERVED,"STEEL / FABRIKASI, STRUKTUR BETON / CONCRETE
Baja Profil (Steel Structure)
Steel Structure Work BCA 1
Steel Structure Work
Partition Plate Erection
Steel Structure Work BCA 2
Pekerjaan Chipping, Plate 20 mm x 15 mm",2020012015,
1934,2020013216,PT. BAHTERA SAMUDRA NUSANTARA,PROPOSED,"BAHAN BANGUNAN, STRUKTUR BETON / CONCRETE, LOGISTICS / TRANSPORT",2020013216,NO_SAP
1935,2020010986,PT. BERCA SCHINDLER LIFTS,EXISTING_PRESERVED,Tidak ditemukan kesamaan lingkup pekerjaan,2020010986,
1936,2020010738,PT. BERJAYA NUSANTARA SEJAHTER,PROPOSED,"AGREGAT / BAHAN URUG, SAFETY / K3",2020010738,NO_SAP
1937,2020014410,PT. BINAYASA KARYA PRATAMA,EXISTING_PRESERVED,Tidak ditemukan kesamaan lingkup pekerjaan,2020014410,
1938,2020013953,PT. BIRO KLASIFIKASI INDONESIA,EXISTING_PRESERVED,Tidak ditemukan kesamaan lingkup pekerjaan,2020013953,
1939,2020012838,PT. BUMI SARANA BETON,PROPOSED,JALAN / PERKERASAN,2020012838,NO_SAP
1940,2020009606,PT. CAHAYA TUNGGAL GEMILANG,EXISTING_PRESERVED,"STRUKTUR BETON / CONCRETE
Beton Readymix fc' 35 (Semen Type V)
Beton Readymix fc' 10 (Semen Type V)
Beton Readymix fc' 30 (Semen Type V)",2020009606,
1941,2020004680,PT. CATUR ADITYA SENTOSA,EXISTING_PRESERVED,Tidak ditemukan kesamaan lingkup pekerjaan,2020004680,
1942,2020012940,PT. CCTV GORONTALO SOLUSINDO,EXISTING_PRESERVED,Tidak ditemukan kesamaan lingkup pekerjaan,2020012940,
1943,2020009310,PT. CENTRALITE ANUGERAH INDAH,PROPOSED,"ELEKTRIKAL, PLUMBING / PIPA, MEKANIKAL",2020009310,NO_SAP
1944,2020014587,PT. CIPTA JAYA TOBATI,EXISTING_PRESERVED,Semen,2020014587,
1945,2020004735,PT. CIPTA SATRIA INFORMATIKA,EXISTING_PRESERVED,"IT / TELECOM
Renewal Software Autodesk AEC Collection
Biaya bim (hardware+software)",2020004735,
1946,2020012518,PT. CITO DIAGNOSTIKA UTAMA,UNRESOLVED,,2020012518,NO_SAP
1947,2020014598,PT. CITRA ANDIKA UTAMA,EXISTING_PRESERVED,Tidak ditemukan kesamaan lingkup pekerjaan,2020014598,
1948,2020010846,PT. CITRA BARU STEEL,EXISTING_PRESERVED,"Besi Beton Ulir Dia. 10
Besi Beton Ulir Dia. 13
Besi Beton Ulir Dia. 19
Besi Beton Ulir Dia. 22
Besi Beton Ulir Dia. 25
Besi Beton
Besi Beton Ulir Dia. 16
Besi beton BJTP.420A
Angkutan Besi Beton",2020010846,
1949,2020014318,PT. CITRA BINTANG FAMILINDO,EXISTING_PRESERVED,Tidak ditemukan kesamaan lingkup pekerjaan,2020014318,
1950,2020014014,PT. CITRA PRATAMA WIRASENTOSA,EXISTING_PRESERVED,"BAHAN BANGUNAN, FAÇADE / ARSITEKTUR, Kesamaan lingkup, PLUMBING / PIPA, STEEL / FABRIKASI, STRUKTUR BETON / CONCRETE
Instalasi plumbing dan hydrant swakelola
Pasir Urug
Kawat Beton / Bendrat
Batako
Koral Beton
Pasir Beton
Baja Profil (Steel Structure)
Besi Beton Ulir Dia. 16
Beton Readymix Fc 25 12±2 NFA
Besi Beton Ulir Dia. 19
Besi Beton Polos Dia. 25
Rangka Furing Plafond PVC
Homogenous Tile 300 x 600 mm, Polish",2020014014,
1951,2020011470,PT. CITRA SEMBADA ABADI,PROPOSED,FAÇADE / ARSITEKTUR,2020011470,NO_SAP
1952,2020009809,PT. DAI KARYA UTAMA MANDIRI,EXISTING_PRESERVED,"PEKERJAAN TANAH / EARTHWORKS
Pekerjaan Galian Area Pintu Air
Timbunan Tanah Hasil Galian Tanah setemp
Galian Tanah Rawa dengan menggunakan Exc",2020009809,
1953,2020010411,PT. DIKARA GUNA RAKSA,EXISTING_PRESERVED,"MEKANIKAL
Pekerjaan Hvac DGR",2020010411,
1954,2020014054,PT. DISABILITAS KERJA INDONESI,UNRESOLVED,,2020014054,NO_SAP
1955,2020011844,PT. DOOSAN HEAVY INDUSTRIES IN,PROPOSED,"IT / TELECOM, FURNITURE PERMANEN ADM BLDG",2020011844,NO_SAP
1956,2020013736,PT. ELGHAZI BERSAUDARA BERJAYA,EXISTING_PRESERVED,Tidak ditemukan kesamaan lingkup pekerjaan,2020013736,
1957,2020012315,PT. EMITRACO TRANSPORTASI MAND,PROPOSED,"CARGO / LOGISTICS TRANSPORT (DARAT, LAUT, UDARA), ELEKTRIKAL",2020012315,NO_SAP
1958,2020015659,PT. ENERGI MAHIKA ARKELIA SAMR,PROPOSED,"PLUMBING / PIPA, ELEKTRIKAL, MEKANIKAL, STRUKTUR BETON / CONCRETE, FAÇADE / ARSITEKTUR, PEKERJAAN SIPIL STRUCTURE, FURNITURE PERMANEN ADM BLDG",2020015659,NO_SAP
1959,2020013421,PT. FAJAR PUTRA ABADI,EXISTING_PRESERVED,Tidak ditemukan kesamaan lingkup pekerjaan,2020013421,
1960,2020015435,PT. FIKRI BANGUN PERSADA,EXISTING_PRESERVED,Tidak ditemukan kesamaan lingkup pekerjaan,2020015435,
1961,2020014170,PT. GARDA ENERGI SEJAHTERA,EXISTING_PRESERVED,Solar industri,2020014170,
1962,2020009614,PT. GEMARANG TERAPANINDO ARGAY,PROPOSED,"JALAN / PERKERASAN, PEKERJAAN TANAH / EARTHWORKS, AGREGAT / BAHAN URUG, STP (SEWAGE, TREATMENT PLANT) & WTP (WATER TREATMENT PLANT)",2020009614,NO_SAP
1963,2020010393,PT. GLOBAL MULTINDO TEKNOLOGI,UNRESOLVED,,2020010393,NO_SAP
1964,2020012866,PT. GLOBAL PROFEX SYNERGY,EXISTING_PRESERVED,Tidak ditemukan kesamaan lingkup pekerjaan,2020012866,
1965,2020011078,PT. GORIP NANDA GUNA,PROPOSED,"EQUIPMENT / RENTAL, PEKERJAAN TANAH / EARTHWORKS, BORED PILE / PONDASI, PLUMBING / PIPA, ELEKTRIKAL, MEKANIKAL, JALAN / PERKERASAN, AGREGAT / BAHAN URUG",2020011078,NO_SAP
1966,2020013899,PT. GRAHA MUTU PERSADA,PROPOSED,TESTING / LABORATORY,2020013899,NO_SAP
1967,2020012091,PT. HAYYU TIRTA SEJAHTERA,UNRESOLVED,,2020012091,NO_SAP
1968,2020011400,PT. HEKSALINE GEO SERVIS,PROPOSED,TESTING / LABORATORY,2020011400,NO_SAP
1969,2020009344,PT. HUTAMA KARYA (PERSERO),PROPOSED,"EQUIPMENT / RENTAL, STRUKTUR BETON / CONCRETE, PLUMBING / PIPA, ELEKTRIKAL, MEKANIKAL",2020009344,NO_SAP
1970,2020012995,PT. INDO STAR CARGO,EXISTING_PRESERVED,"LOGISTICS / TRANSPORT
Mobilisasi",2020012995,
1971,2020010243,PT. INDOTEK SAKA INTERNASIONAL,PROPOSED,"EQUIPMENT / RENTAL, PEKERJAAN TANAH / EARTHWORKS",2020010243,NO_SAP
1972,2020012816,PT. INOAC CONSTRUCTION MATERIA,PROPOSED,"PLUMBING / PIPA, LOGISTICS / TRANSPORT",2020012816,NO_SAP
1973,2020016094,PT. INTI PERSADA MANDIRI,EXISTING_PRESERVED,Tidak ditemukan kesamaan lingkup pekerjaan,2020016094,
1974,2020009121,PT. IVORY KARYA TEKNOLOGI,EXISTING_PRESERVED,"ELEKTRIKAL
Power & Control Cable Incl. Supp&CabTray",2020009121,
1975,2020015387,PT. JAYAPURA PASIFIK PERMAI,EXISTING_PRESERVED,Tidak ditemukan kesamaan lingkup pekerjaan,2020015387,
1976,2020012265,PT. JJ-LAPP CABLE INDONESIA,PROPOSED,ELEKTRIKAL,2020012265,NO_SAP
1977,2020012105,PT. KARUNIA AWAN NUSANTARA,PROPOSED,"STP (SEWAGE, TREATMENT PLANT) & WTP (WATER TREATMENT PLANT)",2020012105,NO_SAP
1978,2020005720,PT. KARUNIA JAYA CONCRETE,EXISTING_PRESERVED,"STRUKTUR BETON / CONCRETE
Beton Grouting perbaikan dermaga
Pembesian perbaikan dermaga",2020005720,
1979,2010000026,PT. KERETA API INDONESIA (PERS,UNRESOLVED,,2010000026,NO_SAP
1980,2020012257,PT. KESATRIA NUSA KENCANA,UNRESOLVED,,2020012257,NO_SAP
1981,2020010146,PT. KITA MAJU NIAGA,PROPOSED,"PLUMBING / PIPA, ELEKTRIKAL, MEKANIKAL",2020010146,NO_SAP
1982,2020009770,PT. LIA PIJER ENERGI,EXISTING_PRESERVED,Tidak ditemukan kesamaan lingkup pekerjaan,2020009770,
1983,2020011239,PT. MAJU LANGGENG MANDIRI,PROPOSED,"MEKANIKAL, ELEKTRIKAL, SAFETY / K3",2020011239,NO_SAP
1984,2020014539,PT. MANDIRI TANGGUH PERKASA IN,UNRESOLVED,,2020014539,NO_SAP
1985,2020011936,PT. MARUNDA JAYA,EXISTING_PRESERVED,Tidak ditemukan kesamaan lingkup pekerjaan,2020011936,
1986,2020012616,PT. MARZUKI GLOBAL MANDIRI,EXISTING_PRESERVED,Tidak ditemukan kesamaan lingkup pekerjaan,2020012616,
1987,2020009378,PT. MEGAH ERKON PRATAMA,PROPOSED,"PLUMBING / PIPA, ELEKTRIKAL, MEKANIKAL",2020009378,NO_SAP
1988,2020012232,PT. MEGALOPOLIS MANUNGGAL INDU,PROPOSED,"EQUIPMENT / RENTAL, JALAN / PERKERASAN",2020012232,NO_SAP
1989,2020012492,PT. METALINDO ESTETIKA DIMENSI,EXISTING_PRESERVED,Tidak ditemukan kesamaan lingkup pekerjaan,2020012492,
1990,2020012556,PT. MITRA ANUGRAH PONDASI,PROPOSED,"PEKERJAAN TANAH / EARTHWORKS, AGREGAT / BAHAN URUG",2020012556,NO_SAP
1991,2020014228,PT. MITRA BARU,EXISTING_PRESERVED,Tidak ditemukan kesamaan lingkup pekerjaan,2020014228,
1992,2020006152,PT. MITRA MANUNGGAL SELARAS,PROPOSED,"STEEL / FABRIKASI, FAÇADE / ARSITEKTUR, LOGISTICS / TRANSPORT",2020006152,NO_SAP
1993,2020009359,PT. MLIWANG KARYA MANUNGGAL,PROPOSED,"BORED PILE / PONDASI, STRUKTUR BETON / CONCRETE, PEKERJAAN SIPIL STRUCTURE",2020009359,NO_SAP
1994,2020006241,PT. MULIA DUTA PERMATA,EXISTING_PRESERVED,Tidak ditemukan kesamaan lingkup pekerjaan,2020006241,
1995,2020015534,PT. MULTI BERKAH SOLUSINDO,EXISTING_PRESERVED,"STRUKTUR BETON / CONCRETE
Pembesian
Cor Beton (readymix) Box Culvert",2020015534,
1996,2020010461,PT. MULTIPOLAR TECHNOLOGY TBK,PROPOSED,FURNITURE PERMANEN ADM BLDG,2020010461,NO_SAP
1997,2020012063,PT. NEDERMAN INDONESIA,PROPOSED,MEKANIKAL,2020012063,NO_SAP
1998,2020012592,PT. NIAGA ARTHA CHEMCONS,PROPOSED,"EQUIPMENT / RENTAL, FAÇADE / ARSITEKTUR",2020012592,NO_SAP
1999,2020010310,PT. NIRWANA SELARAS TANGGUH,PROPOSED,"PLUMBING / PIPA, ELEKTRIKAL, MEKANIKAL, TESTING / LABORATORY",2020010310,NO_SAP
2000,2020012780,PT. NOOREL IDEA,PROPOSED,"EQUIPMENT / RENTAL, STEEL / FABRIKASI, STRUKTUR BETON / CONCRETE, LOGISTICS / TRANSPORT, PEKERJAAN SIPIL STRUCTURE",2020012780,NO_SAP
2001,2020010899,PT. NUANSA ELOK ABADI,EXISTING_PRESERVED,"FAÇADE / ARSITEKTUR
Karpet Tile Ex Delta/Setara, Fiber Strud
Jasa pembongkaran atap & rangka aset Cik
Meja Kerja Staff Frame Hollo Finishing D
Pemasangan Wallpaper Ruangan EVP PBMP",2020010899,
2002,2020013357,PT. NUR CAHAYA LIMO,EXISTING_PRESERVED,"ELEKTRIKAL
Lighting",2020013357,
2003,2020011886,PT. NUSTONE REPUBLIK BERJAYA,PROPOSED,FAÇADE / ARSITEKTUR,2020011886,NO_SAP
2004,2020015388,PT. PASIR MAS MULTI USAHA,EXISTING_PRESERVED,Tidak ditemukan kesamaan lingkup pekerjaan,2020015388,
2005,2020006469,PT. PELITAMAJU MULTISWAKARSA,PROPOSED,FAÇADE / ARSITEKTUR,2020006469,NO_SAP
2006,2020007972,PT. PERKASA KARUNIA TEKNIK,PROPOSED,"PLUMBING / PIPA, ELEKTRIKAL, MEKANIKAL, FAÇADE / ARSITEKTUR",2020007972,NO_SAP
2007,2020015627,PT. POLARIS INOVASINDO JAYA,EXISTING_PRESERVED,Tidak ditemukan kesamaan lingkup pekerjaan,2020015627,
2008,2020004992,EDI PURWITO,PROPOSED,FAÇADE / ARSITEKTUR,2020004992,NO_SAP
2009,2020009261,PT. PUTERAKO INTI BUANA,EXISTING_PRESERVED,Tidak ditemukan kesamaan lingkup pekerjaan,2020009261,
2010,2020006643,PT. PUTRA SALUYU,EXISTING_PRESERVED,"BEKISTING / FORMWORK, , STEEL / FABRIKASI, STRUKTUR BETON / CONCRETE
Bekisting Kolom
Bekisting Plat
Bekisting Balok
Bekisting tangga
Bekisting dinding
Pek. Bekisting Balok (JK)
Bekisting pelat
Bekisting shear wall , core wall, rw
Bekisting",2020006643,
2011,2020010394,PT. QIES NUSANTARA KONSULTAN,PROPOSED,KONSULTAN PERENCANA,2020010394,NO_SAP
2012,2020010815,PT. RAJAWALI SINAR CAKRAWALA,PROPOSED,AGREGAT / BAHAN URUG,2020010815,NO_SAP
2013,2020013279,PT. RATU TEHNIK BIRAWA,EXISTING_PRESERVED,Tidak ditemukan kesamaan lingkup pekerjaan,2020013279,
2014,2020013369,PT. SAHOOT INDONESIA PRATAMA,EXISTING_PRESERVED,Tidak ditemukan kesamaan lingkup pekerjaan,2020013369,
2015,2020008859,PT. SARANA CIPTA UNGGUL,PROPOSED,"STRUKTUR BETON / CONCRETE, PEKERJAAN SIPIL STRUCTURE",2020008859,NO_SAP
2016,2020015751,PT. SARJIS AGUNG INDRAJAYA,EXISTING_PRESERVED,Tidak ditemukan kesamaan lingkup pekerjaan,2020015751,
2017,2020014454,PT. SEJAHTERA DURUNG MANDIRI,EXISTING_PRESERVED,"EQUIPMENT / RENTAL, 
Galian Tanah, dengan alat berat (buang s
T",2020014454,
2018,2020010981,PT. SENTOSA GEOTEKNIK INDOTAMA,PROPOSED,"PEKERJAAN TANAH / EARTHWORKS, TESTING / LABORATORY",2020010981,NO_SAP
2019,2020015351,PT. SHAQUA PERDANA GROUP,EXISTING_PRESERVED,Tidak ditemukan kesamaan lingkup pekerjaan,2020015351,
2020,2020012695,PT. SIEMENS ENERGY INDONESIA,EXISTING_PRESERVED,"EQUIPMENT / RENTAL
Pek. Spv Integrasi Shiploader",2020012695,
2021,2020007025,PT. SINAR JAYA PROTEKSINDO,PROPOSED,FAÇADE / ARSITEKTUR,2020007025,NO_SAP
2022,2020014255,PT. SINDITA SALSABILA,EXISTING_PRESERVED,Solar industri,2020014255,
2023,2020010007,PT. SINERGI WAHANA GEMILANG,EXISTING_PRESERVED,Tidak ditemukan kesamaan lingkup pekerjaan,2020010007,
2024,2020009066,PT. SMART TECHTEX,PROPOSED,FAÇADE / ARSITEKTUR,2020009066,NO_SAP
2025,2020013380,PT. SURYA BAHARI INDONESIA,EXISTING_PRESERVED,Tidak ditemukan kesamaan lingkup pekerjaan,2020013380,
2026,2020014348,PT. SURYA DELTA KAPURINDO,EXISTING_PRESERVED,Tidak ditemukan kesamaan lingkup pekerjaan,2020014348,
2027,2020014568,PT. SURYA PERDANA ABADI,EXISTING_PRESERVED,"PEKERJAAN TANAH / EARTHWORKS
Pek. Soil Investigation",2020014568,
2028,2020013058,PT. TALINDO CITRA PRATAMA,PROPOSED,EQUIPMENT / RENTAL,2020013058,NO_SAP
2029,2020013059,PT. TALINDO CITRA PRATAMA,EXISTING_PRESERVED,"EQUIPMENT / RENTAL
Sewa Excavator
Mob Demob Excavator
sewa alat",2020013059,
2030,2020013932,PT. TANJAK RIAU SEJAHTERA,EXISTING_PRESERVED,"STRUKTUR BETON / CONCRETE
Bongkar 1 m3 Beton beton mutu rendah fc’
1 m2 Bekisting biasa dinding beton denga
1 kg Penulangan kolom, balok, ring balk,
Pembuatan s.d Pengecoran 1 m³ beton mutu",2020013932,
2031,2020009474,PT. TETSU ARMACO MANDIRI,EXISTING_PRESERVED,"BAHAN BANGUNAN, ELEKTRIKAL, EQUIPMENT / RENTAL, PLUMBING / PIPA, STEEL / FABRIKASI, STRUKTUR BETON / CONCRETE
Base Plate 12mm x 4"" x 8"" Carbon Steel
Base Plate 12mm
Pipa PVC
Talang Air Baja Galvanis Dia. 20cm
Engineering Study of Plant Warning Syste
Sewa Excavator PC 60 (Juni - Sept 2025)
Sewa Excavator
Material Bantu
Pengadaan Material Lampu
Pipa Carbon Steel SCH 40 12""
Sewa Excavator PC 200
Sewa Dump Truck
Sewa Excavator PC 60
Sewa Excavator PC 75
Pekerjaan plat sambung struktur baja
Pekerjaan Gording Baja
Pekerjaan Balok Baja Profil WF
Pekerjaan Kolom Baja Profil WF",2020009474,
2032,2020011375,PT. TIU SAKTI JAYA,EXISTING_PRESERVED,Tidak ditemukan kesamaan lingkup pekerjaan,2020011375,
2033,2020007436,PT. TOMO DIKO SEJATI,PROPOSED,STEEL / FABRIKASI,2020007436,NO_SAP
2034,2020007475,PT. TRIDASA PRAWIRA,EXISTING_PRESERVED,Tidak ditemukan kesamaan lingkup pekerjaan,2020007475,
2035,2020005005,EFENDI,UNRESOLVED,,2020005005,NO_SAP
2036,2020011493,PT. TUNAS MOBILINDO PERKASA,PROPOSED,"EQUIPMENT / RENTAL, LOGISTICS / TRANSPORT",2020011493,NO_SAP
2037,2020007546,PT. UNIMITRA ALYON TRUSSINDO,PROPOSED,"ELEKTRIKAL, FAÇADE / ARSITEKTUR",2020007546,NO_SAP
2038,2020007657,PT. WIGUNA LOGAM PRIMARAKSA,EXISTING_PRESERVED,"MEKANIKAL
Pompa Plumbing",2020007657,
2039,2020007660,PT. WIJAYA BANGUN PERTIWI,EXISTING_PRESERVED,"FAÇADE / ARSITEKTUR
Pek. Pengecatan Plafond interior",2020007660,
2040,2020013717,PT. WIJAYA MANDIRI PERKASA,EXISTING_PRESERVED,Tidak ditemukan kesamaan lingkup pekerjaan,2020013717,
2041,2020013967,PT. WIJAYA MULIA MANDIRI,EXISTING_PRESERVED,"EQUIPMENT / RENTAL, PEKERJAAN TANAH / EARTHWORKS
Galian Tanah Rawa dengan menggunakan Exc
Mob & Demob Alat Berat",2020013967,
2042,2020011808,PT. WUERTH INDONESIA,PROPOSED,FAÇADE / ARSITEKTUR,2020011808,NO_SAP
2043,2020007705,PT. YAZTECH ENGINEERING SOLUSI,PROPOSED,FURNITURE PERMANEN ADM BLDG,2020007705,NO_SAP
2044,2020004408,PT.AZALIA AZKA ELEKTRIK,PROPOSED,"PLUMBING / PIPA, ELEKTRIKAL, MEKANIKAL",2020004408,NO_SAP
2045,2020013763,PT.BERKAT SENTRAL NUSANTARA,EXISTING_PRESERVED,"EQUIPMENT / RENTAL
Jasa Sewa Equipment 2
Sewa Alat",2020013763,
2046,2020011024,PT.BIMA KONSTRUKSI NUSANTARA,PROPOSED,"JALAN / PERKERASAN, PRECAST / BETON PRACETAK, FAÇADE / ARSITEKTUR, PEKERJAAN TANAH / EARTHWORKS, GEOTEXTILE / GEOGRID / VERTICAL DRAIN",2020011024,NO_SAP
2047,2020013312,PT.BUMI SENTOSA DWI AGUNG,EXISTING_PRESERVED,"PEKERJAAN TANAH / EARTHWORKS
Galian dan Pembuangan
Timbunan dari Borrow (35 KM)",2020013312,
2048,2020010904,PT.ELIDA MANDALAHI JAYA,UNRESOLVED,,2020010904,NO_SAP
2049,2020005303,PT.HALYSAFE PROYEK SOLUSINDO,PROPOSED,"PLUMBING / PIPA, FAÇADE / ARSITEKTUR",2020005303,NO_SAP
2050,2020015975,PT.HARAPAN MAT 77,EXISTING_PRESERVED,"Solar
Solar industri",2020015975,
2051,2020005828,PT.KOTAMINYAK INTERNUSA,EXISTING_PRESERVED,"PLUMBING / PIPA
Pengadaan Pipa GRP Lamination",2020005828,
2052,2020000536,FARRASINDO PERKASA,PROPOSED,"EQUIPMENT / RENTAL, MEKANIKAL, STRUKTUR BETON / CONCRETE, STP (SEWAGE, TREATMENT PLANT) & WTP (WATER TREATMENT PLANT)",2020000536,NO_SAP
2053,2020011978,PT.TOTAL PRIMAKON PERKASA,PROPOSED,"PEKERJAAN TANAH / EARTHWORKS, BEKISTING / FORMWORK, STRUKTUR BETON / CONCRETE, PLUMBING / PIPA, FAÇADE / ARSITEKTUR, PEKERJAAN SIPIL STRUCTURE",2020011978,NO_SAP
2054,2020007597,PT.VONNY PRATAMA,EXISTING_PRESERVED,"EQUIPMENT / RENTAL
Beban Sewa Alat External
Sewa Hiab Crane",2020007597,
2055,2020014229,PT.YORITAMA BANGUN PERKASA,EXISTING_PRESERVED,Tidak ditemukan kesamaan lingkup pekerjaan,2020014229,
2056,2020001337,PUJA PERKASA,EXISTING_PRESERVED,"BEKISTING / FORMWORK
Bekisting Abutment, Pile Cap, Retaining
Bekisting Kolom Pier
Bekisting Lantai Kerja
Bekisting Pier Head (Pile Slab)
Bekisting Pier Head
Pekerjaan Bekisting isian CSP",2020001337,
2057,2020016124,PUJA PERKASA,PROPOSED,"BEKISTING / FORMWORK, BORED PILE / PONDASI, PLUMBING / PIPA, STRUKTUR BETON / CONCRETE, FAÇADE / ARSITEKTUR, PEKERJAAN SIPIL STRUCTURE",2020016124,NO_SAP
2058,2020001338,PULAU INDAH DIRGANTARA,PROPOSED,"EQUIPMENT / RENTAL, LOGISTICS / TRANSPORT",2020001338,NO_SAP
2059,2020013914,PUPUT SAPUTRO,PROPOSED,"STRUKTUR BETON / CONCRETE, MEKANIKAL, FAÇADE / ARSITEKTUR, BEKISTING / FORMWORK, BORED PILE / PONDASI, STEEL / FABRIKASI, EQUIPMENT / RENTAL, PEKERJAAN TANAH / EARTHWORKS, LOGISTICS / TRANSPORT, PEKERJAAN SIPIL STRUCTURE",2020013914,NO_SAP
2060,2020008339,PURA MAYUNGAN,EXISTING_PRESERVED,"ELEKTRIKAL
Panel Tegangan Rendah Komponen Schneider
Panel Tegangan Rendah
Electrical Panel and Cable",2020008339,
2061,2020012008,PURDAN,PROPOSED,"MEKANIKAL, STRUKTUR BETON / CONCRETE, SAFETY / K3, PEKERJAAN SIPIL STRUCTURE",2020012008,NO_SAP
2062,2020003683,PURI RAKHA SEJAHTERA,PROPOSED,"STRUKTUR BETON / CONCRETE, FAÇADE / ARSITEKTUR, LANDSCAPING, PEKERJAAN TANAH / EARTHWORKS, GEOTEXTILE / GEOGRID / VERTICAL DRAIN, STP (SEWAGE, TREATMENT PLANT) & WTP (WATER TREATMENT PLANT), PEKERJAAN SIPIL STRUCTURE",2020003683,NO_SAP
2063,2020015580,PURWANTO,PROPOSED,"FAÇADE / ARSITEKTUR, TESTING / LABORATORY",2020015580,NO_SAP
2064,2020000573,GEOTECH EFATHAMA,UNRESOLVED,,2020000573,NO_SAP
2065,2020011875,PUSAKA MARMER INDAHRAYA,PROPOSED,FAÇADE / ARSITEKTUR,2020011875,NO_SAP
2066,2020012473,PUSAT JASA KEARSIPAN,UNRESOLVED,,2020012473,NO_SAP
2067,2020010441,PUSDIKLATPASSUS KOPASSUS,UNRESOLVED,,2020010441,NO_SAP
2068,2020009677,PUSDIKZI,UNRESOLVED,,2020009677,NO_SAP
2069,2020015606,PUTERA RAHMAT ISMAIL,PROPOSED,FAÇADE / ARSITEKTUR,2020015606,NO_SAP
2070,2020006625,PUTRA BANDUNG AGUNG,PROPOSED,SAFETY / K3,2020006625,NO_SAP
2071,2020006626,PUTRA BANGUN PERSADA BARU,EXISTING_PRESERVED,"EQUIPMENT / RENTAL
Sewa Alat Berat
Sewa Alat
Tower crane 6 bulan
Sewa Tower Crane Bulan November
Tower crane - Des 2025
Mobilisasi Excavator PC-200",2020006626,
2072,2020006628,PUTRA BUANA SELARAS,PROPOSED,"ELEKTRIKAL, SAFETY / K3",2020006628,NO_SAP
2073,2020014511,PUTRA HARI AGUNG,PROPOSED,"BEKISTING / FORMWORK, EQUIPMENT / RENTAL, STRUKTUR BETON / CONCRETE, FAÇADE / ARSITEKTUR, PEKERJAAN TANAH / EARTHWORKS, TESTING / LABORATORY, LOGISTICS / TRANSPORT, PEKERJAAN SIPIL STRUCTURE",2020014511,NO_SAP
2074,2020015748,PUTRA IDOLA,EXISTING_PRESERVED,"AGREGAT / BAHAN URUG
Batu Pecah / Split (KG)",2020015748,
2075,2020014605,PUTRA JAGAT MANDIRI,EXISTING_PRESERVED,Tidak ditemukan kesamaan lingkup pekerjaan,2020014605,
2076,2020011737,PUTRA JAYA MANDIRI,PROPOSED,"JALAN / PERKERASAN, LANDSCAPING",2020011737,NO_SAP
2077,2020002686,PUTRA LASKAR MERDEKA,EXISTING_PRESERVED,Tidak ditemukan kesamaan lingkup pekerjaan,2020002686,
2078,2020015802,PUTRA MALAUWA,EXISTING_PRESERVED,Tidak ditemukan kesamaan lingkup pekerjaan,2020015802,
2079,2020012486,PUTRA NIATU YANDANA,PROPOSED,"ELEKTRIKAL, FAÇADE / ARSITEKTUR, MEKANIKAL, STRUKTUR BETON / CONCRETE, STEEL / FABRIKASI, LANDSCAPING, LOGISTICS / TRANSPORT, PEKERJAAN SIPIL STRUCTURE",2020012486,NO_SAP
2080,2020012521,PUTRA NIATU YANDANA,PROPOSED,"FAÇADE / ARSITEKTUR, EQUIPMENT / RENTAL",2020012521,NO_SAP
2081,2020012072,PUTRA PANNJALU,EXISTING_PRESERVED,Tidak ditemukan kesamaan lingkup pekerjaan,2020012072,
2082,2020015538,PUTRA RATO MAHKOTA,EXISTING_PRESERVED,Tidak ditemukan kesamaan lingkup pekerjaan,2020015538,
2083,2020014408,PUTRI ALL,EXISTING_PRESERVED,Tidak ditemukan kesamaan lingkup pekerjaan,2020014408,
2084,2020006653,PUTRI WIRAKANYATAMA,UNRESOLVED,,2020006653,NO_SAP
2085,2020006654,PUTROWAYAH PERKASA,EXISTING_PRESERVED,Tidak ditemukan kesamaan lingkup pekerjaan,2020006654,
2086,2020013149,QAWI MULTI KONSTRUKSI,UNRESOLVED,,2020013149,NO_SAP
2087,2020013507,QBEST SOLUTION TEKNIKA,PROPOSED,"PLUMBING / PIPA, ELEKTRIKAL, MEKANIKAL",2020013507,NO_SAP
2088,2020012466,QLCOM SOLUSI BISNIS,EXISTING_PRESERVED,Tidak ditemukan kesamaan lingkup pekerjaan,2020012466,
2089,2020013574,QUARRY LOGAM JAYA,EXISTING_PRESERVED,Tidak ditemukan kesamaan lingkup pekerjaan,2020013574,
2090,2020016071,QUARRY PRATAMA,EXISTING_PRESERVED,Tidak ditemukan kesamaan lingkup pekerjaan,2020016071,
2091,2020013609,QUINDO INDONESIA CEMERLANG,EXISTING_PRESERVED,Tidak ditemukan kesamaan lingkup pekerjaan,2020013609,
2092,2020003401,R MARTHA KESUMA,PROPOSED,FAÇADE / ARSITEKTUR,2020003401,NO_SAP
2093,2020015882,R3BS BERJAYA,EXISTING_PRESERVED,Alat Bantu,2020015882,
2094,2020013516,RADIANT BERKAH MANDIRI,EXISTING_PRESERVED,Tidak ditemukan kesamaan lingkup pekerjaan,2020013516,
2095,2020015620,RAFA HARA KARYA PERDANA,EXISTING_PRESERVED,Tidak ditemukan kesamaan lingkup pekerjaan,2020015620,
2096,2020006668,RAFA JAYA PERKASA,EXISTING_PRESERVED,"ELEKTRIKAL, JALAN / PERKERASAN
Subkon Lampu PJU Tipe A
Subkon Lampu PJU Tipe B
Sub. Lampu Menara
Sub. Lampu Tunel
Sub. Kabel NYFGBY 2C - 10 mm2
Sub. Kabel BC - 10 mm2
Sub. Box dan Pondasi Panel Meter PLN
Subkon Lampu Flashing Light
Sub. Kabel NYFGBY 4C - 16 mm2
Sub. Panel PJU
Lampu Pen. Jalan Lengan TunggalTipeLED
Lampu PJU Tipe A",2020006668,
2097,2020010685,RAFI HUTAMA KARYA,EXISTING_PRESERVED,"LANDSCAPING
Pohon untuk landscape",2020010685,
2098,2020014169,RAFINDO BANGUN LESTARI,EXISTING_PRESERVED,Tidak ditemukan kesamaan lingkup pekerjaan,2020014169,
2099,2020012938,RAFLESIA PERMATA INDONESIA,EXISTING_PRESERVED,"MEKANIKAL, PLUMBING / PIPA
Compressor piping Cement Area
Compressor piping Clinker Area
Compressor piping Blending Area
Pengadaan Pneumatic Valve
Pekerjaan Install Butterfly Valve",2020012938,
2100,2020015539,RAHMAD RUMUMPE,PROPOSED,"PLUMBING / PIPA, STRUKTUR BETON / CONCRETE, FAÇADE / ARSITEKTUR, PEKERJAAN TANAH / EARTHWORKS, AGREGAT / BAHAN URUG",2020015539,NO_SAP
2101,2020009157,RAHMAT JATMIKANTO,PROPOSED,"STEEL / FABRIKASI, PLUMBING / PIPA",2020009157,NO_SAP
2102,2020014265,RAHMAT SEJAHTERA,EXISTING_PRESERVED,"MEKANIKAL
Pekerjaan Mekanikal Elektrikal dan Plumb",2020014265,
2103,2020000662,HERMANSYAH,PROPOSED,"EQUIPMENT / RENTAL, PEKERJAAN TANAH / EARTHWORKS, AGREGAT / BAHAN URUG",2020000662,NO_SAP
2104,2020014537,RAISHA JAYA MANDIRI,EXISTING_PRESERVED,Tidak ditemukan kesamaan lingkup pekerjaan,2020014537,
2105,2020009969,RAJA NUSA KARYA,EXISTING_PRESERVED,"FAÇADE / ARSITEKTUR
Plafond Gypsumboard 9 mm
Pek. Plafon Gypsumboard (JK)
Pek. Plafon Gypsum (Metal Furing) (JK)
Pek. Plafon Fibersement Shera_JK
Pek. Lis Profil Plafon (JK)",2020009969,
2106,2020001436,RAJA RIKO FEBRINALDI,PROPOSED,FAÇADE / ARSITEKTUR,2020001436,NO_SAP
2107,2020011056,RAJAWALI PARAMA KONSTRUKSI,EXISTING_PRESERVED,"MEKANIKAL
Fire Pump / Pompa Pemadam Kebakaran",2020011056,
2108,2020010993,RAJAWALI TRANS LOGISTIC,PROPOSED,"EQUIPMENT / RENTAL, CARGO / LOGISTICS TRANSPORT (DARAT, LAUT, UDARA)",2020010993,NO_SAP
2109,2020006682,RAKA PRATAMA,EXISTING_PRESERVED,"BEKISTING / FORMWORK, 
Bekisting
Pek. Bekisting Plat Lantai
Pek. Bekisting Kolom
Pek. Bekisting Balok
Pek. Bekisting Tangga
Pek. Bekisting Dinding
Bekisting kolom bulat
Bekisting shear wall , core wall, rw
Bekisting balok
Bekisting pelat
Bekisting STP/GWT
Bekisting tangga
Pekerjaan bekisting Balok
Pekerjaan bekisting Kolom
Pekerjaan bekisting Plat Lantai",2020006682,
2110,2020015668,RAMA,PROPOSED,"BAHAN BANGUNAN, FAÇADE / ARSITEKTUR, STRUKTUR BETON / CONCRETE, EQUIPMENT / RENTAL, MEKANIKAL, PEKERJAAN TANAH / EARTHWORKS, LOGISTICS / TRANSPORT, PEKERJAAN SIPIL STRUCTURE",2020015668,NO_SAP
2111,2020008471,RANGGA EKAPRATAMA,EXISTING_PRESERVED,"JALAN / PERKERASAN
Pekerjaan lapis permukaan aspal 01
Pekerjaan lapis permukaan aspal t= 7 cm",2020008471,
2112,2020002348,RANI DEDI SARAGIH,PROPOSED,LANDSCAPING,2020002348,NO_SAP
2113,2020015141,RANTAU KALIMAS JAYA,EXISTING_PRESERVED,Tidak ditemukan kesamaan lingkup pekerjaan,2020015141,
2114,2020015211,RANU KARYA,EXISTING_PRESERVED,Tidak ditemukan kesamaan lingkup pekerjaan,2020015211,
2115,2020012726,RASEKA JAYA ABADI,EXISTING_PRESERVED,Tidak ditemukan kesamaan lingkup pekerjaan,2020012726,
2116,2020015116,RATIH NUR ANNISA,PROPOSED,"BEKISTING / FORMWORK, STRUKTUR BETON / CONCRETE, PEKERJAAN TANAH / EARTHWORKS, PEKERJAAN SIPIL STRUCTURE",2020015116,NO_SAP
2117,2020015308,RATNA DEWI,PROPOSED,"STRUKTUR BETON / CONCRETE, FAÇADE / ARSITEKTUR, AGREGAT / BAHAN URUG, SAFETY / K3, LOGISTICS / TRANSPORT, BAHAN BANGUNAN",2020015308,NO_SAP
2118,2020012317,RATU THARA INDONESIA,EXISTING_PRESERVED,Tidak ditemukan kesamaan lingkup pekerjaan,2020012317,
2119,2020015509,RAYA GOOD STEEL,EXISTING_PRESERVED,"FAÇADE / ARSITEKTUR, STEEL / FABRIKASI, STRUKTUR BETON / CONCRETE
Pek. Struktur Baja_JK_KG
Pek. Penutup Atap_JK_M2
Pekerjaan Mob Demob Alat Baja",2020015509,
2120,2020003885,RAYAZKA,PROPOSED,EQUIPMENT / RENTAL,2020003885,NO_SAP
2121,2020006696,RECKAT COMPOSITES DELMIMA,EXISTING_PRESERVED,Tidak ditemukan kesamaan lingkup pekerjaan,2020006696,
2122,2020014368,RECKY TINGGOGOY,PROPOSED,"FAÇADE / ARSITEKTUR, PEKERJAAN TANAH / EARTHWORKS, AGREGAT / BAHAN URUG, BAHAN BANGUNAN",2020014368,NO_SAP
2123,2020009471,REFRACTORINDO GRAHA DINAMIKA,EXISTING_PRESERVED,"PLUMBING / PIPA
Insulation Pipe",2020009471,
2124,2020010651,REITAMA ENG,PROPOSED,"ELEKTRIKAL, EQUIPMENT / RENTAL, LOGISTICS / TRANSPORT",2020010651,NO_SAP
2125,2020006700,REIYHAN PRATAMA PUTRA,EXISTING_PRESERVED,"EQUIPMENT / RENTAL, 
Sewa Excavator 200
Sewa Dump Truck 24 M3
Sewa Bulldozer
Sewa Excavator (Support Mixing)
Sewa Excavator
Sewa Dump Truck
Excavator
Dump Truck
Bulldozer
Excavator Bucket
Sewa Excavator PC200
Sewa Yap Crane 7 Ton
Excavator PC.200",2020006700,
2126,2020006701,REKA ALAMINDO UTAMA,EXISTING_PRESERVED,Tidak ditemukan kesamaan lingkup pekerjaan,2020006701,
2127,,REKA ALAMINDO UTAMA,PROPOSED,"PLUMBING / PIPA, ELEKTRIKAL, MEKANIKAL",,
2128,2020013496,REKA KARYA NUSANTARA,EXISTING_PRESERVED,"ELEKTRIKAL
Pekerjaan Instalasi Elektrikal",2020013496,
2129,2020012281,REKSINDO PATRA ENERGI,PROPOSED,EQUIPMENT / RENTAL,2020012281,NO_SAP
2130,2020001342,REMALA ABADI,PROPOSED,"EQUIPMENT / RENTAL, FURNITURE PERMANEN ADM BLDG",2020001342,NO_SAP
2131,2020012250,RENTOKIL INDONESIA,EXISTING_PRESERVED,Tidak ditemukan kesamaan lingkup pekerjaan,2020012250,
2132,2020008666,RESQTEC INDONESIA,EXISTING_PRESERVED,Tidak ditemukan kesamaan lingkup pekerjaan,2020008666,
2133,2020009404,REXY MAINAKY,PROPOSED,"PLUMBING / PIPA, ELEKTRIKAL, MEKANIKAL, STRUKTUR BETON / CONCRETE, FAÇADE / ARSITEKTUR, PEKERJAAN SIPIL STRUCTURE",2020009404,NO_SAP
2134,2020015604,REZA ERMAN MAULANA,PROPOSED,"FAÇADE / ARSITEKTUR, LANDSCAPING",2020015604,NO_SAP
2135,2020012236,RIANI SEJAHTERA ABADI,PROPOSED,EQUIPMENT / RENTAL,2020012236,NO_SAP
2136,2020001461,RIAU JAYA LESTARI,PROPOSED,EQUIPMENT / RENTAL,2020001461,NO_SAP
2137,2020010827,RICHARD ERICK CHANDRA,PROPOSED,EQUIPMENT / RENTAL,2020010827,NO_SAP
2138,2020001465,RICHART LUBIS,PROPOSED,EQUIPMENT / RENTAL,2020001465,NO_SAP
2139,2020012758,RICKY ANGGA PRAKASA,PROPOSED,"FAÇADE / ARSITEKTUR, FURNITURE PERMANEN ADM BLDG",2020012758,NO_SAP
2140,2020006727,RICKY FEBRIANTO,PROPOSED,LANDSCAPING,2020006727,NO_SAP
2141,2020009554,RICKY FEBRIANTO,PROPOSED,"EQUIPMENT / RENTAL, BEKISTING / FORMWORK, FAÇADE / ARSITEKTUR, STRUKTUR BETON / CONCRETE, LANDSCAPING, AGREGAT / BAHAN URUG, SAFETY / K3, PEKERJAAN SIPIL STRUCTURE",2020009554,NO_SAP
2142,2020015518,RIDHO JEFLINO,PROPOSED,FAÇADE / ARSITEKTUR,2020015518,NO_SAP
2143,2020008177,RIDHO PRATAMA,PROPOSED,"EQUIPMENT / RENTAL, CARGO / LOGISTICS TRANSPORT (DARAT, LAUT, UDARA)",2020008177,NO_SAP
2144,2020002875,INDONESIA HEAVY EQUIPMENT,PROPOSED,EQUIPMENT / RENTAL,2020002875,NO_SAP
2145,2020011136,RIDWAN JAYA PERDANA,PROPOSED,SAFETY / K3,2020011136,NO_SAP
2146,2020013855,RIKI PRASETIYO,PROPOSED,FAÇADE / ARSITEKTUR,2020013855,NO_SAP
2147,2020012422,RIKI PUTRA,PROPOSED,"STRUKTUR BETON / CONCRETE, FAÇADE / ARSITEKTUR, PEKERJAAN SIPIL STRUCTURE",2020012422,NO_SAP
2148,2020006744,RINI SETIYOWATI,PROPOSED,EQUIPMENT / RENTAL,2020006744,NO_SAP
2149,2020015169,RIO RINALDO,PROPOSED,EQUIPMENT / RENTAL,2020015169,NO_SAP
2150,2020012007,RIRIN AGUSTIANI,PROPOSED,"STEEL / FABRIKASI, FAÇADE / ARSITEKTUR, SAFETY / K3",2020012007,NO_SAP
2151,2020014559,RIRIN SUWARNI,PROPOSED,"EQUIPMENT / RENTAL, LOGISTICS / TRANSPORT",2020014559,NO_SAP
2152,2020012503,RISAL,UNRESOLVED,,2020012503,NO_SAP
2153,2020014262,RISDATAMA ANEKA PERSADA,EXISTING_PRESERVED,"FAÇADE / ARSITEKTUR
Pek. Bongkar Keramik Lantai
Pembongkaran Rangka + Plafond Rusak
Pek. Pasangan Rangka Plafond Hollow 40.4
Pemasangan Plafond PVC + List + Acc
Pek. Pasangan Plafond Gypsumboard t=9mm",2020014262,
2154,2020008770,RISJAYA BERKAT,EXISTING_PRESERVED,Tidak ditemukan kesamaan lingkup pekerjaan,2020008770,
2155,2020015973,RISLAM,PROPOSED,"FAÇADE / ARSITEKTUR, BAHAN BANGUNAN",2020015973,NO_SAP
2156,2020012693,RISTANTI,PROPOSED,"BEKISTING / FORMWORK, STRUKTUR BETON / CONCRETE, JALAN / PERKERASAN, PEKERJAAN TANAH / EARTHWORKS, BAHAN BANGUNAN, FAÇADE / ARSITEKTUR, LANDSCAPING, PLUMBING / PIPA, PRECAST / BETON PRACETAK, STEEL / FABRIKASI, ELEKTRIKAL, MEKANIKAL, STP (SEWAGE, TREATMENT PLANT) & WTP (WATER TREATMENT PLANT), LOGISTICS / TRANSPORT, PEKERJAAN SIPIL STRUCTURE",2020012693,NO_SAP
2157,2020013687,RISWANDI,PROPOSED,EQUIPMENT / RENTAL,2020013687,NO_SAP
2158,2020006749,RIZAL AULIA RAHMAN,PROPOSED,EQUIPMENT / RENTAL,2020006749,NO_SAP
2159,2020008011,RIZKY NOVA ADE PRATAMA,PROPOSED,BAHAN BANGUNAN,2020008011,NO_SAP
2160,2020014033,RIZKYNA PUTRI,EXISTING_PRESERVED,"PEKERJAAN TANAH / EARTHWORKS, STRUKTUR BETON / CONCRETE
Galian Tanah, dengan alat berat (buang s
Timbunan tanah biasa, tanpa dipadatkan
Timbunan tanah biasa, dipadatkan
Pembesian, Besi Polos (Saluran Primer)",2020014033,
2161,2020010014,ROBERT SANDAYU,PROPOSED,"JALAN / PERKERASAN, STRUKTUR BETON / CONCRETE, BAHAN BANGUNAN, SAFETY / K3, STEEL / FABRIKASI, LOGISTICS / TRANSPORT, PEKERJAAN SIPIL STRUCTURE",2020010014,NO_SAP
2162,2020006764,RODA NURMALA,UNRESOLVED,,2020006764,NO_SAP
2163,2020010590,ROESLINA PONDASI INDONESIA,PROPOSED,"FAÇADE / ARSITEKTUR, TESTING / LABORATORY",2020010590,NO_SAP
2164,2020010809,ROESLINA PONDASI INDONESIA,EXISTING_PRESERVED,"BORED PILE / PONDASI, Kesamaan lingkup
Bore Pile dia.800 mm dg Ultrasonic Monit
Buang tanah Bore Pile dia.100 mm
Pit Test
Mob/demob.Alat Bore Pile+HSE,APD, MESS
PDA Test dia.1500 mm
PIT Test dia.1500 mm
Pancang casing dia.1500, t=14 mm, 206 ti
Pengeboran Bore Pile dia.1500 mm, tanah
PDA Test
Pembesian bored pile + langsir
Pengecoran bore pile
Upah Pancang CSP D80cm
Mob/Demob Alat Pancang + Preboring
Upah Pancang CSP D60cm
Pancang casing dia.1600
Pancang casing dia.2200
Pend Tiang Bor dia 1500
Pengecoran Bored Pile Ø 800mm
Pengeboran Bored Pile Ø 800mm L effektif",2020010809,
2165,2020005757,KASMIDI,PROPOSED,"BORED PILE / PONDASI, STRUKTUR BETON / CONCRETE",2020005757,NO_SAP
2166,2020005825,KOPKAR SEKAR SAKTI,PROPOSED,"EQUIPMENT / RENTAL, JALAN / PERKERASAN, STRUKTUR BETON / CONCRETE, PEKERJAAN SIPIL STRUCTURE",2020005825,NO_SAP
2167,2020015372,ROIS MITRA JAYA,EXISTING_PRESERVED,Tidak ditemukan kesamaan lingkup pekerjaan,2020015372,
2168,2020003949,ROMI,PROPOSED,SAFETY / K3,2020003949,NO_SAP
2169,2020014233,ROMIA LA UDIN,PROPOSED,"STRUKTUR BETON / CONCRETE, SAFETY / K3, BAHAN BANGUNAN",2020014233,NO_SAP
2170,2020010905,RONI MARAUDIN SIREGAR,PROPOSED,"EQUIPMENT / RENTAL, STRUKTUR BETON / CONCRETE, LANDSCAPING, PEKERJAAN TANAH / EARTHWORKS, AGREGAT / BAHAN URUG, STP (SEWAGE, TREATMENT PLANT) & WTP (WATER TREATMENT PLANT), PEKERJAAN SIPIL STRUCTURE",2020010905,NO_SAP
2171,2020011918,RONI RATNASARI,PROPOSED,"BEKISTING / FORMWORK, STRUKTUR BETON / CONCRETE, FAÇADE / ARSITEKTUR, PEKERJAAN TANAH / EARTHWORKS, PEKERJAAN SIPIL STRUCTURE",2020011918,NO_SAP
2172,2020016086,RONY TAHIR,PROPOSED,FAÇADE / ARSITEKTUR,2020016086,NO_SAP
2173,2020010632,ROYALBOARD BANGUNINTI GRANITO,EXISTING_PRESERVED,Tidak ditemukan kesamaan lingkup pekerjaan,2020010632,
2174,2020014068,RSM INDONESIA KONSULTAN,EXISTING_PRESERVED,Tidak ditemukan kesamaan lingkup pekerjaan,2020014068,
2175,2020012427,RUDI HARTONO,PROPOSED,EQUIPMENT / RENTAL,2020012427,NO_SAP
2176,2020014370,RUDI HERMAWAN,PROPOSED,PLUMBING / PIPA,2020014370,NO_SAP
2177,2020014096,RUDY HARTONO,PROPOSED,"EQUIPMENT / RENTAL, FAÇADE / ARSITEKTUR",2020014096,NO_SAP
2178,2020010082,RUJITO,PROPOSED,BORED PILE / PONDASI,2020010082,NO_SAP
2179,2020008698,RULY SETIAWAN,PROPOSED,"EQUIPMENT / RENTAL, BORED PILE / PONDASI, FAÇADE / ARSITEKTUR, LANDSCAPING, JALAN / PERKERASAN",2020008698,NO_SAP
2180,2020011828,RUMAH LOGISTIK INDONESIA,PROPOSED,SAFETY / K3,2020011828,NO_SAP
2181,2020006798,RUMINDO CITRA PERKASA,PROPOSED,"FAÇADE / ARSITEKTUR, STRUKTUR BETON / CONCRETE, PEKERJAAN SIPIL STRUCTURE",2020006798,NO_SAP
2182,2020010444,RUSDI,PROPOSED,"FAÇADE / ARSITEKTUR, STEEL / FABRIKASI, STRUKTUR BETON / CONCRETE, JALAN / PERKERASAN, PEKERJAAN TANAH / EARTHWORKS, AGREGAT / BAHAN URUG, LOGISTICS / TRANSPORT, PEKERJAAN SIPIL STRUCTURE",2020010444,NO_SAP
2183,2020014407,RUSDIN SUMANGE,PROPOSED,"BEKISTING / FORMWORK, EQUIPMENT / RENTAL, STRUKTUR BETON / CONCRETE, LOGISTICS / TRANSPORT, PEKERJAAN SIPIL STRUCTURE",2020014407,NO_SAP
2184,2020010513,RUSTAM EFENDI,PROPOSED,"BEKISTING / FORMWORK, STRUKTUR BETON / CONCRETE, PEKERJAAN SIPIL STRUCTURE",2020010513,NO_SAP
2185,2020006806,RWINA KARYA,EXISTING_PRESERVED,Tidak ditemukan kesamaan lingkup pekerjaan,2020006806,
2186,2020013813,RYAN ADY ISMUSNANDAR,PROPOSED,"STRUKTUR BETON / CONCRETE, BAHAN BANGUNAN",2020013813,NO_SAP
2187,2020011769,RYAN ROSMELIA,PROPOSED,EQUIPMENT / RENTAL,2020011769,NO_SAP
2188,2020012814,RYSHAKA MAKMUR ABADI,PROPOSED,SAFETY / K3,2020012814,NO_SAP
2189,2020008846,RYUICHI MITRA SUKSES PRATAMA,EXISTING_PRESERVED,"PLUMBING / PIPA
Remaining M2 Piping (Non Pipe)
Stainless Steel Pipe, Flange & Fitting
Pekerjaan Relokasi Pipa
Pekerjaan Tie-In Pipa
Manual Bronze Valve
Jasa Painting Manual Valve",2020008846,
2190,2020009976,SABAR,PROPOSED,EQUIPMENT / RENTAL,2020009976,NO_SAP
2191,2020015463,SABIR KONSTRUKSI RAYA,EXISTING_PRESERVED,"ELEKTRIKAL, EQUIPMENT / RENTAL
Genset 45 KVA
Investasi Alat Berat",2020015463,
2192,2020011062,SADHANA AMERTA,EXISTING_PRESERVED,"Kesamaan lingkup
Sirtu",2020011062,
2193,2020013640,SADULUR BERKAH MAKMUR,EXISTING_PRESERVED,"Beton Readymix Fc 30 12±2 FA 10%
Beton Readymix Fc 15",2020013640,
2194,2020011688,SADYA WAHANA PERSADA,PROPOSED,"BEKISTING / FORMWORK, STRUKTUR BETON / CONCRETE, PEKERJAAN SIPIL STRUCTURE",2020011688,NO_SAP
2195,2020013259,SAEPULOH,PROPOSED,"FAÇADE / ARSITEKTUR, STRUKTUR BETON / CONCRETE, JALAN / PERKERASAN, LOGISTICS / TRANSPORT, BAHAN BANGUNAN, PEKERJAAN SIPIL STRUCTURE",2020013259,NO_SAP
2196,2020011695,SAFAAT KIRANA KALTIM,EXISTING_PRESERVED,Tidak ditemukan kesamaan lingkup pekerjaan,2020011695,
2197,2020013123,SAFEMAX INDONESIA,EXISTING_PRESERVED,"PLUMBING / PIPA
Pengadaan Piping Fire & Fitting
Pengadaan Piping Fire dan Fitting",2020013123,
2198,2020013028,SAFRIANUS HABUN,PROPOSED,BAHAN BANGUNAN,2020013028,NO_SAP
2199,2020015139,SAGARA ABADI PERSADA,EXISTING_PRESERVED,Tidak ditemukan kesamaan lingkup pekerjaan,2020015139,
2200,2020006818,SAHABAT KARYA PRATAMA,EXISTING_PRESERVED,"ELEKTRIKAL, MEKANIKAL, PLUMBING / PIPA
Pek. Plumbing_JK_LS
Instalasi Elektrikal Kawasan
Pekerjaan Instalasi Plumbing
Pekerjaan Instalasi HVAC",2020006818,
2201,2020013182,SAHABAT KARYA PRIBUMI,EXISTING_PRESERVED,"ELEKTRIKAL, MEKANIKAL
Pekerjaan Struktur Pump Room
Pekerjaan Arsitektur Pump Room
Pekerjaan MEP Pump Room
Pekerjaan ARS Pump Room
Pekerjaan Electrical GWT",2020013182,
2202,2020008718,SAHABAT KONSTRUKSI INDONESIA,PROPOSED,EQUIPMENT / RENTAL,2020008718,NO_SAP
2203,2020013557,SAHABAT MITRA INTRABUANA,EXISTING_PRESERVED,Tidak ditemukan kesamaan lingkup pekerjaan,2020013557,
2204,2020011277,SAHDAN JAYADI,PROPOSED,LOGISTICS / TRANSPORT,2020011277,NO_SAP
2205,2020015579,SAHRIYANTO,PROPOSED,"MEKANIKAL, EQUIPMENT / RENTAL, STRUKTUR BETON / CONCRETE, BAHAN BANGUNAN",2020015579,NO_SAP
2206,2020012192,SAIFUL HUDA,PROPOSED,"STRUKTUR BETON / CONCRETE, MEKANIKAL, FAÇADE / ARSITEKTUR, BAHAN BANGUNAN, BEKISTING / FORMWORK, BORED PILE / PONDASI, SAFETY / K3, LOGISTICS / TRANSPORT, PEKERJAAN SIPIL STRUCTURE",2020012192,NO_SAP
2207,2020014111,SAIFUL NURDIN,PROPOSED,"EQUIPMENT / RENTAL, LOGISTICS / TRANSPORT",2020014111,NO_SAP
2208,2020015208,SAIJAAN MITRA LESTARI (PERSERO,PROPOSED,"STRUKTUR BETON / CONCRETE, BAHAN BANGUNAN",2020015208,NO_SAP
2209,2020013510,SAITEC PRIMA MANDIRI,EXISTING_PRESERVED,Tidak ditemukan kesamaan lingkup pekerjaan,2020013510,
2210,2020014638,SAKA SELABUNG SEANDANAN,EXISTING_PRESERVED,Tidak ditemukan kesamaan lingkup pekerjaan,2020014638,
2211,2020009452,SAKURA MATRIKS UTAMA,EXISTING_PRESERVED,"FAÇADE / ARSITEKTUR
Plafond Gypsumboard 9 mm",2020009452,
2212,2020015553,SALSABILA PRAYA INDOTAMA,EXISTING_PRESERVED,Tidak ditemukan kesamaan lingkup pekerjaan,2020015553,
2213,2020010933,SALVO CIPTA KREASI,PROPOSED,JALAN / PERKERASAN,2020010933,NO_SAP
2214,2020014224,SAMAR,PROPOSED,LOGISTICS / TRANSPORT,2020014224,NO_SAP
2215,2020006845,SAMKAM MITRA JAYA,PROPOSED,EQUIPMENT / RENTAL,2020006845,NO_SAP
2216,2020012415,SAMSUL HADI,PROPOSED,"EQUIPMENT / RENTAL, LOGISTICS / TRANSPORT",2020012415,NO_SAP
2217,2020013979,SAMUDERA INDONESIA LOGISTIK KA,PROPOSED,"LOGISTICS / TRANSPORT, SAFETY / K3",2020013979,NO_SAP
2218,2020006858,SAMUDERA MAKASSAR LOGISTIK,EXISTING_PRESERVED,"LOGISTICS / TRANSPORT
Angkutan Modular Office",2020006858,
2219,2020006859,SAMUDERA PERDANA SELARAS,PROPOSED,EQUIPMENT / RENTAL,2020006859,NO_SAP
2220,2020009246,SAMUDRA ARTA BERSAMA,UNRESOLVED,,2020009246,NO_SAP
2221,2020006862,SAMUDRA MAKASSAR LOGISTIK,PROPOSED,"LOGISTICS / TRANSPORT, BAHAN BANGUNAN",2020006862,NO_SAP
2222,2020006866,SANDANA,EXISTING_PRESERVED,Tidak ditemukan kesamaan lingkup pekerjaan,2020006866,
2223,2020012296,SANDI MULYA MANDIRI,PROPOSED,AGREGAT / BAHAN URUG,2020012296,NO_SAP
2224,2020012351,SANDI MULYA MANDIRI,PROPOSED,AGREGAT / BAHAN URUG,2020012351,NO_SAP
2225,2020013453,SANDI TRI SUSANTO,PROPOSED,"FAÇADE / ARSITEKTUR, BAHAN BANGUNAN",2020013453,NO_SAP
2226,2020007781,SANGGA BUANA NUSANTARA,EXISTING_PRESERVED,Tidak ditemukan kesamaan lingkup pekerjaan,2020007781,
2227,2020009063,SANJAYA,PROPOSED,"PLUMBING / PIPA, ELEKTRIKAL, MEKANIKAL",2020009063,NO_SAP
2228,2020008693,"SANJAYA, MSC",PROPOSED,EQUIPMENT / RENTAL,2020008693,NO_SAP
2229,2020011119,SANTI,PROPOSED,"BAHAN BANGUNAN, FAÇADE / ARSITEKTUR",2020011119,NO_SAP
2230,2020001527,SANTOSO,PROPOSED,FAÇADE / ARSITEKTUR,2020001527,NO_SAP
2231,2020006275,MUSLIM,PROPOSED,"FAÇADE / ARSITEKTUR, BORED PILE / PONDASI, PLUMBING / PIPA, ELEKTRIKAL, MEKANIKAL, STRUKTUR BETON / CONCRETE, PRECAST / BETON PRACETAK",2020006275,NO_SAP
2232,2020001530,SANTOSO SAPUTRO,PROPOSED,"MEKANIKAL, STRUKTUR BETON / CONCRETE, PEKERJAAN SIPIL STRUCTURE",2020001530,NO_SAP
2233,2020009841,SANTOSO TANDHANG,PROPOSED,"EQUIPMENT / RENTAL, LOGISTICS / TRANSPORT",2020009841,NO_SAP
2234,2020006873,SANWAMAS METAL INDUSTRI,PROPOSED,FAÇADE / ARSITEKTUR,2020006873,NO_SAP
2235,2020012506,SAPAWI,PROPOSED,"BAHAN BANGUNAN, FAÇADE / ARSITEKTUR, STRUKTUR BETON / CONCRETE",2020012506,NO_SAP
2236,2020011499,SAPTA WIBAWA MANDIRI PRIMA,PROPOSED,"PLUMBING / PIPA, ELEKTRIKAL, MEKANIKAL",2020011499,NO_SAP
2237,2020011710,SAPUTRO,PROPOSED,FAÇADE / ARSITEKTUR,2020011710,NO_SAP
2238,2020011853,SARANA ARMADA BETON,PROPOSED,"STRUKTUR BETON / CONCRETE, BAHAN BANGUNAN",2020011853,NO_SAP
2239,2020001541,SARANA BAJA PERKASA,EXISTING_PRESERVED,"BORED PILE / PONDASI, PEKERJAAN TANAH / EARTHWORKS, STRUKTUR BETON / CONCRETE
Subkon Pancang Spunpile dia.60 cm
Sewa Concrete Pump
Subkon Galian Biasa untuk Timbunan
Subkon persiapan tanah dasar
Subkon Galian Biasa untuk Dibuang
Galian Batu untuk Dibuang 15-20 km
Galian Biasa untuk Dibuang 15-20 km
Land Clearing & Stripping (30 cm)
Akomodasi Operator Pekerjaan Tanah",2020001541,
2240,2020012102,SARANA CIPTA GRAHA,PROPOSED,FAÇADE / ARSITEKTUR,2020012102,NO_SAP
2241,2020009187,SARANA DAYA SEMESTA,EXISTING_PRESERVED,"LOGISTICS / TRANSPORT
Angkutan Besi Jawa - Jyp",2020009187,
2242,2020009737,SARANA ENERGI INTERNUSA,EXISTING_PRESERVED,"ELEKTRIKAL
Panel TM (MVPD)
Pek. DC distribution panel (JK)
Electrical Panel and Cable
Panel Tegangan Menengah
Panel Tegangan Menengah Schneider",2020009737,
2243,2020008366,SARANA INDO PERSADA,PROPOSED,FAÇADE / ARSITEKTUR,2020008366,NO_SAP
2244,2020002048,SARANA INTI PERWIRA,PROPOSED,"MEKANIKAL, EQUIPMENT / RENTAL, STRUKTUR BETON / CONCRETE, PRECAST / BETON PRACETAK, BAHAN BANGUNAN",2020002048,NO_SAP
2245,2020008533,SARANA LOGISTIK INDONESIA,PROPOSED,"EQUIPMENT / RENTAL, PEKERJAAN TANAH / EARTHWORKS, AGREGAT / BAHAN URUG",2020008533,NO_SAP
2246,2020012269,SARANA METAL INDAH,EXISTING_PRESERVED,Tidak ditemukan kesamaan lingkup pekerjaan,2020012269,
2247,2020012909,SARANA MULTI UTAMA,EXISTING_PRESERVED,"BORED PILE / PONDASI, PEKERJAAN TANAH / EARTHWORKS
Pengeboran Ø 600 (tanah berbatu dan batu
Buangan tanah limbah bore pile
MOBILISASI ALAT SMU  bore pile 2
Galian Biasa
Galian Batu Lunak PEP
galian batu",2020012909,
2248,2020015985,SARANA PRATAMA ABADI,EXISTING_PRESERVED,"EQUIPMENT / RENTAL, JALAN / PERKERASAN
Sewa Crane 150 Ton
Aspal Bitumen Pen 60/70
Aspal Curah Modifikasi PG 70",2020015985,
2249,2020015799,SARANA SERVIS INDONESIA,EXISTING_PRESERVED,"EQUIPMENT / RENTAL
Sewa Crane 150 Ton
Mob/demob. Crane 150 Ton
Sewa Crane 100 Ton
Operator Crane",2020015799,
2250,2020006900,SARANA SOLUSINDO INFORMATIKA,PROPOSED,"FAÇADE / ARSITEKTUR, IT / TELECOM, FURNITURE PERMANEN ADM BLDG",2020006900,NO_SAP
2251,2020009870,SARANA TEKNIK,PROPOSED,"STRUKTUR BETON / CONCRETE, BAHAN BANGUNAN, FAÇADE / ARSITEKTUR, AGREGAT / BAHAN URUG, SAFETY / K3, PEKERJAAN SIPIL STRUCTURE",2020009870,NO_SAP
2252,2020001547,SARANABAJA PERKASA,PROPOSED,EQUIPMENT / RENTAL,2020001547,NO_SAP
2253,2020001546,SARANARAYA REKA CIPTA,PROPOSED,JALAN / PERKERASAN,2020001546,NO_SAP
2254,2020006301,NANDANG,PROPOSED,"PRECAST / BETON PRACETAK, STRUKTUR BETON / CONCRETE, FAÇADE / ARSITEKTUR, PEKERJAAN SIPIL STRUCTURE",2020006301,NO_SAP
2255,2020010908,SARIFAH TRAVEL,PROPOSED,JALAN / PERKERASAN,2020010908,NO_SAP
2256,2020010176,SARINAH (PERSERO),EXISTING_PRESERVED,Tidak ditemukan kesamaan lingkup pekerjaan,2020010176,
2257,2020006907,SARINO,PROPOSED,ELEKTRIKAL,2020006907,NO_SAP
2258,2020009267,SARIPIN,PROPOSED,JALAN / PERKERASAN,2020009267,NO_SAP
2259,2020012615,SARJONO,PROPOSED,"FAÇADE / ARSITEKTUR, STRUKTUR BETON / CONCRETE, EQUIPMENT / RENTAL, LOGISTICS / TRANSPORT, PEKERJAAN SIPIL STRUCTURE",2020012615,NO_SAP
2260,2020014516,SARJONO,PROPOSED,"BEKISTING / FORMWORK, STRUKTUR BETON / CONCRETE, PRECAST / BETON PRACETAK, FAÇADE / ARSITEKTUR, PEKERJAAN TANAH / EARTHWORKS, SAFETY / K3, PEKERJAAN SIPIL STRUCTURE",2020014516,NO_SAP
2261,2020013030,SARJONO TS,PROPOSED,"FAÇADE / ARSITEKTUR, MEKANIKAL, BAHAN BANGUNAN, ELEKTRIKAL, EQUIPMENT / RENTAL, JALAN / PERKERASAN, PEKERJAAN TANAH / EARTHWORKS, LOGISTICS / TRANSPORT",2020013030,NO_SAP
2262,2020013041,SARJONO TS,PROPOSED,"EQUIPMENT / RENTAL, FAÇADE / ARSITEKTUR, PEKERJAAN TANAH / EARTHWORKS, LOGISTICS / TRANSPORT",2020013041,NO_SAP
2263,2020013043,SARJONO TS,PROPOSED,"FAÇADE / ARSITEKTUR, EQUIPMENT / RENTAL, STRUKTUR BETON / CONCRETE, JALAN / PERKERASAN, LOGISTICS / TRANSPORT, BAHAN BANGUNAN",2020013043,NO_SAP
2264,2020003609,SARWONO,PROPOSED,"STRUKTUR BETON / CONCRETE, PEKERJAAN SIPIL STRUCTURE",2020003609,NO_SAP
2265,2020006913,SASAKURA ENGINEERING CO. LTD,PROPOSED,ELEKTRIKAL,2020006913,NO_SAP
2266,2020015248,SATU DUA KARYA,EXISTING_PRESERVED,"BAHAN BANGUNAN, ELEKTRIKAL, EQUIPMENT / RENTAL, STRUKTUR BETON / CONCRETE
Sewa Alat Jack Drill
Galian tanah struktur
Subkontraktor Struktur, Arsitektur & MEP
Pekerjaa Sandwich Panel
Mobdemob Bulldozer
Mobdemob Excavator
Mobdemob Dump Truck
Besi Beton Ulir
Buat Platform Pile Cap",2020015248,
2267,2020014114,SATYA ABYUDAYA SOLUTION,EXISTING_PRESERVED,Tidak ditemukan kesamaan lingkup pekerjaan,2020014114,
2268,2020014663,SATYALOKA,EXISTING_PRESERVED,"FAÇADE / ARSITEKTUR
Pengecatan plafon",2020014663,
2269,2020012116,SAUDARA UTAMA INTERNASIONAL,EXISTING_PRESERVED,Tidak ditemukan kesamaan lingkup pekerjaan,2020012116,
2270,2020010323,SAURIDA SINAGA,PROPOSED,"EQUIPMENT / RENTAL, PEKERJAAN TANAH / EARTHWORKS, SAFETY / K3, LOGISTICS / TRANSPORT, FURNITURE PERMANEN ADM BLDG",2020010323,NO_SAP
2271,2020012450,SAVINO BARBERA SRL,PROPOSED,"STP (SEWAGE, TREATMENT PLANT) & WTP (WATER TREATMENT PLANT), LOGISTICS / TRANSPORT",2020012450,NO_SAP
2272,2020006927,SCHNEIDER INDONESIA,PROPOSED,"ELEKTRIKAL, PLUMBING / PIPA, MEKANIKAL",2020006927,NO_SAP
2273,2020001087,NIMAN,PROPOSED,"STRUKTUR BETON / CONCRETE, BAHAN BANGUNAN",2020001087,NO_SAP
2274,2020006939,SEAN,PROPOSED,EQUIPMENT / RENTAL,2020006939,NO_SAP
2275,2020015838,SEDULUR ALAM WIJAYA,EXISTING_PRESERVED,Tidak ditemukan kesamaan lingkup pekerjaan,2020015838,
2276,2020009190,SEECONS,PROPOSED,"PEKERJAAN TANAH / EARTHWORKS, PLUMBING / PIPA, FAÇADE / ARSITEKTUR, LANDSCAPING, AGREGAT / BAHAN URUG",2020009190,NO_SAP
2277,2020013282,SEGITIGA JAYA,EXISTING_PRESERVED,Tidak ditemukan kesamaan lingkup pekerjaan,2020013282,
2278,2020012026,SEJAHTERA MANDIRI,EXISTING_PRESERVED,"BEKISTING / FORMWORK
Bekisting podium
Pek. Bekisting_JK_M2
Pek. Bekisting",2020012026,
2279,2020015657,SEJAHTERA MANDIRI DUARIBU DUA,EXISTING_PRESERVED,"BEKISTING / FORMWORK
Bekisting kolom
Bekisting dinding /parapet
Bekisting balok
Bekisting plat
Bekisting tangga",2020015657,
2280,2020003809,SEJAHTERA MANDIRI LESTARI,EXISTING_PRESERVED,Tidak ditemukan kesamaan lingkup pekerjaan,2020003809,
2281,2020015630,SEJAHTERA WAHANA GEMILANG,EXISTING_PRESERVED,Tidak ditemukan kesamaan lingkup pekerjaan,2020015630,
2282,2020009409,SEJATINDO PRIMA BANGUNAN,PROPOSED,SAFETY / K3,2020009409,NO_SAP
2283,2020012694,SEKOLAH TINGGI MEDIA KOMUNIKAS,PROPOSED,KONSULTAN PERENCANA,2020012694,NO_SAP
2284,2020008670,SELAMAT GRUP BETON,EXISTING_PRESERVED,"Beton Readymix Fc 10 12±2 NFA
Beton Readymix Fc 30 12±2 NFA",2020008670,
2285,2020009911,SELARAS LAWANG SEWU,EXISTING_PRESERVED,"BAHAN BANGUNAN
Pek. Kusen, Pintu dan Jendela_JK_LS",2020009911,
2286,2020013895,SELECTA BARU,EXISTING_PRESERVED,Tidak ditemukan kesamaan lingkup pekerjaan,2020013895,
2287,2020012585,SELVIANUS MADUN,PROPOSED,"STRUKTUR BETON / CONCRETE, FAÇADE / ARSITEKTUR, BAHAN BANGUNAN, BEKISTING / FORMWORK, AGREGAT / BAHAN URUG, EQUIPMENT / RENTAL, JALAN / PERKERASAN, MEKANIKAL, SAFETY / K3, PLUMBING / PIPA, ELEKTRIKAL, LANDSCAPING, LOGISTICS / TRANSPORT, PEKERJAAN SIPIL STRUCTURE",2020012585,NO_SAP
2288,2020001577,SEMEN INDOGREEN SENTOSA,EXISTING_PRESERVED,"PRECAST / BETON PRACETAK, STRUKTUR BETON / CONCRETE
Beton Readymix Fs 45
Beton Readymix Fc 20
Beton Readymix Fc 10
Subkon Pek. Precast Balok Incl Stressing
Beton Readymix Fc 12 12±2 NFA
Beton Readymix Fc 30
Beton fc' 40 Mpa / A1 (Semen Tipe 5 / La",2020001577,
2289,2020001578,SEMEN INDOGREEN SENTOSA,PROPOSED,"STRUKTUR BETON / CONCRETE, BAHAN BANGUNAN",2020001578,NO_SAP
2290,2020010294,SEMEN INDONESIA LOGISTIK,PROPOSED,"ELEKTRIKAL, LOGISTICS / TRANSPORT",2020010294,NO_SAP
2291,2020014291,SEMESTA SUKSES KONSTRUKSI,EXISTING_PRESERVED,Tidak ditemukan kesamaan lingkup pekerjaan,2020014291,
2292,2020012233,SENAYAN LINDSWELL INDONESIA,PROPOSED,"EQUIPMENT / RENTAL, PEKERJAAN TANAH / EARTHWORKS, FAÇADE / ARSITEKTUR, LOGISTICS / TRANSPORT, STRUKTUR BETON / CONCRETE, JALAN / PERKERASAN, AGREGAT / BAHAN URUG, TESTING / LABORATORY, PEKERJAAN SIPIL STRUCTURE",2020012233,NO_SAP
2293,2020010830,SENJAYA GOBEL SOLUSINDO,PROPOSED,ELEKTRIKAL,2020010830,NO_SAP
2294,2020013198,SENTRA PARAMITRA,EXISTING_PRESERVED,Tidak ditemukan kesamaan lingkup pekerjaan,2020013198,
2295,2020008170,SENTRAL PIPA INDONESIA,PROPOSED,"PLUMBING / PIPA, ELEKTRIKAL, MEKANIKAL",2020008170,NO_SAP
2296,2020013902,SEPAKU BORNEO,EXISTING_PRESERVED,Tidak ditemukan kesamaan lingkup pekerjaan,2020013902,
2297,2020012542,SEPRO INDOTAMA,PROPOSED,KONSULTAN PERENCANA,2020012542,NO_SAP
2298,2020001585,SETIA BUDI,UNRESOLVED,,2020001585,NO_SAP
2299,2020009254,SHAKA ANUGERAH KARYA,PROPOSED,FAÇADE / ARSITEKTUR,2020009254,NO_SAP
2300,2020011028,SHERLY,UNRESOLVED,,2020011028,NO_SAP
2301,2020009218,SHIMIZU GLOBAL INDONESIA,EXISTING_PRESERVED,"AGREGAT / BAHAN URUG, BAHAN BANGUNAN, BORED PILE / PONDASI, FAÇADE / ARSITEKTUR, PLUMBING / PIPA, STEEL / FABRIKASI, STRUKTUR BETON / CONCRETE
Pek. Bekisting Kayu Pondasi PC & TB (JK)
Pipa Spiral 8""
Besi Beton Dowel Dia. 32
Pasir Urug
Besi Beton Dowel
Bekisting Pile cap &Tie Beam Gantung
Bata merah 15cm
Bekisting kolom & struktur jalan
Waterproofing integral
Pasir Beton
Koral Beton
Agregat Klas A
Material bantu 1 (Kobema)
Tile Grout/Nat Keramik GE-500
Material Bantu
Pasir Pasang
Batu Pecah / Split (M3)
Pipa GIP Medium Dia. 6""
Gravel dia 2 - 5cm (rounded)
Pipa Black Steel 1.5""",2020009218,
2302,2020012790,SHOLEH DWI HERMAWAN,PROPOSED,"BEKISTING / FORMWORK, EQUIPMENT / RENTAL, STRUKTUR BETON / CONCRETE, PEKERJAAN SIPIL STRUCTURE",2020012790,NO_SAP
2303,2020014098,SIDIQ UMAR SUBEKTI,PROPOSED,"EQUIPMENT / RENTAL, FAÇADE / ARSITEKTUR",2020014098,NO_SAP
2304,2020013234,SIGMA CIPTA CARAKA,EXISTING_PRESERVED,Tidak ditemukan kesamaan lingkup pekerjaan,2020013234,
2305,2020007001,SILKARGO,PROPOSED,"CARGO / LOGISTICS TRANSPORT (DARAT, LAUT, UDARA)",2020007001,NO_SAP
2306,2020015739,SILKARGO INDONESIA,EXISTING_PRESERVED,Tidak ditemukan kesamaan lingkup pekerjaan,2020015739,
2307,2020012403,SILUET NYOMAN NUARTA,UNRESOLVED,,2020012403,NO_SAP
2308,2020015472,SILVETHER TANDI,PROPOSED,"EQUIPMENT / RENTAL, LOGISTICS / TRANSPORT",2020015472,NO_SAP
2309,2020014227,SILVIA HASRIDA,EXISTING_PRESERVED,Tidak ditemukan kesamaan lingkup pekerjaan,2020014227,
2310,2020007003,SIMED PRAKARSA INDONESIA,EXISTING_PRESERVED,Water Heater Elterra,2020007003,
2311,2020010702,SIMETRIK SOLUSI INTEGRASI,PROPOSED,ELEKTRIKAL,2020010702,NO_SAP
2312,2020008172,SIMETRIS KARYA TEKNIK,EXISTING_PRESERVED,Tidak ditemukan kesamaan lingkup pekerjaan,2020008172,
2313,2020003676,SINAR ANDALAS PROTEKSINDO,EXISTING_PRESERVED,"ELEKTRIKAL
Pek. Elektrikal",2020003676,
2314,2020002385,SINAR BAJA PRIMA,PROPOSED,"STEEL / FABRIKASI, FAÇADE / ARSITEKTUR",2020002385,NO_SAP
2315,2020007017,SINAR BALI BINAKARYA,PROPOSED,"STRUKTUR BETON / CONCRETE, BAHAN BANGUNAN",2020007017,NO_SAP
2316,2020008209,SINAR FASTENER INDONESIA,PROPOSED,SAFETY / K3,2020008209,NO_SAP
2317,2020007021,SINAR HARAPAN,PROPOSED,"FAÇADE / ARSITEKTUR, FURNITURE PERMANEN ADM BLDG, PLUMBING / PIPA, STEEL / FABRIKASI, ELEKTRIKAL, MEKANIKAL, JALAN / PERKERASAN, STP (SEWAGE, TREATMENT PLANT) & WTP (WATER TREATMENT PLANT), SAFETY / K3",2020007021,NO_SAP
2318,2020007022,SINAR INDOGREEN KENCANA,EXISTING_PRESERVED,"BAHAN BANGUNAN
Bata Ringan Uk. 600x200x125 mm
Bata Ringan Uk. 600x200x100 mm
Thin Bed / Perekat Bata",2020007022,
2319,2020009857,SINAR MAKMUR ABADI,PROPOSED,SAFETY / K3,2020009857,NO_SAP
2320,2020007035,SINAR RAYA MAKMUR,PROPOSED,JALAN / PERKERASAN,2020007035,NO_SAP
2321,2020013552,SINAR SELARAS SAKTI,EXISTING_PRESERVED,"STRUKTUR BETON / CONCRETE
Pembesian",2020013552,
2322,2020007041,SINARBALI BINAKARYA,PROPOSED,"EQUIPMENT / RENTAL, STRUKTUR BETON / CONCRETE, SAFETY / K3, BAHAN BANGUNAN",2020007041,NO_SAP
2323,2020007046,SINERGI KARYA SEJAHTERA,EXISTING_PRESERVED,"MEKANIKAL
Pekerjaan Mekanikal Chiller dan AHU",2020007046,
2324,2020008416,SINGGIH RIYADI,PROPOSED,"FAÇADE / ARSITEKTUR, STRUKTUR BETON / CONCRETE, MEKANIKAL, JALAN / PERKERASAN, BEKISTING / FORMWORK, BORED PILE / PONDASI, STEEL / FABRIKASI, PLUMBING / PIPA, ELEKTRIKAL, PRECAST / BETON PRACETAK, LANDSCAPING, PEKERJAAN TANAH / EARTHWORKS, LOGISTICS / TRANSPORT, BAHAN BANGUNAN, PEKERJAAN SIPIL STRUCTURE",2020008416,NO_SAP
2325,2020009858,SINGKONG JAYA ABADI,PROPOSED,"FAÇADE / ARSITEKTUR, AGREGAT / BAHAN URUG",2020009858,NO_SAP
2326,2020012714,SIPHONIC FLOW MANDIRI,EXISTING_PRESERVED,"PLUMBING / PIPA
Instalasi sistem Pipa Siphonic Air Hujan
Instalasi Pipa Siphonic Air Hujan",2020012714,
2327,2020009521,SISCOM TECHNOLOGIES,EXISTING_PRESERVED,Tidak ditemukan kesamaan lingkup pekerjaan,2020009521,
2328,2020010368,SISWANTO,PROPOSED,"FAÇADE / ARSITEKTUR, BAHAN BANGUNAN, PLUMBING / PIPA, ELEKTRIKAL, MEKANIKAL, STRUKTUR BETON / CONCRETE, PEKERJAAN TANAH / EARTHWORKS, SAFETY / K3, LOGISTICS / TRANSPORT, PEKERJAAN SIPIL STRUCTURE",2020010368,NO_SAP
2329,2020003175,SITI AISYAH,PROPOSED,LANDSCAPING,2020003175,NO_SAP
2330,2020015117,SITI JULAEHA,PROPOSED,"STRUKTUR BETON / CONCRETE, PEKERJAAN TANAH / EARTHWORKS, PEKERJAAN SIPIL STRUCTURE",2020015117,NO_SAP
2331,2020015048,SITI NURJANAH,PROPOSED,"FAÇADE / ARSITEKTUR, GEOTEXTILE / GEOGRID / VERTICAL DRAIN, TESTING / LABORATORY, BAHAN BANGUNAN",2020015048,NO_SAP
2332,2020013689,SITI ROKHANI,PROPOSED,SAFETY / K3,2020013689,NO_SAP
2333,2020015426,SITI SANTIKA,PROPOSED,"PLUMBING / PIPA, ELEKTRIKAL, MEKANIKAL, EQUIPMENT / RENTAL, STRUKTUR BETON / CONCRETE, FAÇADE / ARSITEKTUR, PEKERJAAN SIPIL STRUCTURE",2020015426,NO_SAP
2334,2020015666,SITI YULIANTI,UNRESOLVED,,2020015666,NO_SAP
2335,2020015696,SITINJAU LAUIK PEBAJA,EXISTING_PRESERVED,Tidak ditemukan kesamaan lingkup pekerjaan,2020015696,
2336,2020010015,SMARTINDO INTEGRASI SYSTEM,PROPOSED,"IT / TELECOM, FURNITURE PERMANEN ADM BLDG",2020010015,NO_SAP
2337,2020010271,SOBIRIN,PROPOSED,"EQUIPMENT / RENTAL, JALAN / PERKERASAN",2020010271,NO_SAP
2338,2020014426,SOEHARNI AMAN PALI,PROPOSED,"STRUKTUR BETON / CONCRETE, FAÇADE / ARSITEKTUR, BAHAN BANGUNAN, PEKERJAAN SIPIL STRUCTURE",2020014426,NO_SAP
2339,2020004002,SOILENS,PROPOSED,JALAN / PERKERASAN,2020004002,NO_SAP
2340,2020012022,SOILENS,UNRESOLVED,,2020012022,NO_SAP
2341,2020012827,SOKO GURU ENGINEERING,UNRESOLVED,,2020012827,NO_SAP
2342,2020010895,SOLANA MEDIKA INDONESIA,EXISTING_PRESERVED,Tidak ditemukan kesamaan lingkup pekerjaan,2020010895,
2343,2020001489,RONI,PROPOSED,FAÇADE / ARSITEKTUR,2020001489,NO_SAP
2344,2020007065,SOLID ENERGI INTERNASIONAL,PROPOSED,"ELEKTRIKAL, MEKANIKAL, TESTING / LABORATORY",2020007065,NO_SAP
2345,2020012968,SOLIHIN DJOENG,PROPOSED,FAÇADE / ARSITEKTUR,2020012968,NO_SAP
2346,2020012988,SOLIHIN DJOENG,PROPOSED,"FAÇADE / ARSITEKTUR, LANDSCAPING",2020012988,NO_SAP
2347,2020006800,RUSDI,PROPOSED,"STRUKTUR BETON / CONCRETE, FAÇADE / ARSITEKTUR, BAHAN BANGUNAN, PEKERJAAN SIPIL STRUCTURE",2020006800,NO_SAP
2348,2020003023,SOLUSI BANGUN BETON,PROPOSED,"STRUKTUR BETON / CONCRETE, BAHAN BANGUNAN",2020003023,NO_SAP
2349,2020009560,SOLUSI GAJAH BERSINERGI,PROPOSED,SAFETY / K3,2020009560,NO_SAP
2350,2020015009,SOLUSI GEOTEKNIK INDONESIA,EXISTING_PRESERVED,Tidak ditemukan kesamaan lingkup pekerjaan,2020015009,
2351,2020012721,SOLUSI TANI PERTIWI,PROPOSED,LANDSCAPING,2020012721,NO_SAP
2352,2020009728,SOLUTECH GLOBAL ASIA,PROPOSED,"ELEKTRIKAL, IT / TELECOM, FURNITURE PERMANEN ADM BLDG",2020009728,NO_SAP
2353,2020011039,SONIC ELECTRIC CONSTRUCTION UN,PROPOSED,"ELEKTRIKAL, EQUIPMENT / RENTAL",2020011039,NO_SAP
2354,2020012441,SONIF EFENDI,PROPOSED,"PLUMBING / PIPA, ELEKTRIKAL, MEKANIKAL, STRUKTUR BETON / CONCRETE, PEKERJAAN SIPIL STRUCTURE",2020012441,NO_SAP
2355,2020014549,SONY FERDI ADNANTO,PROPOSED,"EQUIPMENT / RENTAL, SAFETY / K3",2020014549,NO_SAP
2356,2020015354,SORAYA ALAM NUSANTARA,EXISTING_PRESERVED,Tidak ditemukan kesamaan lingkup pekerjaan,2020015354,
2357,2020012598,SPECTRUM UNITEC,PROPOSED,FAÇADE / ARSITEKTUR,2020012598,NO_SAP
2358,2020012590,SRBGC-STK (JO),PROPOSED,"PEKERJAAN TANAH / EARTHWORKS, AGREGAT / BAHAN URUG",2020012590,NO_SAP
2359,2020014272,SRI ISMIYATI,PROPOSED,LEGAL / CORPORATE,2020014272,NO_SAP
2360,2020012713,SRI JAYANTI,PROPOSED,"STRUKTUR BETON / CONCRETE, PEKERJAAN TANAH / EARTHWORKS, FAÇADE / ARSITEKTUR, MEKANIKAL, BAHAN BANGUNAN, EQUIPMENT / RENTAL, BORED PILE / PONDASI, PLUMBING / PIPA, PRECAST / BETON PRACETAK, BEKISTING / FORMWORK, LANDSCAPING, ELEKTRIKAL, STP (SEWAGE, TREATMENT PLANT) & WTP (WATER TREATMENT PLANT), LOGISTICS / TRANSPORT, PEKERJAAN SIPIL STRUCTURE",2020012713,NO_SAP
2361,2020007080,SRI MARHENI,PROPOSED,"BEKISTING / FORMWORK, FAÇADE / ARSITEKTUR, MEKANIKAL, STRUKTUR BETON / CONCRETE, PLUMBING / PIPA, ELEKTRIKAL, AGREGAT / BAHAN URUG, PEKERJAAN SIPIL STRUCTURE",2020007080,NO_SAP
2362,2020006850,SAMSUL ARIFIN,PROPOSED,"MEKANIKAL, STRUKTUR BETON / CONCRETE, FAÇADE / ARSITEKTUR, BAHAN BANGUNAN, PEKERJAAN SIPIL STRUCTURE",2020006850,NO_SAP
2363,2020007085,SRI WAHYUNI,PROPOSED,SAFETY / K3,2020007085,NO_SAP
2364,2020011915,SRI WAHYUNI,PROPOSED,"MEKANIKAL, EQUIPMENT / RENTAL, STRUKTUR BETON / CONCRETE, SAFETY / K3, BAHAN BANGUNAN",2020011915,NO_SAP
2365,2020007090,SRIYANTO,PROPOSED,"PEKERJAAN TANAH / EARTHWORKS, STEEL / FABRIKASI, ELEKTRIKAL, STRUKTUR BETON / CONCRETE, FAÇADE / ARSITEKTUR, LOGISTICS / TRANSPORT, BAHAN BANGUNAN, PEKERJAAN SIPIL STRUCTURE",2020007090,NO_SAP
2366,2020016009,STANDARD PILE,EXISTING_PRESERVED,"BORED PILE / PONDASI
Pek. Handling Tiang Pancang_JK_AU
Jasa Mob & Demob Alat Pancang",2020016009,
2367,2020007093,STAR NEIRA MALUKU,EXISTING_PRESERVED,Tidak ditemukan kesamaan lingkup pekerjaan,2020007093,
2368,2020002549,STATIKA MITRA SARANA,EXISTING_PRESERVED,Tidak ditemukan kesamaan lingkup pekerjaan,2020002549,
2369,2020012614,SUBADRI,PROPOSED,"BEKISTING / FORMWORK, STRUKTUR BETON / CONCRETE, PEKERJAAN SIPIL STRUCTURE",2020012614,NO_SAP
2370,2020012321,SUBAGYO,PROPOSED,"STRUKTUR BETON / CONCRETE, MEKANIKAL, FAÇADE / ARSITEKTUR, PRECAST / BETON PRACETAK, BAHAN BANGUNAN, EQUIPMENT / RENTAL, BEKISTING / FORMWORK, LANDSCAPING, STP (SEWAGE, TREATMENT PLANT) & WTP (WATER TREATMENT PLANT), PEKERJAAN SIPIL STRUCTURE",2020012321,NO_SAP
2371,2020014566,SUBUR PESISIR,EXISTING_PRESERVED,Tidak ditemukan kesamaan lingkup pekerjaan,2020014566,
2372,2010000040,SUCOFINDO (PERSERO),PROPOSED,"BAHAN BANGUNAN, FAÇADE / ARSITEKTUR, STRUKTUR BETON / CONCRETE, BORED PILE / PONDASI, EQUIPMENT / RENTAL, SAFETY / K3, TESTING / LABORATORY, LOGISTICS / TRANSPORT, PEKERJAAN SIPIL STRUCTURE",2010000040,NO_SAP
2373,2020007106,SUDADI,PROPOSED,"FAÇADE / ARSITEKTUR, STRUKTUR BETON / CONCRETE, SAFETY / K3, LANDSCAPING, LOGISTICS / TRANSPORT, PEKERJAAN SIPIL STRUCTURE",2020007106,NO_SAP
2374,2020013663,SUDADI,PROPOSED,"MEKANIKAL, STRUKTUR BETON / CONCRETE, FAÇADE / ARSITEKTUR, PEKERJAAN TANAH / EARTHWORKS, AGREGAT / BAHAN URUG, LOGISTICS / TRANSPORT, BAHAN BANGUNAN, PEKERJAAN SIPIL STRUCTURE",2020013663,NO_SAP
2375,2020015863,SUDARYANTO,PROPOSED,"BEKISTING / FORMWORK, MEKANIKAL, STRUKTUR BETON / CONCRETE, FAÇADE / ARSITEKTUR, PEKERJAAN TANAH / EARTHWORKS, AGREGAT / BAHAN URUG, PEKERJAAN SIPIL STRUCTURE",2020015863,NO_SAP
2376,2020001671,SUDIRMAN SH,PROPOSED,EQUIPMENT / RENTAL,2020001671,NO_SAP
2377,2020007868,SUDIRO,PROPOSED,"BAHAN BANGUNAN, FAÇADE / ARSITEKTUR",2020007868,NO_SAP
2378,2020007108,SUDIYARSO,PROPOSED,"BAHAN BANGUNAN, FAÇADE / ARSITEKTUR",2020007108,NO_SAP
2379,2020015867,SUGENG PRIHARTONO,PROPOSED,EQUIPMENT / RENTAL,2020015867,NO_SAP
2380,2020012562,SUGIONO,PROPOSED,"STRUKTUR BETON / CONCRETE, FAÇADE / ARSITEKTUR, MEKANIKAL, BAHAN BANGUNAN, EQUIPMENT / RENTAL, BORED PILE / PONDASI, PEKERJAAN SIPIL STRUCTURE",2020012562,NO_SAP
2381,2020015194,SUGIRI,PROPOSED,"FAÇADE / ARSITEKTUR, PEKERJAAN TANAH / EARTHWORKS",2020015194,NO_SAP
2382,2020002512,SUGIYANTO,PROPOSED,"STRUKTUR BETON / CONCRETE, FAÇADE / ARSITEKTUR, PEKERJAAN TANAH / EARTHWORKS, LOGISTICS / TRANSPORT, BAHAN BANGUNAN, PEKERJAAN SIPIL STRUCTURE",2020002512,NO_SAP
2383,2020008990,SUGIYANTO,PROPOSED,"MEKANIKAL, STRUKTUR BETON / CONCRETE, FAÇADE / ARSITEKTUR, BAHAN BANGUNAN, PEKERJAAN SIPIL STRUCTURE",2020008990,NO_SAP
2384,2020015827,SUGIYANTO,PROPOSED,"FAÇADE / ARSITEKTUR, BAHAN BANGUNAN",2020015827,NO_SAP
2385,2020001683,SUHARDI,PROPOSED,"FAÇADE / ARSITEKTUR, STRUKTUR BETON / CONCRETE, SAFETY / K3, BEKISTING / FORMWORK, MEKANIKAL, EQUIPMENT / RENTAL, LANDSCAPING, PEKERJAAN TANAH / EARTHWORKS, AGREGAT / BAHAN URUG, LOGISTICS / TRANSPORT, BAHAN BANGUNAN, PEKERJAAN SIPIL STRUCTURE",2020001683,NO_SAP
2386,2020001684,SUHARJO,PROPOSED,"STP (SEWAGE, TREATMENT PLANT) & WTP (WATER TREATMENT PLANT)",2020001684,NO_SAP
2387,2020014156,SUHARSONO,PROPOSED,LANDSCAPING,2020014156,NO_SAP
2388,2020007119,SUHARTANDI BOEDI SANTOSO,PROPOSED,"FAÇADE / ARSITEKTUR, ELEKTRIKAL",2020007119,NO_SAP
2389,2020007127,SUJITO,PROPOSED,AGREGAT / BAHAN URUG,2020007127,NO_SAP
2390,2020008452,SUKARAEN,PROPOSED,"BORED PILE / PONDASI, MEKANIKAL, EQUIPMENT / RENTAL, STRUKTUR BETON / CONCRETE, FAÇADE / ARSITEKTUR, JALAN / PERKERASAN, PEKERJAAN TANAH / EARTHWORKS, AGREGAT / BAHAN URUG, LOGISTICS / TRANSPORT, BAHAN BANGUNAN, PEKERJAAN SIPIL STRUCTURE",2020008452,NO_SAP
2391,2020007133,SUKARNO,PROPOSED,"FAÇADE / ARSITEKTUR, BEKISTING / FORMWORK, STRUKTUR BETON / CONCRETE, JALAN / PERKERASAN, PEKERJAAN TANAH / EARTHWORKS, LOGISTICS / TRANSPORT, PEKERJAAN SIPIL STRUCTURE",2020007133,NO_SAP
2392,2020007131,SUKAMTO,PROPOSED,"MEKANIKAL, STRUKTUR BETON / CONCRETE, FAÇADE / ARSITEKTUR, BAHAN BANGUNAN, PEKERJAAN SIPIL STRUCTURE",2020007131,NO_SAP
2393,2020014057,SUKIR,PROPOSED,BORED PILE / PONDASI,2020014057,NO_SAP
2394,2020007956,SUKIRMAN,PROPOSED,"ELEKTRIKAL, EQUIPMENT / RENTAL, KONSULTAN PERENCANA, MEKANIKAL, STRUKTUR BETON / CONCRETE, FAÇADE / ARSITEKTUR",2020007956,NO_SAP
2395,2020013873,SUKIRMANTO BIMA ANGGARA,PROPOSED,"FAÇADE / ARSITEKTUR, BAHAN BANGUNAN",2020013873,NO_SAP
2396,2020012048,SUKSES KARYA HUTANI,EXISTING_PRESERVED,"EQUIPMENT / RENTAL
Jasa Sewa Equipment
Sewa Excavator + breaker (JK)",2020012048,
2397,2020007142,SUKSES MANDIRI BERKAH,PROPOSED,"LOGISTICS / TRANSPORT, EQUIPMENT / RENTAL",2020007142,NO_SAP
2398,2020009819,SUKSES TEKNIK PRATAMA,PROPOSED,SAFETY / K3,2020009819,NO_SAP
2399,2020012409,SULAIMAN,PROPOSED,"PLUMBING / PIPA, ELEKTRIKAL, MEKANIKAL, FAÇADE / ARSITEKTUR",2020012409,NO_SAP
2400,2020007146,SULARDI,PROPOSED,FAÇADE / ARSITEKTUR,2020007146,NO_SAP
2401,2020012849,SULIYANTO,PROPOSED,"STEEL / FABRIKASI, ELEKTRIKAL, MEKANIKAL, FAÇADE / ARSITEKTUR",2020012849,NO_SAP
2402,2020015407,SULONG JAYA,EXISTING_PRESERVED,Tidak ditemukan kesamaan lingkup pekerjaan,2020015407,
2403,2020013901,SULTHAN ASA NUSANTARA,EXISTING_PRESERVED,"FAÇADE / ARSITEKTUR, Kesamaan lingkup
Homogenous Tile 600 x 600 mm, Polish
Agregat Klas A
Pasir Pasang",2020013901,
2404,2020013915,SULTHAN ASA NUSANTARA,PROPOSED,SAFETY / K3,2020013915,NO_SAP
2405,2020007834,SUTARJO,PROPOSED,"JALAN / PERKERASAN, EQUIPMENT / RENTAL",2020007834,NO_SAP
2406,2020008463,SUMAPUTRA BANGUN ABADI,PROPOSED,FAÇADE / ARSITEKTUR,2020008463,NO_SAP
2407,2020012613,SUMARYONO,PROPOSED,"STRUKTUR BETON / CONCRETE, BAHAN BANGUNAN, BORED PILE / PONDASI, EQUIPMENT / RENTAL, PRECAST / BETON PRACETAK, BEKISTING / FORMWORK, FAÇADE / ARSITEKTUR, LANDSCAPING, JALAN / PERKERASAN, LOGISTICS / TRANSPORT, PEKERJAAN SIPIL STRUCTURE",2020012613,NO_SAP
2408,2020015778,SUMBER ALAM KENCANA,EXISTING_PRESERVED,Tidak ditemukan kesamaan lingkup pekerjaan,2020015778,
2409,2020010358,SUMBER BHINEKA MANDIRI,EXISTING_PRESERVED,"PEKERJAAN TANAH / EARTHWORKS
Subkon Galian Biasa untuk Timbunan",2020010358,
2410,2020010073,SUMBER JAYA CIPTA,EXISTING_PRESERVED,"BAHAN BANGUNAN, FAÇADE / ARSITEKTUR, STEEL / FABRIKASI
Skyliight atap kaca
Pek. Plafon Metal (JK)
Pek. Atap Aspal/Bitumen
Pek. Atap UPVC
Pek. Atap UPVC Semi Transparan
Pek. Kolom Hollow Galvanis untuk Atap Bi
Pek. Rangka Besi Hollow Galvanis 40X40 m
Pek. Rangka Besi Hollow Galvanis 50 X 10
Pek. Rangka Kuda-Kuda Atap Baja Ringan
Pek. Kaso & Reng Baja Ringan (JK)
Pek. Rangka Hollow Galvanis Plafond
Pek. Plafond UPVC include List
Pek. Plafond GRC tebal 4 mm",2020010073,
2411,2020011756,SUMBER KARYA TEKNIK MANDIRI,PROPOSED,"PLUMBING / PIPA, MEKANIKAL",2020011756,NO_SAP
2412,2020008102,SUMBER NIAGA PERSADA,PROPOSED,"PEKERJAAN TANAH / EARTHWORKS, AGREGAT / BAHAN URUG, SAFETY / K3",2020008102,NO_SAP
2413,2020001711,SUMBER REZEKI,PROPOSED,EQUIPMENT / RENTAL,2020001711,NO_SAP
2414,2020011009,SUMBER SAHABAT TEKNIK,PROPOSED,TESTING / LABORATORY,2020011009,NO_SAP
2415,2020013202,SUMBER SUKSES BERSAUDARA,PROPOSED,FAÇADE / ARSITEKTUR,2020013202,NO_SAP
2416,2020013203,SUMBER SUKSES BERSAUDARA,EXISTING_PRESERVED,"FAÇADE / ARSITEKTUR
Plafond Gypsum tebal 9 mm
Plafond WR
Plafond Gypsum tebal 9 mm SBB
Plafond WR SBB",2020013203,
2417,2020012680,SUMBER TEGUH CIPTA,PROPOSED,"PEKERJAAN TANAH / EARTHWORKS, AGREGAT / BAHAN URUG",2020012680,NO_SAP
2418,2020013830,SUMPONO,PROPOSED,"BEKISTING / FORMWORK, STRUKTUR BETON / CONCRETE, PEKERJAAN SIPIL STRUCTURE",2020013830,NO_SAP
2419,2020009179,SUMUR ADEM JAYA,PROPOSED,"STEEL / FABRIKASI, PEKERJAAN SIPIL STRUCTURE",2020009179,NO_SAP
2420,2020015818,SUN POWER CERAMICS,EXISTING_PRESERVED,"FAÇADE / ARSITEKTUR
Homogenous Tile 600 x 600 mm, Unpolish",2020015818,
2421,2020008057,SUNADI,PROPOSED,"STRUKTUR BETON / CONCRETE, PEKERJAAN SIPIL STRUCTURE",2020008057,NO_SAP
2422,2020014125,SUNADI,PROPOSED,LOGISTICS / TRANSPORT,2020014125,NO_SAP
2423,2020001717,SUNARDI,PROPOSED,LOGISTICS / TRANSPORT,2020001717,NO_SAP
2424,2020013827,SUNARTO,PROPOSED,"PEKERJAAN TANAH / EARTHWORKS, BAHAN BANGUNAN",2020013827,NO_SAP
2425,2020014558,SUNARTO,UNRESOLVED,,2020014558,NO_SAP
2426,2020012718,SUNGATMAN,PROPOSED,"BEKISTING / FORMWORK, BORED PILE / PONDASI, PLUMBING / PIPA, EQUIPMENT / RENTAL, STRUKTUR BETON / CONCRETE, FAÇADE / ARSITEKTUR, JALAN / PERKERASAN, BAHAN BANGUNAN, PEKERJAAN SIPIL STRUCTURE",2020012718,NO_SAP
2427,2020011473,SUNTARI,PROPOSED,"BEKISTING / FORMWORK, BAHAN BANGUNAN, BORED PILE / PONDASI, FAÇADE / ARSITEKTUR, PLUMBING / PIPA, ELEKTRIKAL, MEKANIKAL, STRUKTUR BETON / CONCRETE, SAFETY / K3, LOGISTICS / TRANSPORT, PEKERJAAN SIPIL STRUCTURE, FURNITURE PERMANEN ADM BLDG",2020011473,NO_SAP
2428,2020007182,SUPAR,PROPOSED,"BAHAN BANGUNAN, PRECAST / BETON PRACETAK, STRUKTUR BETON / CONCRETE, BEKISTING / FORMWORK, FAÇADE / ARSITEKTUR, LANDSCAPING, PEKERJAAN TANAH / EARTHWORKS, LOGISTICS / TRANSPORT, PEKERJAAN SIPIL STRUCTURE",2020007182,NO_SAP
2429,2020001723,SUPARDI,PROPOSED,FAÇADE / ARSITEKTUR,2020001723,NO_SAP
2430,2020008702,SUPARDI,PROPOSED,"PLUMBING / PIPA, ELEKTRIKAL, MEKANIKAL, STRUKTUR BETON / CONCRETE, FAÇADE / ARSITEKTUR, PEKERJAAN SIPIL STRUCTURE",2020008702,NO_SAP
2431,2020012982,SUPARDI,UNRESOLVED,,2020012982,NO_SAP
2432,2020007184,SUPARJI,PROPOSED,"STRUKTUR BETON / CONCRETE, BEKISTING / FORMWORK, PLUMBING / PIPA, EQUIPMENT / RENTAL, FAÇADE / ARSITEKTUR, PEKERJAAN SIPIL STRUCTURE",2020007184,NO_SAP
2433,2020009654,SUPARMAN,PROPOSED,"FAÇADE / ARSITEKTUR, BAHAN BANGUNAN, STRUKTUR BETON / CONCRETE, PEKERJAAN SIPIL STRUCTURE",2020009654,NO_SAP
2434,2020010870,SUPARMAN,PROPOSED,"FAÇADE / ARSITEKTUR, STRUKTUR BETON / CONCRETE, BAHAN BANGUNAN, BEKISTING / FORMWORK, FURNITURE PERMANEN ADM BLDG, STEEL / FABRIKASI, MEKANIKAL, PEKERJAAN TANAH / EARTHWORKS, AGREGAT / BAHAN URUG, LOGISTICS / TRANSPORT, PEKERJAAN SIPIL STRUCTURE",2020010870,NO_SAP
2435,2020015819,SUPARMO,PROPOSED,"MEKANIKAL, STRUKTUR BETON / CONCRETE, FAÇADE / ARSITEKTUR, PEKERJAAN TANAH / EARTHWORKS, LOGISTICS / TRANSPORT, BAHAN BANGUNAN, PEKERJAAN SIPIL STRUCTURE",2020015819,NO_SAP
2436,2020012312,SUPARNO COKI,PROPOSED,"BORED PILE / PONDASI, MEKANIKAL, STRUKTUR BETON / CONCRETE, PEKERJAAN SIPIL STRUCTURE",2020012312,NO_SAP
2437,2020012710,SUPARTO,PROPOSED,"EQUIPMENT / RENTAL, STRUKTUR BETON / CONCRETE, FAÇADE / ARSITEKTUR, SAFETY / K3, BAHAN BANGUNAN, PEKERJAAN SIPIL STRUCTURE",2020012710,NO_SAP
2438,2020003269,SUPER BETON PRIMA,EXISTING_PRESERVED,"EQUIPMENT / RENTAL
Beban Sewa Alat External",2020003269,
2439,2020008849,SUPLINTAMA MAJUSEMESTA,PROPOSED,MEKANIKAL,2020008849,NO_SAP
2440,2020001727,SUPRA MANUNGGAL SEJATI,EXISTING_PRESERVED,"FAÇADE / ARSITEKTUR, , PLUMBING / PIPA, STEEL / FABRIKASI
Perekat Keramik Standard MU-422
Tile Grout/Nat Keramik MU-408CF
Baja Profil (Steel Structure)
Homogenous Tile 600 x 600 mm, Matt
Homogenous Tile 300 x 600 mm, Polish
Homogenous Tile 600 x 600 mm, Polish
Homogenous Tile 600 x 600 mm, Unpolish
Pekerjaan Finishing Lanjutan 1
Paku
Base Plate For RSS
Hollow 40x60x1,8 mm (Galvanize)
Material Plumbing
Material semen Finishing
Tile Grout/Nat Keramik
Perekat keramik K1
Homogenous Tile 600 x 1200 mm, Matt
Keramik Dinding 30 x 30 cm
Stainless Steel T=15cm
Perekat Keramik Dinding MU-402
Perekat Keramik Lantai MU-450",2020001727,
2441,2020008181,SUPRABAKTI MANDIRI,PROPOSED,"FAÇADE / ARSITEKTUR, CARGO / LOGISTICS TRANSPORT (DARAT, LAUT, UDARA)",2020008181,NO_SAP
2442,2020003721,SUPRAJAYA INDO KARYA,PROPOSED,"STEEL / FABRIKASI, PEKERJAAN TANAH / EARTHWORKS, FAÇADE / ARSITEKTUR, STRUKTUR BETON / CONCRETE, GEOTEXTILE / GEOGRID / VERTICAL DRAIN, SAFETY / K3, LOGISTICS / TRANSPORT, BAHAN BANGUNAN",2020003721,NO_SAP
2443,2020014063,SUPRIADI,PROPOSED,"EQUIPMENT / RENTAL, JALAN / PERKERASAN",2020014063,NO_SAP
2444,2020007196,SUPRIATNA,PROPOSED,"MEKANIKAL, STRUKTUR BETON / CONCRETE, BAHAN BANGUNAN, EQUIPMENT / RENTAL, FAÇADE / ARSITEKTUR, BORED PILE / PONDASI, LANDSCAPING, PEKERJAAN TANAH / EARTHWORKS, AGREGAT / BAHAN URUG, LOGISTICS / TRANSPORT, PEKERJAAN SIPIL STRUCTURE",2020007196,NO_SAP
2445,2020012068,SUPRIH,PROPOSED,"STRUKTUR BETON / CONCRETE, PRECAST / BETON PRACETAK, BORED PILE / PONDASI, FAÇADE / ARSITEKTUR, MEKANIKAL, BAHAN BANGUNAN, EQUIPMENT / RENTAL, PEKERJAAN TANAH / EARTHWORKS, BEKISTING / FORMWORK, LANDSCAPING, STP (SEWAGE, TREATMENT PLANT) & WTP (WATER TREATMENT PLANT), LOGISTICS / TRANSPORT, PEKERJAAN SIPIL STRUCTURE",2020012068,NO_SAP
2446,2020007198,"SUPRIYANTO,MANDOR",PROPOSED,"PLUMBING / PIPA, ELEKTRIKAL, MEKANIKAL, FAÇADE / ARSITEKTUR",2020007198,NO_SAP
2447,2020002142,SURADI,PROPOSED,"FAÇADE / ARSITEKTUR, BEKISTING / FORMWORK, MEKANIKAL, STRUKTUR BETON / CONCRETE, BORED PILE / PONDASI, PLUMBING / PIPA, ELEKTRIKAL, EQUIPMENT / RENTAL, JALAN / PERKERASAN, PEKERJAAN TANAH / EARTHWORKS, LOGISTICS / TRANSPORT, BAHAN BANGUNAN, PEKERJAAN SIPIL STRUCTURE",2020002142,NO_SAP
2448,2020009399,SURGA TINTA,PROPOSED,"EQUIPMENT / RENTAL, FURNITURE PERMANEN ADM BLDG",2020009399,NO_SAP
2449,2020003030,SUROSO,PROPOSED,"EQUIPMENT / RENTAL, LOGISTICS / TRANSPORT",2020003030,NO_SAP
2450,2020015935,SUROSO,PROPOSED,"EQUIPMENT / RENTAL, LOGISTICS / TRANSPORT",2020015935,NO_SAP
2451,2020014547,SURUNG SIANTURI,UNRESOLVED,,2020014547,NO_SAP
2452,2010000006,SURVEYOR INDONESIA (PERSERO),PROPOSED,TESTING / LABORATORY,2010000006,NO_SAP
2453,2020001368,SURYA BAJA JAYA,PROPOSED,EQUIPMENT / RENTAL,2020001368,NO_SAP
2454,2020008121,SURYA KEN DALI,PROPOSED,"ELEKTRIKAL, FAÇADE / ARSITEKTUR, PLUMBING / PIPA, MEKANIKAL, STRUKTUR BETON / CONCRETE, LANDSCAPING, PEKERJAAN TANAH / EARTHWORKS, AGREGAT / BAHAN URUG, STP (SEWAGE, TREATMENT PLANT) & WTP (WATER TREATMENT PLANT), IT / TELECOM, BAHAN BANGUNAN",2020008121,NO_SAP
2455,2020007232,SURYA MANUNGGAL,PROPOSED,FAÇADE / ARSITEKTUR,2020007232,NO_SAP
2456,2020015521,SURYA SALIM SEJAHTERA,EXISTING_PRESERVED,Tidak ditemukan kesamaan lingkup pekerjaan,2020015521,
2457,2020008501,SURYA SUKMA JATI,EXISTING_PRESERVED,"AGREGAT / BAHAN URUG, BAHAN BANGUNAN
Pasir Pasang
Pasir Urug
Material Bantu
Pek. Alat dan Material Bantu (JK)",2020008501,
2458,2020001749,SURYADI,PROPOSED,"STRUKTUR BETON / CONCRETE, FAÇADE / ARSITEKTUR, PEKERJAAN SIPIL STRUCTURE",2020001749,NO_SAP
2459,2020009762,SURYADWIKA MANDIRI,EXISTING_PRESERVED,"ELEKTRIKAL, PEKERJAAN TANAH / EARTHWORKS, STRUKTUR BETON / CONCRETE
Subkon Urugan Material Berbutir
subkon urugan material berbutir 2
Subkon Galian Biasa untuk Dibuang
Fence Type 1 (Panel Beton)
Subkon Galian Biasa untuk Timbunan
Subkon persiapan tanah dasar
Pekerjaan Pagar Panel",2020009762,
2460,2020011991,SUTADI,PROPOSED,"STRUKTUR BETON / CONCRETE, BEKISTING / FORMWORK, FAÇADE / ARSITEKTUR, BAHAN BANGUNAN, PEKERJAAN TANAH / EARTHWORKS, LOGISTICS / TRANSPORT, PEKERJAAN SIPIL STRUCTURE",2020011991,NO_SAP
2461,2020014261,SUTEKNO,PROPOSED,"PEKERJAAN TANAH / EARTHWORKS, AGREGAT / BAHAN URUG",2020014261,NO_SAP
2462,2020002390,SUTRISNO,PROPOSED,"EQUIPMENT / RENTAL, FAÇADE / ARSITEKTUR",2020002390,NO_SAP
2463,2020009000,SUTRISNO,UNRESOLVED,,2020009000,NO_SAP
2464,2020009394,SUTRISNO,PROPOSED,"PEKERJAAN TANAH / EARTHWORKS, BORED PILE / PONDASI, STRUKTUR BETON / CONCRETE, FAÇADE / ARSITEKTUR, BAHAN BANGUNAN, JALAN / PERKERASAN, BEKISTING / FORMWORK, FURNITURE PERMANEN ADM BLDG, MEKANIKAL, PLUMBING / PIPA, ELEKTRIKAL, LOGISTICS / TRANSPORT, PEKERJAAN SIPIL STRUCTURE",2020009394,NO_SAP
2465,2020015119,SUTRISNO,UNRESOLVED,,2020015119,NO_SAP
2466,2020013411,SUTRISNO TUNGGARA,PROPOSED,"EQUIPMENT / RENTAL, LOGISTICS / TRANSPORT, STRUKTUR BETON / CONCRETE, JALAN / PERKERASAN, BAHAN BANGUNAN",2020013411,NO_SAP
2467,2020001764,SUWANDI,PROPOSED,"MEKANIKAL, EQUIPMENT / RENTAL, STRUKTUR BETON / CONCRETE, PEKERJAAN SIPIL STRUCTURE",2020001764,NO_SAP
2468,2020013540,SUWANDI,PROPOSED,EQUIPMENT / RENTAL,2020013540,NO_SAP
2469,2020007260,SUWARDI,PROPOSED,"PRECAST / BETON PRACETAK, BEKISTING / FORMWORK, PLUMBING / PIPA, ELEKTRIKAL, MEKANIKAL, STRUKTUR BETON / CONCRETE, LOGISTICS / TRANSPORT, PEKERJAAN SIPIL STRUCTURE",2020007260,NO_SAP
2470,2020012006,SUWARDI,PROPOSED,"FAÇADE / ARSITEKTUR, BAHAN BANGUNAN, BEKISTING / FORMWORK, PEKERJAAN TANAH / EARTHWORKS, PLUMBING / PIPA, BORED PILE / PONDASI, STRUKTUR BETON / CONCRETE, PEKERJAAN SIPIL STRUCTURE",2020012006,NO_SAP
2471,2020007261,"SUWARNO,MANDOR",PROPOSED,"FAÇADE / ARSITEKTUR, MEKANIKAL, STRUKTUR BETON / CONCRETE, JALAN / PERKERASAN, PEKERJAAN TANAH / EARTHWORKS, LOGISTICS / TRANSPORT, BAHAN BANGUNAN, PEKERJAAN SIPIL STRUCTURE",2020007261,NO_SAP
2472,2020015251,SUWARTO,PROPOSED,"PLUMBING / PIPA, LANDSCAPING",2020015251,NO_SAP
2473,2020012074,SUWONDO,PROPOSED,"EQUIPMENT / RENTAL, SAFETY / K3, LOGISTICS / TRANSPORT",2020012074,NO_SAP
2474,2020012818,SUYATNO,PROPOSED,"STRUKTUR BETON / CONCRETE, FAÇADE / ARSITEKTUR, MEKANIKAL, PRECAST / BETON PRACETAK, STP (SEWAGE, TREATMENT PLANT) & WTP (WATER TREATMENT PLANT), LOGISTICS / TRANSPORT, PEKERJAAN SIPIL STRUCTURE",2020012818,NO_SAP
2475,2020012829,SUYATNO,PROPOSED,FAÇADE / ARSITEKTUR,2020012829,NO_SAP
2476,2020001783,SUYETNO,PROPOSED,"BEKISTING / FORMWORK, BORED PILE / PONDASI, EQUIPMENT / RENTAL, STRUKTUR BETON / CONCRETE, PEKERJAAN SIPIL STRUCTURE",2020001783,NO_SAP
2477,2020001784,SUYOTO,UNRESOLVED,,2020001784,NO_SAP
2478,2020010840,SWAKARYA MEGA KONSTRUKSI,EXISTING_PRESERVED,"PEKERJAAN TANAH / EARTHWORKS
Soil Nailing
Mob & Persiapan Pek.Shoctcrete & Soil Na",2020010840,
2479,2020010365,SWARNA INDORAYA MAJUMANDIRI,PROPOSED,FAÇADE / ARSITEKTUR,2020010365,NO_SAP
2480,2020012386,SYAFII,PROPOSED,"EQUIPMENT / RENTAL, BEKISTING / FORMWORK, STRUKTUR BETON / CONCRETE, SAFETY / K3, PEKERJAAN SIPIL STRUCTURE",2020012386,NO_SAP
2481,2020013247,SYAFRIANDI,UNRESOLVED,,2020013247,NO_SAP
2482,2020003648,SYAHRIAL,PROPOSED,"PLUMBING / PIPA, ELEKTRIKAL, MEKANIKAL, STRUKTUR BETON / CONCRETE, FAÇADE / ARSITEKTUR, PEKERJAAN SIPIL STRUCTURE",2020003648,NO_SAP
2483,2020015610,SYAHRIAL,PROPOSED,FAÇADE / ARSITEKTUR,2020015610,NO_SAP
2484,2020012028,SYMPHOS ELECTRIC,PROPOSED,ELEKTRIKAL,2020012028,NO_SAP
2485,2020015796,SYNERGY DUA KAWAN SEJATI,EXISTING_PRESERVED,Tidak ditemukan kesamaan lingkup pekerjaan,2020015796,
2486,2020007287,T FAHMI,PROPOSED,"STRUKTUR BETON / CONCRETE, BAHAN BANGUNAN",2020007287,NO_SAP
2487,2020005435,PT. ICHTIAR ELECTRINDO,PROPOSED,MEKANIKAL,2020005435,NO_SAP
2488,2020015235,TAHIR,PROPOSED,"BEKISTING / FORMWORK, PLUMBING / PIPA, MEKANIKAL, STRUKTUR BETON / CONCRETE, FAÇADE / ARSITEKTUR, PEKERJAAN TANAH / EARTHWORKS, AGREGAT / BAHAN URUG, LOGISTICS / TRANSPORT, BAHAN BANGUNAN, BANGUNAN PENGAIRAN ( BENDUNG, IRIGASI, SUNGAI, PINTU AIR ), PEKERJAAN SIPIL STRUCTURE",2020015235,NO_SAP
2489,2020012066,TAIF MAFKHURI,PROPOSED,SAFETY / K3,2020012066,NO_SAP
2490,2020010308,TALENTA BERBAKAT INDONESIA,EXISTING_PRESERVED,Tidak ditemukan kesamaan lingkup pekerjaan,2020010308,
2491,2020007293,TALENTA PUTRA UTAMA,PROPOSED,"PEKERJAAN TANAH / EARTHWORKS, EQUIPMENT / RENTAL, BAHAN BANGUNAN",2020007293,NO_SAP
2492,2020008411,TALENTAMAJU USAHABERSAMA,UNRESOLVED,,2020008411,NO_SAP
2493,2020001804,TAMAN BUKIT MAS,UNRESOLVED,,2020001804,NO_SAP
2494,2020007830,STEEL PIPE INDUSTRY OF INDONES,PROPOSED,PLUMBING / PIPA,2020007830,NO_SAP
2495,2020007296,TAMARA BAKTI USAHA MANGGALA,PROPOSED,AGREGAT / BAHAN URUG,2020007296,NO_SAP
2496,2020013163,TAMATEK INTI KARYA MANDIRI,EXISTING_PRESERVED,Fan,2020013163,
2497,2020015951,TAMI RAYA ABADI,EXISTING_PRESERVED,"JALAN / PERKERASAN
Subkon Galian Perkerasan Beton",2020015951,
2498,2020011815,TANGGUH KRAKATAU MANDIRI,PROPOSED,EQUIPMENT / RENTAL,2020011815,NO_SAP
2499,2020015201,TANJUNG KARAYA,EXISTING_PRESERVED,Tidak ditemukan kesamaan lingkup pekerjaan,2020015201,
2500,2020009384,TANJUNGSARI PRIMA SENTOSA,PROPOSED,EQUIPMENT / RENTAL,2020009384,NO_SAP
2501,2020013956,TANJUNGSARI PRIMA SENTOSA,PROPOSED,EQUIPMENT / RENTAL,2020013956,NO_SAP
2502,2020010099,TASHA INDONESIA,PROPOSED,EQUIPMENT / RENTAL,2020010099,NO_SAP
2503,2020015060,TATA KREASINDO JAYA,EXISTING_PRESERVED,Tidak ditemukan kesamaan lingkup pekerjaan,2020015060,
2504,2020008376,TATHONG PERKASA,PROPOSED,"EQUIPMENT / RENTAL, MEKANIKAL, STRUKTUR BETON / CONCRETE",2020008376,NO_SAP
2505,2020008921,TATHONG PERKASA,PROPOSED,"EQUIPMENT / RENTAL, MEKANIKAL, STRUKTUR BETON / CONCRETE, SAFETY / K3",2020008921,NO_SAP
2506,2020015517,TAUFIK PAMBUDI,PROPOSED,LOGISTICS / TRANSPORT,2020015517,NO_SAP
2507,2020011082,TAUFIK RUSWANDI,UNRESOLVED,,2020011082,NO_SAP
2508,2020007326,TAUFIQ SETIAWAN,PROPOSED,FAÇADE / ARSITEKTUR,2020007326,NO_SAP
2509,2020014246,TAUPAN PARIJ NASRULSYAH,UNRESOLVED,,2020014246,NO_SAP
2510,2020011675,TEGUH PAMBUDI,PROPOSED,PLUMBING / PIPA,2020011675,NO_SAP
2511,2020013811,TEGUH SUBIANTORO,PROPOSED,SAFETY / K3,2020013811,NO_SAP
2512,2020007339,TEHNIK NUSANTARA,PROPOSED,STEEL / FABRIKASI,2020007339,NO_SAP
2513,2020015583,TEJO MARDI OETOMO,PROPOSED,FAÇADE / ARSITEKTUR,2020015583,NO_SAP
2514,2020007836,TEKNINDO GEOSISTEM UNGGUL,PROPOSED,TESTING / LABORATORY,2020007836,NO_SAP
2515,2020010244,TEKNOLIKA REKA SOLUSI,EXISTING_PRESERVED,Tidak ditemukan kesamaan lingkup pekerjaan,2020010244,
2516,2020007345,TEKNOLOGI APLIKASI SEJAHTERA,PROPOSED,EQUIPMENT / RENTAL,2020007345,NO_SAP
2517,2020008687,TELADAN JAYA LESTARI,EXISTING_PRESERVED,Tidak ditemukan kesamaan lingkup pekerjaan,2020008687,
2518,2020011847,TENANG SUPARYO,PROPOSED,"STRUKTUR BETON / CONCRETE, BAHAN BANGUNAN, BEKISTING / FORMWORK, STEEL / FABRIKASI, MEKANIKAL, EQUIPMENT / RENTAL, PRECAST / BETON PRACETAK, FAÇADE / ARSITEKTUR, JALAN / PERKERASAN, PEKERJAAN TANAH / EARTHWORKS, STP (SEWAGE, TREATMENT PLANT) & WTP (WATER TREATMENT PLANT), SAFETY / K3, LOGISTICS / TRANSPORT, PEKERJAAN SIPIL STRUCTURE",2020011847,NO_SAP
2519,2020007814,MUHAMMAD RIFAI,PROPOSED,"BEKISTING / FORMWORK, PLUMBING / PIPA, ELEKTRIKAL, MEKANIKAL, STRUKTUR BETON / CONCRETE, PRECAST / BETON PRACETAK, FAÇADE / ARSITEKTUR, STP (SEWAGE, TREATMENT PLANT) & WTP (WATER TREATMENT PLANT), LOGISTICS / TRANSPORT, BAHAN BANGUNAN, PEKERJAAN SIPIL STRUCTURE",2020007814,NO_SAP
2520,2020001373,TETRASA GEOSININDO,EXISTING_PRESERVED,Tidak ditemukan kesamaan lingkup pekerjaan,2020001373,
2521,2020001833,TETRASA GEOSININDO,PROPOSED,"FAÇADE / ARSITEKTUR, GEOTEXTILE / GEOGRID / VERTICAL DRAIN",2020001833,NO_SAP
2522,2020001374,THE MASTER STEEL MANUFACTORY,PROPOSED,"STRUKTUR BETON / CONCRETE, BAHAN BANGUNAN",2020001374,NO_SAP
2523,2020001834,THE MASTER STEEL MANUFACTORY,EXISTING_PRESERVED,", STRUKTUR BETON / CONCRETE
Besi Beton
Besi Beton Ulir Dia. 10
Besi Beton Ulir Dia. 13
Besi Beton Ulir Dia. 16
Besi Beton Ulir Dia. 19
Besi Beton Ulir Dia. 22
Besi Beton Ulir Dia. 32
Besi Beton Ulir",2020001834,
2524,2020015080,THERESIA.M.S.EBE,PROPOSED,"EQUIPMENT / RENTAL, PRECAST / BETON PRACETAK, STP (SEWAGE, TREATMENT PLANT) & WTP (WATER TREATMENT PLANT)",2020015080,NO_SAP
2525,2020007369,THOMAS PONDASI PERKASA,EXISTING_PRESERVED,"BORED PILE / PONDASI
Upah Pancang CSP D80cm
Upah Pancang CSP D60cm",2020007369,
2526,2020014238,THRESIA HOSANNA SUMUAL,UNRESOLVED,,2020014238,NO_SAP
2527,2020007372,THYSSENKRUPP INDUSTRIAL SOLUTI,UNRESOLVED,,2020007372,NO_SAP
2528,2020010247,THYSSENKRUPP INDUSTRIAL SOLUTI,UNRESOLVED,,2020010247,NO_SAP
2529,2020012455,TIA TUANA JAYA,EXISTING_PRESERVED,"JALAN / PERKERASAN
Galian Jalan Akses
Pemeliharaan Jalan Akses Interface Antar",2020012455,
2530,2020010882,TIARA CITRA MEGAH,EXISTING_PRESERVED,"Kesamaan lingkup
Agregat Klas A",2020010882,
2531,2020010528,TIARA COMPUTINDO MEGAH,UNRESOLVED,,2020010528,NO_SAP
2532,2020014379,TIGA BUNGA SAKTI,EXISTING_PRESERVED,"Kesamaan lingkup
Agregat Klas A",2020014379,
2533,2020011850,TIGA JAYA SOLUTIONS,EXISTING_PRESERVED,Tidak ditemukan kesamaan lingkup pekerjaan,2020011850,
2534,2020012724,TIGA KURNIA SUKSES MAKMURABADI,EXISTING_PRESERVED,Tidak ditemukan kesamaan lingkup pekerjaan,2020012724,
2535,2020007384,TIGENCO GRAHA PERSADA,EXISTING_PRESERVED,Tidak ditemukan kesamaan lingkup pekerjaan,2020007384,
2536,2020009668,TIKA SANTIKA,PROPOSED,"PEKERJAAN TANAH / EARTHWORKS, PLUMBING / PIPA, STRUKTUR BETON / CONCRETE, BEKISTING / FORMWORK, FAÇADE / ARSITEKTUR, PEKERJAAN SIPIL STRUCTURE",2020009668,NO_SAP
2537,2020012059,"TIMOR VEHICLES, UNIPESSOAL, LD",PROPOSED,"EQUIPMENT / RENTAL, PLUMBING / PIPA, STRUKTUR BETON / CONCRETE, JALAN / PERKERASAN, AGREGAT / BAHAN URUG, LOGISTICS / TRANSPORT",2020012059,NO_SAP
2538,2020007387,TIMUR SUKSES BAJATAMA,EXISTING_PRESERVED,"STRUKTUR BETON / CONCRETE
Besi Beton",2020007387,
2539,2020014425,TIOVANI ORLANDO SUMUAN,PROPOSED,"BAHAN BANGUNAN, PEKERJAAN TANAH / EARTHWORKS, STRUKTUR BETON / CONCRETE, FAÇADE / ARSITEKTUR, PEKERJAAN SIPIL STRUCTURE",2020014425,NO_SAP
2540,2020012737,TIRTA BUMI NAGA,EXISTING_PRESERVED,Tidak ditemukan kesamaan lingkup pekerjaan,2020012737,
2541,2020008060,TIRTA ERA BUANA,EXISTING_PRESERVED,"MEKANIKAL
Pompa Plumbing
Pompa Plumbing Elbara
Pengadaan Pompa Plumbing
Pompa Hydrant
Pompa Hydrant Grundfos
Fire Pump / Pompa Pemadam Kebakaran",2020008060,
2542,2020007396,TIRTA POTENSIA,PROPOSED,"PLUMBING / PIPA, MEKANIKAL",2020007396,NO_SAP
2543,2020009446,TITIAN LANCAR ABADI,PROPOSED,"PLUMBING / PIPA, TESTING / LABORATORY",2020009446,NO_SAP
2544,2020002544,TJAKRINDO MAS,EXISTING_PRESERVED,"PRECAST / BETON PRACETAK, STRUKTUR BETON / CONCRETE
Precast headstok HS1
Precast headstok HS2
Precast headstok HS3
Precast balok LB1
Precast balok LB2
Precast balok LB3
Precast balok LB4
Precast balok LB5
Precast balok LB6
Precast balok LB7
Precast balok CB1
Precast balok CB2
Precast balok CB3
Precast balok CB4
Precast balok CB5
Precast balok CB6
Precast balok CB7
Precast balok CB8
Precast slab S1
Precast slab S2
Precast slab S3
Precast slab S4
Precast slab S5
Precast slab S6
Beton Readymix fc' 10 (Semen Type V)
Beton Readymix fc' 30 (Semen Type V)
Beton Readymix fc' 35 (Semen Type V)
Balok Pracetak K430 Ratio Rebar 162kg/m3",2020002544,
2545,2020015105,TJIA IMANUEL CIWENDRO,PROPOSED,"PLUMBING / PIPA, STP (SEWAGE, TREATMENT PLANT) & WTP (WATER TREATMENT PLANT)",2020015105,NO_SAP
2546,2020010861,TJIPTA PRESTASI SEJAHTERA,PROPOSED,"EQUIPMENT / RENTAL, LOGISTICS / TRANSPORT",2020010861,NO_SAP
2547,2020007914,TK JAYA UTAMA,PROPOSED,SAFETY / K3,2020007914,NO_SAP
2548,2020015812,TOGA ORTO PRIMA,EXISTING_PRESERVED,Tidak ditemukan kesamaan lingkup pekerjaan,2020015812,
2549,2020014548,TOHA MUFAROZ,PROPOSED,"STRUKTUR BETON / CONCRETE, MEKANIKAL, FAÇADE / ARSITEKTUR, PEKERJAAN TANAH / EARTHWORKS, LOGISTICS / TRANSPORT, PEKERJAAN SIPIL STRUCTURE",2020014548,NO_SAP
2550,2020011601,TOKO BESI 88,PROPOSED,"MEKANIKAL, STRUKTUR BETON / CONCRETE, FAÇADE / ARSITEKTUR, AGREGAT / BAHAN URUG, BAHAN BANGUNAN",2020011601,NO_SAP
2551,2020012345,TOKO BESI 88,PROPOSED,"PLUMBING / PIPA, STRUKTUR BETON / CONCRETE, FAÇADE / ARSITEKTUR, BAHAN BANGUNAN",2020012345,NO_SAP
2552,2020013161,TONA MORA SAKTI,EXISTING_PRESERVED,Tidak ditemukan kesamaan lingkup pekerjaan,2020013161,
2553,2020015081,TONI RAHMADHANI,PROPOSED,"PLUMBING / PIPA, STP (SEWAGE, TREATMENT PLANT) & WTP (WATER TREATMENT PLANT)",2020015081,NO_SAP
2554,2020004176,ALI SUBQI,PROPOSED,"STRUKTUR BETON / CONCRETE, FAÇADE / ARSITEKTUR, BAHAN BANGUNAN, BEKISTING / FORMWORK, BORED PILE / PONDASI, FURNITURE PERMANEN ADM BLDG, JALAN / PERKERASAN, MEKANIKAL, PRECAST / BETON PRACETAK, LOGISTICS / TRANSPORT, PEKERJAAN SIPIL STRUCTURE",2020004176,NO_SAP
2555,2020014013,TOPUR KARYA MANDIRI,EXISTING_PRESERVED,"BAHAN BANGUNAN
Paving Conblock 10cm
Guiding Block 30 x 30 x 4cm Tipe Spot",2020014013,
2556,2020007446,TOTAL SAGA GEMILANG,PROPOSED,SAFETY / K3,2020007446,NO_SAP
2557,2020015584,TOTOK SUDIANTO,UNRESOLVED,,2020015584,NO_SAP
2558,2020007450,TRAFOINDO PRIMA PERKASA,EXISTING_PRESERVED,"ELEKTRIKAL
Trafo 1000 KVA & Outgoing Panel TM",2020007450,
2559,2020008097,TRAKTORIN MITRA INDONESIA,PROPOSED,"MEKANIKAL, EQUIPMENT / RENTAL, STRUKTUR BETON / CONCRETE",2020008097,NO_SAP
2560,2020010658,TRANSDATA SATKOMINDO,PROPOSED,BORED PILE / PONDASI,2020010658,NO_SAP
2561,2020013251,TRANSFORMA SINERGI INDONESIA,EXISTING_PRESERVED,Tidak ditemukan kesamaan lingkup pekerjaan,2020013251,
2562,2020012860,TRI DAYA USAHATAMA,PROPOSED,"STEEL / FABRIKASI, BORED PILE / PONDASI, EQUIPMENT / RENTAL, STRUKTUR BETON / CONCRETE, PRECAST / BETON PRACETAK, FAÇADE / ARSITEKTUR, JALAN / PERKERASAN, PEKERJAAN TANAH / EARTHWORKS, AGREGAT / BAHAN URUG, TESTING / LABORATORY",2020012860,NO_SAP
2563,2020015826,TRI MUSTAKIM,PROPOSED,SAFETY / K3,2020015826,NO_SAP
2564,2020003044,TRI SUKSES MAKMUR,PROPOSED,"FAÇADE / ARSITEKTUR, BAHAN BANGUNAN",2020003044,NO_SAP
2565,2020002340,TRI TUNGGAL PERDANA,PROPOSED,"EQUIPMENT / RENTAL, LOGISTICS / TRANSPORT",2020002340,NO_SAP
2566,2020007468,TRI TUNGGAL UTAMA,PROPOSED,FAÇADE / ARSITEKTUR,2020007468,NO_SAP
2567,2020010349,TRI WINARNO,PROPOSED,"FAÇADE / ARSITEKTUR, STRUKTUR BETON / CONCRETE, PRECAST / BETON PRACETAK, PEKERJAAN TANAH / EARTHWORKS, BAHAN BANGUNAN, MEKANIKAL, ELEKTRIKAL, EQUIPMENT / RENTAL, PLUMBING / PIPA, STEEL / FABRIKASI, BEKISTING / FORMWORK, FURNITURE PERMANEN ADM BLDG, AGREGAT / BAHAN URUG, LOGISTICS / TRANSPORT, BORED PILE / PONDASI, JALAN / PERKERASAN, LANDSCAPING, STP (SEWAGE, TREATMENT PLANT) & WTP (WATER TREATMENT PLANT), SAFETY / K3, PEKERJAAN SIPIL STRUCTURE",2020010349,NO_SAP
2568,2020012504,TRI WINARTO,PROPOSED,"FAÇADE / ARSITEKTUR, STRUKTUR BETON / CONCRETE",2020012504,NO_SAP
2569,2020007472,TRIAS INDRA SAPUTRA,EXISTING_PRESERVED,"ELEKTRIKAL
Panel Tegangan Rendah Komponen Schneider
Panel UPS
Panel Tegangan Rendah",2020007472,
2570,2020015216,TRIAWATI AGUSTINA,PROPOSED,"PLUMBING / PIPA, ELEKTRIKAL, MEKANIKAL, IT / TELECOM",2020015216,NO_SAP
2571,2020015188,TRIDAYA ENERGI PERSADA,EXISTING_PRESERVED,Tidak ditemukan kesamaan lingkup pekerjaan,2020015188,
2572,2020013494,TRIGAN MULTI TERAPAN,EXISTING_PRESERVED,Tidak ditemukan kesamaan lingkup pekerjaan,2020013494,
2573,2020011882,TRIJATA NUSA / TRITANU,PROPOSED,"PLUMBING / PIPA, ELEKTRIKAL, MEKANIKAL",2020011882,NO_SAP
2574,2020010688,TRIMITRA SISTEM SOLUSINDO,PROPOSED,FURNITURE PERMANEN ADM BLDG,2020010688,NO_SAP
2575,2020007495,TRINITY KARUNIA BAJA,PROPOSED,"STRUKTUR BETON / CONCRETE, LOGISTICS / TRANSPORT, PEKERJAAN SIPIL STRUCTURE",2020007495,NO_SAP
2576,2020007499,TRIPONDASI MANUNGGAL. PT,PROPOSED,"BORED PILE / PONDASI, EQUIPMENT / RENTAL, STRUKTUR BETON / CONCRETE, PRECAST / BETON PRACETAK, JALAN / PERKERASAN",2020007499,NO_SAP
2577,2020007508,TROCON INDAH PERKASA,EXISTING_PRESERVED,Tidak ditemukan kesamaan lingkup pekerjaan,2020007508,
2578,2020015069,TUAH POMA SEUJAHTRA RAYA,EXISTING_PRESERVED,Tidak ditemukan kesamaan lingkup pekerjaan,2020015069,
2579,2020010860,TUGIMAN,PROPOSED,"STRUKTUR BETON / CONCRETE, PEKERJAAN SIPIL STRUCTURE",2020010860,NO_SAP
2580,2020007511,TUGIYONO,PROPOSED,"FAÇADE / ARSITEKTUR, PLUMBING / PIPA, ELEKTRIKAL, MEKANIKAL, STRUKTUR BETON / CONCRETE, PEKERJAAN SIPIL STRUCTURE",2020007511,NO_SAP
2581,2020002521,TUGU BETON SEMESTA ABADI,PROPOSED,"MEKANIKAL, EQUIPMENT / RENTAL, STRUKTUR BETON / CONCRETE, LOGISTICS / TRANSPORT",2020002521,NO_SAP
2582,2020012225,TUGU BETON SEMESTA ABADI,EXISTING_PRESERVED,Tidak ditemukan kesamaan lingkup pekerjaan,2020012225,
2583,2020001894,TUKIMAN,UNRESOLVED,,2020001894,NO_SAP
2584,2020015790,TUKIMAN,UNRESOLVED,,2020015790,NO_SAP
2585,2020003527,TUMBUAN DAN PARTNERS,PROPOSED,LEGAL / CORPORATE,2020003527,NO_SAP
2586,2020015628,TUNAS HARAPAN MULIA,EXISTING_PRESERVED,Tidak ditemukan kesamaan lingkup pekerjaan,2020015628,
2587,2020003457,TUNAS JAYA CIPTA,UNRESOLVED,,2020003457,NO_SAP
2588,2020014344,TUNAS MANDIRI LOGAM,EXISTING_PRESERVED,Deck Drain,2020014344,
2589,2020007523,TUNAS RUANG MESIN,EXISTING_PRESERVED,"EQUIPMENT / RENTAL, MEKANIKAL
Air Compressor
sewa alat berat",2020007523,
2590,2020014250,TUREN KARYA MANDIRI,PROPOSED,"PRECAST / BETON PRACETAK, STRUKTUR BETON / CONCRETE, BEKISTING / FORMWORK, FAÇADE / ARSITEKTUR, PEKERJAAN SIPIL STRUCTURE",2020014250,NO_SAP
2591,2020008686,TVW KARUNIA QIN,PROPOSED,"EQUIPMENT / RENTAL, BEKISTING / FORMWORK, STRUKTUR BETON / CONCRETE, SAFETY / K3, LOGISTICS / TRANSPORT, PEKERJAAN SIPIL STRUCTURE",2020008686,NO_SAP
2592,2020011958,UATU RIDI UNIPESSOAL LDA,EXISTING_PRESERVED,Tidak ditemukan kesamaan lingkup pekerjaan,2020011958,
2593,2020014555,UBAYANTI. SIP,PROPOSED,"EQUIPMENT / RENTAL, LOGISTICS / TRANSPORT",2020014555,NO_SAP
2594,2020005815,KOMARI,PROPOSED,"BAHAN BANGUNAN, FAÇADE / ARSITEKTUR, STRUKTUR BETON / CONCRETE, BEKISTING / FORMWORK, BORED PILE / PONDASI, STEEL / FABRIKASI, ELEKTRIKAL, MEKANIKAL, EQUIPMENT / RENTAL, LANDSCAPING, JALAN / PERKERASAN, PEKERJAAN TANAH / EARTHWORKS, AGREGAT / BAHAN URUG, LOGISTICS / TRANSPORT, PEKERJAAN SIPIL STRUCTURE",2020005815,NO_SAP
2595,2020011600,UD BERSATU,UNRESOLVED,,2020011600,NO_SAP
2596,2020006164,UD MITRA SEJATI,PROPOSED,EQUIPMENT / RENTAL,2020006164,NO_SAP
2597,2020012736,UFAN KIAS MAJA,PROPOSED,"FAÇADE / ARSITEKTUR, EQUIPMENT / RENTAL, FURNITURE PERMANEN ADM BLDG",2020012736,NO_SAP
2598,2020000887,LIGA ADHI BUANA,PROPOSED,"EQUIPMENT / RENTAL, STRUKTUR BETON / CONCRETE, AGREGAT / BAHAN URUG, CARGO / LOGISTICS TRANSPORT (DARAT, LAUT, UDARA), PEKERJAAN SIPIL STRUCTURE",2020000887,NO_SAP
2599,2020007538,UJANG SURYANA,PROPOSED,"JALAN / PERKERASAN, EQUIPMENT / RENTAL",2020007538,NO_SAP
2600,2020012393,UJANG SURYANA,UNRESOLVED,,2020012393,NO_SAP
2601,2020011025,UKA II UNIPESSOAL LDA,PROPOSED,"JALAN / PERKERASAN, PEKERJAAN TANAH / EARTHWORKS, AGREGAT / BAHAN URUG, LOGISTICS / TRANSPORT",2020011025,NO_SAP
2602,2020005835,KRETINDO AGAPE,PROPOSED,"MEKANIKAL, EQUIPMENT / RENTAL, STRUKTUR BETON / CONCRETE, PRECAST / BETON PRACETAK, LOGISTICS / TRANSPORT, BAHAN BANGUNAN",2020005835,NO_SAP
2603,2020008307,ULFA JAYA SUKSES,PROPOSED,"ELEKTRIKAL, FAÇADE / ARSITEKTUR, AGREGAT / BAHAN URUG",2020008307,NO_SAP
2604,2020008839,ULTRA DELTA MAJU,UNRESOLVED,,2020008839,NO_SAP
2605,2020012239,UNDIP CITRA CIPTAPRIMA,PROPOSED,TESTING / LABORATORY,2020012239,NO_SAP
2606,2020011673,UNGGUL SUKSES KONSTRUKSI,PROPOSED,"PRECAST / BETON PRACETAK, AGREGAT / BAHAN URUG, JALAN / PERKERASAN, LOGISTICS / TRANSPORT",2020011673,NO_SAP
2607,2020001921,UNION METAL,EXISTING_PRESERVED,", STEEL / FABRIKASI
Steel Deck (JK)
Wiremesh
Floordeck
Plat Bondex",2020001921,
2608,2020002285,UNITED MEDIA,EXISTING_PRESERVED,"ELEKTRIKAL, EQUIPMENT / RENTAL, STRUKTUR BETON / CONCRETE
Pemb.Genset 150 Kva
Kawat Beton / Bendrat
Mob/demob.crane 100 ton
Mob/demob.crane 50 ton",2020002285,
2609,2020001922,"UNITED TRACTORS, TBK",PROPOSED,FURNITURE PERMANEN ADM BLDG,2020001922,NO_SAP
2610,2020009311,UNIVERSITAS SEBELAS MARET,PROPOSED,LEGAL / CORPORATE,2020009311,NO_SAP
2611,2020001923,UNTUNG,PROPOSED,"FAÇADE / ARSITEKTUR, STEEL / FABRIKASI, STRUKTUR BETON / CONCRETE, LANDSCAPING, PEKERJAAN SIPIL STRUCTURE",2020001923,NO_SAP
2612,2020013131,UNTUNG PURNOMO,PROPOSED,"FAÇADE / ARSITEKTUR, BAHAN BANGUNAN",2020013131,NO_SAP
2613,2020013132,UNTUNG PURNOMO,PROPOSED,LANDSCAPING,2020013132,NO_SAP
2614,2020010550,UPOYO,PROPOSED,"FAÇADE / ARSITEKTUR, STRUKTUR BETON / CONCRETE, AGREGAT / BAHAN URUG, SAFETY / K3, PEKERJAAN SIPIL STRUCTURE",2020010550,NO_SAP
2615,2020013549,USEP DARMAJA,PROPOSED,"EQUIPMENT / RENTAL, SAFETY / K3, LOGISTICS / TRANSPORT",2020013549,NO_SAP
2616,2020013550,USEP DARMAJA,PROPOSED,"EQUIPMENT / RENTAL, SAFETY / K3, LOGISTICS / TRANSPORT",2020013550,NO_SAP
2617,2020015598,USMAN,PROPOSED,"FAÇADE / ARSITEKTUR, JALAN / PERKERASAN",2020015598,NO_SAP
2618,2020007833,SUPRAJAYA DUARIBU SATU,EXISTING_PRESERVED,"BAHAN BANGUNAN, FAÇADE / ARSITEKTUR, STEEL / FABRIKASI, STRUKTUR BETON / CONCRETE
Atap Kanopi Entrance 2
Keramik Lantai 30 x 30 cm
Sandwich Panel
Mobox dan Hollow
Homogenous Tile 600 x 600 mm, Unpolish
Homogenous Tile 600 x 600 mm, Polish
Kolom Praktis 80.80 8x3M
Kolom Praktis 80.80 10/4x3M
Kawat Beton / Bendrat",2020007833,
2619,2020003320,UTOMODECK METAL WORKS,PROPOSED,"FAÇADE / ARSITEKTUR, JALAN / PERKERASAN",2020003320,NO_SAP
2620,2020015137,UZMA RAYA,EXISTING_PRESERVED,Tidak ditemukan kesamaan lingkup pekerjaan,2020015137,
2621,2020013390,VAHANA GASTI TEKNIKA,EXISTING_PRESERVED,"ELEKTRIKAL
Ligthing Distribution panel (BS,CS,CS, J",2020013390,
2622,2020015200,VAL SOLUSI INDONESIA,EXISTING_PRESERVED,Tidak ditemukan kesamaan lingkup pekerjaan,2020015200,
2623,2010000043,VARIA USAHA BETON,EXISTING_PRESERVED,"BORED PILE / PONDASI, STRUKTUR BETON / CONCRETE
Beton Readymix Fc 35 12±2 NFA
Beton Readymix Fc 41 18±2 NFA
Tiang Pancang Beton K-500 30 cm x 30 cm",2010000043,
2624,2020009923,VARIA USAHA BETON,PROPOSED,"STRUKTUR BETON / CONCRETE, BAHAN BANGUNAN",2020009923,NO_SAP
2625,2020011887,VARIAN GLOBAL PERENCANA,EXISTING_PRESERVED,Tidak ditemukan kesamaan lingkup pekerjaan,2020011887,
2626,2020013941,VERDIANSYAH,UNRESOLVED,,2020013941,NO_SAP
2627,2020008847,SABERINDO PACIFIC,PROPOSED,"MEKANIKAL, SAFETY / K3",2020008847,NO_SAP
2628,2020015927,VERTIKAMA KONTINU JAYA,EXISTING_PRESERVED,Tidak ditemukan kesamaan lingkup pekerjaan,2020015927,
2629,2020012097,VEVI NURKAWATI,PROPOSED,"JALAN / PERKERASAN, BAHAN BANGUNAN, PEKERJAAN TANAH / EARTHWORKS",2020012097,NO_SAP
2630,2020008696,VICINDO JAYA MAKMUR,EXISTING_PRESERVED,Tidak ditemukan kesamaan lingkup pekerjaan,2020008696,
2631,2020010730,VICKY ZULFIKAR,PROPOSED,"FAÇADE / ARSITEKTUR, STEEL / FABRIKASI, ELEKTRIKAL, MEKANIKAL, STRUKTUR BETON / CONCRETE, LANDSCAPING, PEKERJAAN TANAH / EARTHWORKS, SAFETY / K3, BAHAN BANGUNAN, PEKERJAAN SIPIL STRUCTURE",2020010730,NO_SAP
2632,2020015415,VICTORI GADING INDAH JAYA,EXISTING_PRESERVED,Tidak ditemukan kesamaan lingkup pekerjaan,2020015415,
2633,2020011874,VICTORINDO INTI CEMERLANG,EXISTING_PRESERVED,"ELEKTRIKAL
STP Kap.8 m3/hr C/W Blower & Panel",2020011874,
2634,2020008773,VIESTA INDAH PERKASA,EXISTING_PRESERVED,Tidak ditemukan kesamaan lingkup pekerjaan,2020008773,
2635,2020012629,VIKTORI MANDALA PUTRA,PROPOSED,ELEKTRIKAL,2020012629,NO_SAP
2636,2020015830,VINCENT SOPUTRA,PROPOSED,FAÇADE / ARSITEKTUR,2020015830,NO_SAP
2637,2020013610,VINIE JAYA BERKAH,EXISTING_PRESERVED,Tidak ditemukan kesamaan lingkup pekerjaan,2020013610,
2638,2020012863,VINIUS ARTHA MAKMUR,EXISTING_PRESERVED,"BAHAN BANGUNAN, FAÇADE / ARSITEKTUR, Kesamaan lingkup, STRUKTUR BETON / CONCRETE
Material Bantu
Pasir Urug
Kawat Beton / Bendrat
Konsumables Cor Beton
Pek. Alat dan Material Bantu (JK)
Kolom Praktis
Pasir Pasang
Pek. Atap_JK
Pek. Penutup Atap_JK_LS
Jasa Pasang Sandwich Panel
Pek. Struktur Baja_JK_LS
Pek. Plafon Metal (JK)
PEK UG BITUM. PAINTING T= 250 UM (JK)
Pek. Perkuatan Struktur (JK)
Direksi keet struktur
Direksi keet atap
Pagar beton",2020012863,
2639,2020001933,VIOLETTA DEWI PANCAT,PROPOSED,"STEEL / FABRIKASI, ELEKTRIKAL, MEKANIKAL, STRUKTUR BETON / CONCRETE, FAÇADE / ARSITEKTUR, SAFETY / K3, LOGISTICS / TRANSPORT, PEKERJAAN SIPIL STRUCTURE",2020001933,NO_SAP
2640,2020011732,VISVA ANUGRAH AMARA,EXISTING_PRESERVED,"JALAN / PERKERASAN, PLUMBING / PIPA
Pekerjaan Perbaikan Jalan Eksisting
Pagar pengaman (Guard Railling)
Pembersihan Drainase",2020011732,
2641,2020003348,VOKSEL ELECTRIC,PROPOSED,TESTING / LABORATORY,2020003348,NO_SAP
2642,2020002653,WAAGNER BIRO INDONESIA,EXISTING_PRESERVED,"STEEL / FABRIKASI
Subkon Steel Box Girder
Subkon Pasang Gelagar Baja Persegi
Subkon Gelagar Baja Persegi",2020002653,
2643,2020013647,WADJA INTI MULIA PERSADA,EXISTING_PRESERVED,Tidak ditemukan kesamaan lingkup pekerjaan,2020013647,
2644,2020007606,WAHANA CIPTA BARAKALLAH,PROPOSED,"BORED PILE / PONDASI, MEKANIKAL, STRUKTUR BETON / CONCRETE, PEKERJAAN SIPIL STRUCTURE",2020007606,NO_SAP
2645,2020008661,WAHANA CITRA SEJATI,EXISTING_PRESERVED,Tidak ditemukan kesamaan lingkup pekerjaan,2020008661,
2646,2020007609,WAHANA MITRA AMERTA,EXISTING_PRESERVED,Tidak ditemukan kesamaan lingkup pekerjaan,2020007609,
2647,2020007610,WAHANA PERENCANA PERSADA,UNRESOLVED,,2020007610,NO_SAP
2648,2020011904,WAHANA PERENCANA PERSADA,UNRESOLVED,,2020011904,NO_SAP
2649,2020004400,AVER ASIA,PROPOSED,"EQUIPMENT / RENTAL, FAÇADE / ARSITEKTUR",2020004400,NO_SAP
2650,2020011892,WAHIR,PROPOSED,"BORED PILE / PONDASI, STRUKTUR BETON / CONCRETE, BEKISTING / FORMWORK, FAÇADE / ARSITEKTUR, MEKANIKAL, SAFETY / K3, PEKERJAAN TANAH / EARTHWORKS, LOGISTICS / TRANSPORT, BAHAN BANGUNAN, PEKERJAAN SIPIL STRUCTURE",2020011892,NO_SAP
2651,2020009266,WAHYU ALWI FEBRIAN,PROPOSED,"EQUIPMENT / RENTAL, JALAN / PERKERASAN, BAHAN BANGUNAN",2020009266,NO_SAP
2652,2020009274,WAHYU PRASETYA,PROPOSED,"FAÇADE / ARSITEKTUR, JALAN / PERKERASAN",2020009274,NO_SAP
2653,2020011438,WAHYU SATYO PRIBADI,PROPOSED,EQUIPMENT / RENTAL,2020011438,NO_SAP
2654,2020013590,PT. AVER ASIA,EXISTING_PRESERVED,"ELEKTRIKAL
Pemb.Genset 20 Kva",2020013590,
2655,2020009622,WAHYUDI,PROPOSED,"FAÇADE / ARSITEKTUR, JALAN / PERKERASAN, STRUKTUR BETON / CONCRETE",2020009622,NO_SAP
2656,2020006546,POWERBLOCK INDONESIA,PROPOSED,"BAHAN BANGUNAN, FAÇADE / ARSITEKTUR, STRUKTUR BETON / CONCRETE",2020006546,NO_SAP
2657,2020013162,WALEI TEKNIK PRATAMA,EXISTING_PRESERVED,Tidak ditemukan kesamaan lingkup pekerjaan,2020013162,
2658,2020011037,WALYANTO,PROPOSED,"BEKISTING / FORMWORK, STRUKTUR BETON / CONCRETE, PEKERJAAN SIPIL STRUCTURE",2020011037,NO_SAP
2659,2020013885,WARDIN GIAWA,PROPOSED,"STRUKTUR BETON / CONCRETE, BAHAN BANGUNAN, BORED PILE / PONDASI, STEEL / FABRIKASI, ELEKTRIKAL, MEKANIKAL, EQUIPMENT / RENTAL, FAÇADE / ARSITEKTUR, PEKERJAAN TANAH / EARTHWORKS, LOGISTICS / TRANSPORT, PEKERJAAN SIPIL STRUCTURE",2020013885,NO_SAP
2660,2020014601,PT. POWER BLOCK INDONESIA,EXISTING_PRESERVED,"BAHAN BANGUNAN
Bata Ringan Uk. 600x200x100 mm",2020014601,
2661,2020004647,CAHAYA MEGAH PERKASA,PROPOSED,"EQUIPMENT / RENTAL, BORED PILE / PONDASI, STRUKTUR BETON / CONCRETE, FAÇADE / ARSITEKTUR",2020004647,NO_SAP
2662,2020001961,WASKITA BETON PRECAST,PROPOSED,"STRUKTUR BETON / CONCRETE, BAHAN BANGUNAN",2020001961,NO_SAP
2663,2010000044,WASKITA KARYA (PERSERO) TBK,PROPOSED,"PLUMBING / PIPA, ELEKTRIKAL, MEKANIKAL, STRUKTUR BETON / CONCRETE, FAÇADE / ARSITEKTUR, PEKERJAAN SIPIL STRUCTURE",2010000044,NO_SAP
2664,2020012267,WAWAN EFFENDI,PROPOSED,SAFETY / K3,2020012267,NO_SAP
2665,2020007644,WEANA RUMIMPUNU,PROPOSED,"STRUKTUR BETON / CONCRETE, BAHAN BANGUNAN",2020007644,NO_SAP
2666,2020014195,WECON,PROPOSED,KONSULTAN PERENCANA,2020014195,NO_SAP
2667,2020012636,WEDHASMORO YUDHO PRAPTOMO,PROPOSED,"STRUKTUR BETON / CONCRETE, EQUIPMENT / RENTAL",2020012636,NO_SAP
2668,2020012475,WENDA NOVIYANTI,PROPOSED,"FAÇADE / ARSITEKTUR, EQUIPMENT / RENTAL, BEKISTING / FORMWORK, MEKANIKAL, PLUMBING / PIPA, ELEKTRIKAL, STRUKTUR BETON / CONCRETE, PEKERJAAN SIPIL STRUCTURE, FURNITURE PERMANEN ADM BLDG",2020012475,NO_SAP
2669,2020001965,WESA ANTAR NUSA,EXISTING_PRESERVED,"JALAN / PERKERASAN
Subkon Dilarang menggunakan bahu jalan k",2020001965,
2670,2020008857,WHOLESALE ELECTRIC ASIA INDONE,PROPOSED,"PLUMBING / PIPA, ELEKTRIKAL, MEKANIKAL",2020008857,NO_SAP
2671,2020013897,WHOLESALE ELECTRIC ASIA INDONE,PROPOSED,"ELEKTRIKAL, SAFETY / K3",2020013897,NO_SAP
2672,2020013301,WICHINDO PRATAMA,EXISTING_PRESERVED,Tidak ditemukan kesamaan lingkup pekerjaan,2020013301,
2673,2020011120,WIDJAJA TEKNIK UTAMA,PROPOSED,"MEKANIKAL, PLUMBING / PIPA",2020011120,NO_SAP
2674,2020014480,WIDO PURNOMO,PROPOSED,"BAHAN BANGUNAN, PEKERJAAN TANAH / EARTHWORKS, FAÇADE / ARSITEKTUR, BEKISTING / FORMWORK, PLUMBING / PIPA, STRUKTUR BETON / CONCRETE, BANGUNAN PENGAIRAN ( BENDUNG, IRIGASI, SUNGAI, PINTU AIR ), PEKERJAAN SIPIL STRUCTURE",2020014480,NO_SAP
2675,2020007365,TESTINDO,PROPOSED,TESTING / LABORATORY,2020007365,NO_SAP
2676,2020011154,WIDYA INOVASI INDONESIA,EXISTING_PRESERVED,Tidak ditemukan kesamaan lingkup pekerjaan,2020011154,
2677,2020012497,WIDYA SATRIA,PROPOSED,"PEKERJAAN SIPIL STRUCTURE, STEEL / FABRIKASI, PLUMBING / PIPA, ELEKTRIKAL, STRUKTUR BETON / CONCRETE, FAÇADE / ARSITEKTUR, JALAN / PERKERASAN, PEKERJAAN TANAH / EARTHWORKS, AGREGAT / BAHAN URUG, SAFETY / K3, BAHAN BANGUNAN",2020012497,NO_SAP
2678,2020010354,WIFGASINDO DINAMIKA INSTRUMENT,PROPOSED,"PLUMBING / PIPA, ELEKTRIKAL, MEKANIKAL",2020010354,NO_SAP
2679,2010000011,WIJAYA KARYA (PERSERO) TBK,PROPOSED,"PLUMBING / PIPA, ELEKTRIKAL, MEKANIKAL, STRUKTUR BETON / CONCRETE, FAÇADE / ARSITEKTUR, PEKERJAAN SIPIL STRUCTURE",2010000011,NO_SAP
2680,2020001971,WIJAYA KARYA BETON TBK.,EXISTING_PRESERVED,"BORED PILE / PONDASI, PRECAST / BETON PRACETAK, STRUKTUR BETON / CONCRETE
Pekerjaan Penambahan Stek Balok Pretensi
Subkon Pek. Precast Balok Incl Stressing
Square Pile uk. 300x300mm 7 M Bottom
Square Pile uk. 300x300mm 6 M Upper
Besi Beton Ulir
Slab, Pracetak - Beton K430
Tiang Pancang 30x30 cm, L = 6 m
Beton fc' 30 Mpa - SCC
Beton Readymix Fc 30 12±2 NFA
Beton Readymix BO 12±2 NFA
Beton Readymix Fc 30 18±2 NFA
Beton Readymix Fc 10 12±2 NFA
Besi Beton Polos
Beton Readymix Fc 25 12±2 NFA
Beton Readymix Fc 30 16±2 NFA",2020001971,
2681,2020003870,WIJAYA KARYA INDUSTRI & KONSTR,PROPOSED,"BORED PILE / PONDASI, PEKERJAAN TANAH / EARTHWORKS, BAHAN BANGUNAN",2020003870,NO_SAP
2682,2020012509,WIJAYA KARYA PRACETAK GEDUNG,PROPOSED,"ELEKTRIKAL, FAÇADE / ARSITEKTUR, PRECAST / BETON PRACETAK, STRUKTUR BETON / CONCRETE",2020012509,NO_SAP
2683,2020014586,WIJAYA KUSUMA KONSTRUKSI,EXISTING_PRESERVED,Tidak ditemukan kesamaan lingkup pekerjaan,2020014586,
2684,2020001388,WIKA BETON,PROPOSED,"BORED PILE / PONDASI, STRUKTUR BETON / CONCRETE, PRECAST / BETON PRACETAK",2020001388,NO_SAP
2685,2020011986,WILDAN GILANG,PROPOSED,FURNITURE PERMANEN ADM BLDG,2020011986,NO_SAP
2686,2020012597,WILLIAM TUNGGAWAN,PROPOSED,"MEKANIKAL, EQUIPMENT / RENTAL, STRUKTUR BETON / CONCRETE, FAÇADE / ARSITEKTUR, BAHAN BANGUNAN",2020012597,NO_SAP
2687,2020008927,WILLYANDY SARI,UNRESOLVED,,2020008927,NO_SAP
2688,2020012330,WINDRA PODUNGGE,PROPOSED,"FAÇADE / ARSITEKTUR, BAHAN BANGUNAN",2020012330,NO_SAP
2689,2020013254,WIRAHADI SAPUTRA JAYA,PROPOSED,"JALAN / PERKERASAN, PEKERJAAN TANAH / EARTHWORKS, BEKISTING / FORMWORK, BORED PILE / PONDASI, PLUMBING / PIPA, ELEKTRIKAL, MEKANIKAL, EQUIPMENT / RENTAL, STRUKTUR BETON / CONCRETE, FAÇADE / ARSITEKTUR, LANDSCAPING, AGREGAT / BAHAN URUG, STP (SEWAGE, TREATMENT PLANT) & WTP (WATER TREATMENT PLANT), LOGISTICS / TRANSPORT, BAHAN BANGUNAN, PEKERJAAN SIPIL STRUCTURE",2020013254,NO_SAP
2690,2020013350,WISANGGENI MANDIRI UTAMA,EXISTING_PRESERVED,Sirtu,2020013350,
2691,2020009993,WISESA RAKHA PRATAMA,UNRESOLVED,,2020009993,NO_SAP
2692,2020008862,WISMA PARAMASIDDHA,PROPOSED,FAÇADE / ARSITEKTUR,2020008862,NO_SAP
2693,2020015978,WULAN BERKAH ABADI,EXISTING_PRESERVED,Tidak ditemukan kesamaan lingkup pekerjaan,2020015978,
2694,2020011776,WULAN MAHARANI,UNRESOLVED,,2020011776,NO_SAP
2695,2020015772,YAHMAN,PROPOSED,"MEKANIKAL, STRUKTUR BETON / CONCRETE, FAÇADE / ARSITEKTUR, PEKERJAAN TANAH / EARTHWORKS, LOGISTICS / TRANSPORT, BAHAN BANGUNAN, PEKERJAAN SIPIL STRUCTURE",2020015772,NO_SAP
2696,2020009877,YAMIKA,PROPOSED,PEKERJAAN TANAH / EARTHWORKS,2020009877,NO_SAP
2697,2020010434,YANI ANDAYANI,PROPOSED,"EQUIPMENT / RENTAL, PEKERJAAN TANAH / EARTHWORKS, AGREGAT / BAHAN URUG, BAHAN BANGUNAN",2020010434,NO_SAP
2698,2020007697,YANTO,PROPOSED,BORED PILE / PONDASI,2020007697,NO_SAP
2699,2020007698,YASIR PRATIKNO,UNRESOLVED,,2020007698,NO_SAP
2700,2020014451,YASKA ANUGERAH PERSADA,EXISTING_PRESERVED,Tidak ditemukan kesamaan lingkup pekerjaan,2020014451,
2701,2020008465,YASSICA ZABULANDANI,PROPOSED,"PLUMBING / PIPA, EQUIPMENT / RENTAL, STRUKTUR BETON / CONCRETE, PEKERJAAN TANAH / EARTHWORKS, AGREGAT / BAHAN URUG, PEKERJAAN SIPIL STRUCTURE",2020008465,NO_SAP
2702,2020013688,YATIN,PROPOSED,"STRUKTUR BETON / CONCRETE, FAÇADE / ARSITEKTUR, LANDSCAPING, BAHAN BANGUNAN, PEKERJAAN SIPIL STRUCTURE",2020013688,NO_SAP
2703,2020013707,YATIN,PROPOSED,FAÇADE / ARSITEKTUR,2020013707,NO_SAP
2704,2020013972,YAYAN PANUA,PROPOSED,"STEEL / FABRIKASI, PLUMBING / PIPA, ELEKTRIKAL, MEKANIKAL, STRUKTUR BETON / CONCRETE, FAÇADE / ARSITEKTUR, PEKERJAAN TANAH / EARTHWORKS, BAHAN BANGUNAN, PEKERJAAN SIPIL STRUCTURE, FURNITURE PERMANEN ADM BLDG",2020013972,NO_SAP
2705,2020007703,YAYASAN PENDIDIKAN&PEMBINAAN M,UNRESOLVED,,2020007703,NO_SAP
2706,2020009650,YETNO AMPAT SATU,PROPOSED,"EQUIPMENT / RENTAL, FAÇADE / ARSITEKTUR, BAHAN BANGUNAN",2020009650,NO_SAP
2707,2020007707,YODA PRIMA TEKNIK,PROPOSED,"FAÇADE / ARSITEKTUR, GEOTEXTILE / GEOGRID / VERTICAL DRAIN",2020007707,NO_SAP
2708,2010000045,YODYA KARYA (PERSERO),UNRESOLVED,,2010000045,NO_SAP
2709,2020013115,YOEWONO JAYA MANDIRI,EXISTING_PRESERVED,Tidak ditemukan kesamaan lingkup pekerjaan,2020013115,
2710,2020010889,YONITA TJUATJA,PROPOSED,"TESTING / LABORATORY, LOGISTICS / TRANSPORT",2020010889,NO_SAP
2711,2020012065,YOPIE FIRDAUS,PROPOSED,LOGISTICS / TRANSPORT,2020012065,NO_SAP
2712,2020007714,YOYO SUTEJO,PROPOSED,"FAÇADE / ARSITEKTUR, STRUKTUR BETON / CONCRETE, BAHAN BANGUNAN, MEKANIKAL, BEKISTING / FORMWORK, FURNITURE PERMANEN ADM BLDG, STEEL / FABRIKASI, PEKERJAAN TANAH / EARTHWORKS, ELEKTRIKAL, JALAN / PERKERASAN, LOGISTICS / TRANSPORT, PEKERJAAN SIPIL STRUCTURE",2020007714,NO_SAP
2713,2020012446,YOYO WARSO,PROPOSED,LANDSCAPING,2020012446,NO_SAP
2714,2020009638,YUAN HARI CAHYONO,PROPOSED,"BORED PILE / PONDASI, PEKERJAAN TANAH / EARTHWORKS, STRUKTUR BETON / CONCRETE, STEEL / FABRIKASI, LOGISTICS / TRANSPORT, BAHAN BANGUNAN, PEKERJAAN SIPIL STRUCTURE",2020009638,NO_SAP
2715,2020013952,YUDITH RINTY,PROPOSED,"EQUIPMENT / RENTAL, PRECAST / BETON PRACETAK, FAÇADE / ARSITEKTUR",2020013952,NO_SAP
2716,2020011472,YULIUS SURYONO,PROPOSED,"EQUIPMENT / RENTAL, BEKISTING / FORMWORK, BORED PILE / PONDASI, MEKANIKAL, STRUKTUR BETON / CONCRETE, FAÇADE / ARSITEKTUR, SAFETY / K3, BAHAN BANGUNAN, PEKERJAAN SIPIL STRUCTURE, FURNITURE PERMANEN ADM BLDG",2020011472,NO_SAP
2717,2020014241,YUNIYANTO,UNRESOLVED,,2020014241,NO_SAP
2718,2020012511,YUTAN KONSULTAN HUKUM,UNRESOLVED,,2020012511,NO_SAP
2719,2020007730,YUYUN SULISTYAWATI,PROPOSED,"MEKANIKAL, EQUIPMENT / RENTAL",2020007730,NO_SAP
2720,2020007731,ZAENAL,PROPOSED,"STRUKTUR BETON / CONCRETE, JALAN / PERKERASAN, PEKERJAAN TANAH / EARTHWORKS, BORED PILE / PONDASI, STEEL / FABRIKASI, PLUMBING / PIPA, ELEKTRIKAL, MEKANIKAL, EQUIPMENT / RENTAL, PRECAST / BETON PRACETAK, FAÇADE / ARSITEKTUR, LANDSCAPING, STP (SEWAGE, TREATMENT PLANT) & WTP (WATER TREATMENT PLANT), SAFETY / K3, LOGISTICS / TRANSPORT, BAHAN BANGUNAN, PEKERJAAN SIPIL STRUCTURE",2020007731,NO_SAP
2721,2020014619,ZAFINA KONTRUKSI,EXISTING_PRESERVED,Tidak ditemukan kesamaan lingkup pekerjaan,2020014619,
2722,2020013656,ZAINUL HARISMAN,PROPOSED,"STRUKTUR BETON / CONCRETE, JALAN / PERKERASAN, AGREGAT / BAHAN URUG, PEKERJAAN SIPIL STRUCTURE",2020013656,NO_SAP
2723,2020008045,ZAKARIA,PROPOSED,EQUIPMENT / RENTAL,2020008045,NO_SAP
2724,2020008317,BETON ELEMENINDO PERKASA,PROPOSED,BORED PILE / PONDASI,2020008317,NO_SAP
2725,2020012009,ZEHID,PROPOSED,"PLUMBING / PIPA, AGREGAT / BAHAN URUG",2020012009,NO_SAP
2726,2020010783,ZETAFAST INTI GALVANIS,PROPOSED,LOGISTICS / TRANSPORT,2020010783,NO_SAP
2727,2020011819,ZETH SIDALLE,PROPOSED,"EQUIPMENT / RENTAL, IT / TELECOM, PEKERJAAN TANAH / EARTHWORKS, SAFETY / K3, JALAN / PERKERASAN, LOGISTICS / TRANSPORT, FURNITURE PERMANEN ADM BLDG",2020011819,NO_SAP
2728,2020007741,ZETTA HARMONY INTEGRASI,PROPOSED,"IT / TELECOM, MEKANIKAL, FURNITURE PERMANEN ADM BLDG",2020007741,NO_SAP
2729,2020012436,ZIKRULLAH AND PARTNERS LAW FIR,PROPOSED,LEGAL / CORPORATE,2020012436,NO_SAP
2730,2020010927,ZOOM INFOTEK TELESINDO,PROPOSED,"PLUMBING / PIPA, ELEKTRIKAL, MEKANIKAL",2020010927,NO_SAP
2731,2020010929,PT.SHAFIRA PRATAMA KHARISMA AB,PROPOSED,"PLUMBING / PIPA, FAÇADE / ARSITEKTUR, JALAN / PERKERASAN",2020010929,NO_SAP
2732,2020007749,ZULFIKAR,PROPOSED,AGREGAT / BAHAN URUG,2020007749,NO_SAP
2733,2020012337,ZULFIKRI,PROPOSED,"STEEL / FABRIKASI, FAÇADE / ARSITEKTUR",2020012337,NO_SAP
2734,2020012283,ZULHAJRI,PROPOSED,"STP (SEWAGE, TREATMENT PLANT) & WTP (WATER TREATMENT PLANT)",2020012283,NO_SAP
2735,2020002580,ZULIN,EXISTING_PRESERVED,"BEKISTING / FORMWORK
Bekisting Plat",2020002580,
2736,2020007750,"ZULIN,PT",PROPOSED,"BEKISTING / FORMWORK, EQUIPMENT / RENTAL, STRUKTUR BETON / CONCRETE, BAHAN BANGUNAN, PEKERJAAN SIPIL STRUCTURE",2020007750,NO_SAP
